window_idx,start_sample_idx,subject_id,true_label,pred_label,branch,seed
0,1984,S14,0,5,trtr,2026
1,2048,S14,0,5,trtr,2026
2,2112,S14,0,5,trtr,2026
3,2176,S14,0,5,trtr,2026
4,2240,S14,0,5,trtr,2026
5,2304,S14,0,5,trtr,2026
6,2368,S14,0,0,trtr,2026
7,2432,S14,0,5,trtr,2026
8,2496,S14,0,5,trtr,2026
9,2560,S14,0,2,trtr,2026
10,2624,S14,0,5,trtr,2026
11,2688,S14,0,5,trtr,2026
12,2752,S14,0,5,trtr,2026
13,2816,S14,0,5,trtr,2026
14,2880,S14,0,0,trtr,2026
15,2944,S14,0,7,trtr,2026
16,3008,S14,0,4,trtr,2026
17,3072,S14,0,5,trtr,2026
18,3136,S14,0,4,trtr,2026
19,3200,S14,0,5,trtr,2026
20,3264,S14,0,7,trtr,2026
21,3328,S14,0,0,trtr,2026
22,3392,S14,0,5,trtr,2026
23,3456,S14,0,5,trtr,2026
24,3520,S14,0,5,trtr,2026
25,3584,S14,0,5,trtr,2026
26,3648,S14,0,5,trtr,2026
27,3712,S14,0,5,trtr,2026
28,3776,S14,0,0,trtr,2026
29,3840,S14,0,5,trtr,2026
30,3904,S14,0,5,trtr,2026
31,3968,S14,0,4,trtr,2026
32,4032,S14,0,0,trtr,2026
33,4096,S14,0,5,trtr,2026
34,4160,S14,0,5,trtr,2026
35,4224,S14,0,5,trtr,2026
36,4288,S14,0,5,trtr,2026
37,4352,S14,0,5,trtr,2026
38,4416,S14,0,5,trtr,2026
39,4480,S14,0,5,trtr,2026
40,4544,S14,0,0,trtr,2026
41,4608,S14,0,5,trtr,2026
42,4672,S14,0,5,trtr,2026
43,4736,S14,0,0,trtr,2026
44,4800,S14,0,5,trtr,2026
45,4864,S14,0,4,trtr,2026
46,4928,S14,0,5,trtr,2026
47,4992,S14,0,5,trtr,2026
48,5056,S14,0,5,trtr,2026
49,5120,S14,0,5,trtr,2026
50,5184,S14,0,7,trtr,2026
51,5248,S14,0,5,trtr,2026
52,5312,S14,0,7,trtr,2026
53,5376,S14,0,0,trtr,2026
54,5440,S14,0,5,trtr,2026
55,5504,S14,0,5,trtr,2026
56,5568,S14,0,5,trtr,2026
57,5632,S14,0,4,trtr,2026
58,5696,S14,0,5,trtr,2026
59,5760,S14,0,5,trtr,2026
60,5824,S14,0,5,trtr,2026
61,5888,S14,0,5,trtr,2026
62,5952,S14,0,5,trtr,2026
63,6016,S14,0,5,trtr,2026
64,6080,S14,0,5,trtr,2026
65,6144,S14,0,5,trtr,2026
66,6208,S14,0,5,trtr,2026
67,6272,S14,0,5,trtr,2026
68,6336,S14,0,5,trtr,2026
69,6400,S14,0,0,trtr,2026
70,6464,S14,0,7,trtr,2026
71,6528,S14,0,5,trtr,2026
72,6592,S14,0,2,trtr,2026
73,6656,S14,0,5,trtr,2026
74,6720,S14,0,7,trtr,2026
75,6784,S14,0,5,trtr,2026
76,6848,S14,0,0,trtr,2026
77,6912,S14,0,5,trtr,2026
78,6976,S14,0,5,trtr,2026
79,7040,S14,0,5,trtr,2026
80,7104,S14,0,7,trtr,2026
81,7168,S14,0,2,trtr,2026
82,7232,S14,0,5,trtr,2026
83,7296,S14,0,5,trtr,2026
84,7360,S14,0,5,trtr,2026
85,7424,S14,0,5,trtr,2026
86,7488,S14,0,5,trtr,2026
87,7552,S14,0,5,trtr,2026
88,7616,S14,0,5,trtr,2026
89,7680,S14,0,4,trtr,2026
90,7744,S14,0,5,trtr,2026
91,7808,S14,0,5,trtr,2026
92,7872,S14,0,5,trtr,2026
93,7936,S14,0,5,trtr,2026
94,8000,S14,0,5,trtr,2026
95,8064,S14,0,5,trtr,2026
96,8128,S14,0,5,trtr,2026
97,8192,S14,0,0,trtr,2026
98,8256,S14,0,2,trtr,2026
99,8320,S14,0,7,trtr,2026
100,8384,S14,0,5,trtr,2026
101,8448,S14,0,5,trtr,2026
102,8512,S14,0,5,trtr,2026
103,8576,S14,0,0,trtr,2026
104,8640,S14,0,5,trtr,2026
105,8704,S14,0,5,trtr,2026
106,8768,S14,0,5,trtr,2026
107,8832,S14,0,5,trtr,2026
108,8896,S14,0,5,trtr,2026
109,8960,S14,0,5,trtr,2026
110,9024,S14,0,5,trtr,2026
111,9088,S14,0,0,trtr,2026
112,9152,S14,0,5,trtr,2026
113,9216,S14,0,7,trtr,2026
114,9280,S14,0,5,trtr,2026
115,9344,S14,0,5,trtr,2026
116,9408,S14,0,7,trtr,2026
117,9472,S14,0,7,trtr,2026
118,9536,S14,0,5,trtr,2026
119,9600,S14,0,5,trtr,2026
120,9664,S14,0,0,trtr,2026
121,9728,S14,0,5,trtr,2026
122,9792,S14,0,5,trtr,2026
123,9856,S14,0,7,trtr,2026
124,9920,S14,0,5,trtr,2026
125,9984,S14,0,5,trtr,2026
126,10048,S14,0,5,trtr,2026
127,10112,S14,0,5,trtr,2026
128,10176,S14,0,5,trtr,2026
129,10240,S14,0,5,trtr,2026
130,10304,S14,0,0,trtr,2026
131,10368,S14,0,5,trtr,2026
132,10432,S14,0,5,trtr,2026
133,10496,S14,0,4,trtr,2026
134,10560,S14,0,4,trtr,2026
135,10624,S14,0,4,trtr,2026
136,10688,S14,0,5,trtr,2026
137,10752,S14,0,7,trtr,2026
138,10816,S14,0,0,trtr,2026
139,10880,S14,0,5,trtr,2026
140,10944,S14,0,4,trtr,2026
141,11008,S14,0,7,trtr,2026
142,11072,S14,0,5,trtr,2026
143,11136,S14,0,4,trtr,2026
144,11200,S14,0,0,trtr,2026
145,11264,S14,0,5,trtr,2026
146,11328,S14,0,5,trtr,2026
147,11392,S14,0,0,trtr,2026
148,11456,S14,0,2,trtr,2026
149,11520,S14,0,5,trtr,2026
150,11584,S14,0,5,trtr,2026
151,11648,S14,0,5,trtr,2026
152,11712,S14,0,5,trtr,2026
153,11776,S14,0,0,trtr,2026
154,11840,S14,0,5,trtr,2026
155,11904,S14,0,5,trtr,2026
156,11968,S14,0,5,trtr,2026
157,12032,S14,0,5,trtr,2026
158,12096,S14,0,5,trtr,2026
159,12160,S14,0,5,trtr,2026
160,12224,S14,0,5,trtr,2026
161,12288,S14,0,5,trtr,2026
162,12352,S14,0,5,trtr,2026
163,12416,S14,0,5,trtr,2026
164,12480,S14,0,4,trtr,2026
165,12544,S14,0,5,trtr,2026
166,12608,S14,0,5,trtr,2026
167,12672,S14,0,5,trtr,2026
168,12736,S14,0,5,trtr,2026
169,12800,S14,0,5,trtr,2026
170,12864,S14,0,5,trtr,2026
171,12928,S14,0,5,trtr,2026
172,12992,S14,0,5,trtr,2026
173,13056,S14,0,5,trtr,2026
174,13120,S14,0,7,trtr,2026
175,13184,S14,0,4,trtr,2026
176,13248,S14,0,5,trtr,2026
177,13312,S14,0,5,trtr,2026
178,13376,S14,0,5,trtr,2026
179,13440,S14,0,0,trtr,2026
180,13504,S14,0,0,trtr,2026
181,13568,S14,0,4,trtr,2026
182,13632,S14,0,0,trtr,2026
183,13696,S14,0,5,trtr,2026
184,13760,S14,0,5,trtr,2026
185,13824,S14,0,5,trtr,2026
186,13888,S14,0,7,trtr,2026
187,13952,S14,0,5,trtr,2026
188,14016,S14,0,5,trtr,2026
189,14080,S14,0,4,trtr,2026
190,14144,S14,0,5,trtr,2026
191,14208,S14,0,4,trtr,2026
192,14272,S14,0,5,trtr,2026
193,14336,S14,0,5,trtr,2026
194,14400,S14,0,0,trtr,2026
195,14464,S14,0,5,trtr,2026
196,14528,S14,0,5,trtr,2026
197,14592,S14,0,5,trtr,2026
198,14656,S14,0,5,trtr,2026
199,14720,S14,0,5,trtr,2026
200,14784,S14,0,5,trtr,2026
201,14848,S14,0,5,trtr,2026
202,14912,S14,0,7,trtr,2026
203,14976,S14,0,4,trtr,2026
204,15040,S14,0,5,trtr,2026
205,15104,S14,0,5,trtr,2026
206,15168,S14,0,4,trtr,2026
207,15232,S14,0,5,trtr,2026
208,15296,S14,0,5,trtr,2026
209,15360,S14,0,5,trtr,2026
210,15424,S14,0,5,trtr,2026
211,15488,S14,0,4,trtr,2026
212,15552,S14,0,5,trtr,2026
213,15616,S14,0,4,trtr,2026
214,15680,S14,0,4,trtr,2026
215,15744,S14,0,4,trtr,2026
216,15808,S14,0,5,trtr,2026
217,15872,S14,0,5,trtr,2026
218,15936,S14,0,4,trtr,2026
219,16000,S14,0,4,trtr,2026
220,16064,S14,0,5,trtr,2026
221,16128,S14,0,5,trtr,2026
222,16192,S14,0,5,trtr,2026
223,16256,S14,0,5,trtr,2026
224,16320,S14,0,5,trtr,2026
225,16384,S14,0,4,trtr,2026
226,16448,S14,0,7,trtr,2026
227,16512,S14,0,4,trtr,2026
228,16576,S14,0,5,trtr,2026
229,16640,S14,0,5,trtr,2026
230,16704,S14,0,7,trtr,2026
231,16768,S14,0,4,trtr,2026
232,16832,S14,0,5,trtr,2026
233,16896,S14,0,5,trtr,2026
234,16960,S14,0,5,trtr,2026
235,17024,S14,0,5,trtr,2026
236,17088,S14,0,5,trtr,2026
237,17152,S14,0,4,trtr,2026
238,17216,S14,0,7,trtr,2026
239,17280,S14,0,4,trtr,2026
240,17344,S14,0,5,trtr,2026
241,17408,S14,0,5,trtr,2026
242,17472,S14,0,5,trtr,2026
243,17536,S14,0,7,trtr,2026
244,17600,S14,0,4,trtr,2026
245,17664,S14,0,7,trtr,2026
246,17728,S14,0,5,trtr,2026
247,17792,S14,0,5,trtr,2026
248,17856,S14,0,5,trtr,2026
249,17920,S14,0,5,trtr,2026
250,17984,S14,0,4,trtr,2026
251,18048,S14,0,2,trtr,2026
252,18112,S14,0,5,trtr,2026
253,18176,S14,0,5,trtr,2026
254,18240,S14,0,4,trtr,2026
255,18304,S14,0,4,trtr,2026
256,18368,S14,0,4,trtr,2026
257,18432,S14,0,5,trtr,2026
258,18496,S14,0,5,trtr,2026
259,18560,S14,0,7,trtr,2026
260,18624,S14,0,0,trtr,2026
261,18688,S14,0,5,trtr,2026
262,18752,S14,0,5,trtr,2026
263,18816,S14,0,5,trtr,2026
264,18880,S14,0,5,trtr,2026
265,18944,S14,0,0,trtr,2026
266,19008,S14,0,5,trtr,2026
267,19072,S14,0,5,trtr,2026
268,19136,S14,0,5,trtr,2026
269,19200,S14,0,5,trtr,2026
270,19264,S14,0,5,trtr,2026
271,19328,S14,0,4,trtr,2026
272,19392,S14,0,5,trtr,2026
273,19456,S14,0,7,trtr,2026
274,19520,S14,0,5,trtr,2026
275,19584,S14,0,0,trtr,2026
276,19648,S14,0,5,trtr,2026
277,19712,S14,0,5,trtr,2026
278,19776,S14,0,4,trtr,2026
279,19840,S14,0,0,trtr,2026
280,19904,S14,0,4,trtr,2026
281,19968,S14,0,5,trtr,2026
282,20032,S14,0,5,trtr,2026
283,20096,S14,0,5,trtr,2026
284,20160,S14,0,7,trtr,2026
285,20224,S14,0,5,trtr,2026
286,20288,S14,0,0,trtr,2026
287,20352,S14,0,0,trtr,2026
288,20416,S14,0,5,trtr,2026
289,20480,S14,0,5,trtr,2026
290,20544,S14,0,7,trtr,2026
291,20608,S14,0,7,trtr,2026
292,20672,S14,0,7,trtr,2026
293,20736,S14,0,2,trtr,2026
294,20800,S14,0,7,trtr,2026
295,20864,S14,0,0,trtr,2026
296,20928,S14,0,4,trtr,2026
297,20992,S14,0,5,trtr,2026
298,21056,S14,0,5,trtr,2026
299,21120,S14,0,7,trtr,2026
300,21184,S14,0,5,trtr,2026
301,21248,S14,0,5,trtr,2026
302,21312,S14,0,5,trtr,2026
303,26048,S14,1,6,trtr,2026
304,26112,S14,1,5,trtr,2026
305,26176,S14,1,1,trtr,2026
306,26240,S14,1,7,trtr,2026
307,26304,S14,1,4,trtr,2026
308,26368,S14,1,0,trtr,2026
309,26432,S14,1,1,trtr,2026
310,26496,S14,1,5,trtr,2026
311,26560,S14,1,1,trtr,2026
312,26624,S14,1,5,trtr,2026
313,26688,S14,1,1,trtr,2026
314,26752,S14,1,6,trtr,2026
315,26816,S14,1,5,trtr,2026
316,26880,S14,1,1,trtr,2026
317,26944,S14,1,5,trtr,2026
318,27008,S14,1,1,trtr,2026
319,27072,S14,1,1,trtr,2026
320,27136,S14,1,5,trtr,2026
321,27200,S14,1,1,trtr,2026
322,27264,S14,1,1,trtr,2026
323,27328,S14,1,5,trtr,2026
324,27392,S14,1,5,trtr,2026
325,27456,S14,1,6,trtr,2026
326,27520,S14,1,1,trtr,2026
327,27584,S14,1,1,trtr,2026
328,27648,S14,1,1,trtr,2026
329,27712,S14,1,5,trtr,2026
330,27776,S14,1,5,trtr,2026
331,27840,S14,1,1,trtr,2026
332,27904,S14,1,5,trtr,2026
333,27968,S14,1,1,trtr,2026
334,28032,S14,1,6,trtr,2026
335,28096,S14,1,5,trtr,2026
336,28160,S14,1,0,trtr,2026
337,28224,S14,1,1,trtr,2026
338,28288,S14,1,5,trtr,2026
339,28352,S14,1,5,trtr,2026
340,28416,S14,1,5,trtr,2026
341,28480,S14,1,5,trtr,2026
342,28544,S14,1,6,trtr,2026
343,28608,S14,1,5,trtr,2026
344,28672,S14,1,1,trtr,2026
345,28736,S14,1,6,trtr,2026
346,28800,S14,1,5,trtr,2026
347,28864,S14,1,5,trtr,2026
348,28928,S14,1,1,trtr,2026
349,28992,S14,1,5,trtr,2026
350,29056,S14,1,1,trtr,2026
351,29120,S14,1,5,trtr,2026
352,29184,S14,1,5,trtr,2026
353,29248,S14,1,1,trtr,2026
354,29312,S14,1,5,trtr,2026
355,29376,S14,1,5,trtr,2026
356,29440,S14,1,1,trtr,2026
357,29504,S14,1,6,trtr,2026
358,29568,S14,1,5,trtr,2026
359,29632,S14,1,1,trtr,2026
360,29696,S14,1,1,trtr,2026
361,29760,S14,1,0,trtr,2026
362,29824,S14,1,5,trtr,2026
363,29888,S14,1,1,trtr,2026
364,29952,S14,1,1,trtr,2026
365,30016,S14,1,6,trtr,2026
366,30080,S14,1,6,trtr,2026
367,30144,S14,1,6,trtr,2026
368,30208,S14,1,1,trtr,2026
369,30272,S14,1,5,trtr,2026
370,30336,S14,1,6,trtr,2026
371,30400,S14,1,1,trtr,2026
372,30464,S14,1,5,trtr,2026
373,30528,S14,1,6,trtr,2026
374,30592,S14,1,5,trtr,2026
375,30656,S14,1,6,trtr,2026
376,30720,S14,1,1,trtr,2026
377,30784,S14,1,5,trtr,2026
378,30848,S14,1,0,trtr,2026
379,30912,S14,1,5,trtr,2026
380,30976,S14,1,5,trtr,2026
381,31040,S14,1,1,trtr,2026
382,31104,S14,1,5,trtr,2026
383,31168,S14,1,5,trtr,2026
384,31232,S14,1,7,trtr,2026
385,31296,S14,1,1,trtr,2026
386,31360,S14,1,5,trtr,2026
387,31424,S14,1,5,trtr,2026
388,31488,S14,1,5,trtr,2026
389,31552,S14,1,1,trtr,2026
390,31616,S14,1,5,trtr,2026
391,31680,S14,1,5,trtr,2026
392,31744,S14,1,5,trtr,2026
393,31808,S14,1,1,trtr,2026
394,31872,S14,1,5,trtr,2026
395,31936,S14,1,5,trtr,2026
396,32000,S14,1,6,trtr,2026
397,32064,S14,1,1,trtr,2026
398,32128,S14,1,5,trtr,2026
399,32192,S14,1,5,trtr,2026
400,32256,S14,1,5,trtr,2026
401,32320,S14,1,5,trtr,2026
402,32384,S14,1,1,trtr,2026
403,32448,S14,1,1,trtr,2026
404,32512,S14,1,5,trtr,2026
405,32576,S14,1,1,trtr,2026
406,32640,S14,1,1,trtr,2026
407,32704,S14,1,1,trtr,2026
408,32768,S14,1,6,trtr,2026
409,32832,S14,1,1,trtr,2026
410,32896,S14,1,1,trtr,2026
411,32960,S14,1,1,trtr,2026
412,33024,S14,1,1,trtr,2026
413,33088,S14,1,5,trtr,2026
414,33152,S14,1,6,trtr,2026
415,33216,S14,1,6,trtr,2026
416,33280,S14,1,5,trtr,2026
417,33344,S14,1,5,trtr,2026
418,33408,S14,1,1,trtr,2026
419,33472,S14,1,5,trtr,2026
420,33536,S14,1,1,trtr,2026
421,33600,S14,1,1,trtr,2026
422,33664,S14,1,1,trtr,2026
423,33728,S14,1,5,trtr,2026
424,33792,S14,1,1,trtr,2026
425,33856,S14,1,1,trtr,2026
426,33920,S14,1,5,trtr,2026
427,33984,S14,1,7,trtr,2026
428,34048,S14,1,0,trtr,2026
429,34112,S14,1,2,trtr,2026
430,34176,S14,1,1,trtr,2026
431,34240,S14,1,1,trtr,2026
432,34304,S14,1,5,trtr,2026
433,34368,S14,1,1,trtr,2026
434,34432,S14,1,5,trtr,2026
435,34496,S14,1,5,trtr,2026
436,34560,S14,1,6,trtr,2026
437,34624,S14,1,0,trtr,2026
438,34688,S14,1,5,trtr,2026
439,34752,S14,1,5,trtr,2026
440,34816,S14,1,1,trtr,2026
441,34880,S14,1,1,trtr,2026
442,34944,S14,1,5,trtr,2026
443,35008,S14,1,1,trtr,2026
444,35072,S14,1,5,trtr,2026
445,35136,S14,1,5,trtr,2026
446,35200,S14,1,5,trtr,2026
447,35264,S14,1,6,trtr,2026
448,35328,S14,1,5,trtr,2026
449,35392,S14,1,2,trtr,2026
450,35456,S14,1,1,trtr,2026
451,35520,S14,1,5,trtr,2026
452,35584,S14,1,6,trtr,2026
453,35648,S14,1,0,trtr,2026
454,35712,S14,1,0,trtr,2026
455,35776,S14,1,1,trtr,2026
456,35840,S14,1,1,trtr,2026
457,35904,S14,1,5,trtr,2026
458,35968,S14,1,6,trtr,2026
459,36032,S14,1,6,trtr,2026
460,36096,S14,1,1,trtr,2026
461,36160,S14,1,6,trtr,2026
462,36224,S14,1,7,trtr,2026
463,36288,S14,1,5,trtr,2026
464,36352,S14,1,1,trtr,2026
465,36416,S14,1,6,trtr,2026
466,36480,S14,1,5,trtr,2026
467,36544,S14,1,1,trtr,2026
468,36608,S14,1,6,trtr,2026
469,36672,S14,1,1,trtr,2026
470,36736,S14,1,5,trtr,2026
471,36800,S14,1,1,trtr,2026
472,36864,S14,1,6,trtr,2026
473,36928,S14,1,1,trtr,2026
474,36992,S14,1,1,trtr,2026
475,37056,S14,1,1,trtr,2026
476,37120,S14,1,5,trtr,2026
477,37184,S14,1,5,trtr,2026
478,37248,S14,1,5,trtr,2026
479,37312,S14,1,2,trtr,2026
480,37376,S14,1,1,trtr,2026
481,37440,S14,1,5,trtr,2026
482,37504,S14,1,6,trtr,2026
483,37568,S14,1,6,trtr,2026
484,37632,S14,1,5,trtr,2026
485,37696,S14,1,6,trtr,2026
486,37760,S14,1,6,trtr,2026
487,37824,S14,1,5,trtr,2026
488,37888,S14,1,6,trtr,2026
489,37952,S14,1,5,trtr,2026
490,38016,S14,1,1,trtr,2026
491,38080,S14,1,5,trtr,2026
492,38144,S14,1,1,trtr,2026
493,38208,S14,1,6,trtr,2026
494,38272,S14,1,1,trtr,2026
495,38336,S14,1,5,trtr,2026
496,38400,S14,1,5,trtr,2026
497,38464,S14,1,5,trtr,2026
498,38528,S14,1,1,trtr,2026
499,38592,S14,1,5,trtr,2026
500,38656,S14,1,1,trtr,2026
501,38720,S14,1,5,trtr,2026
502,38784,S14,1,5,trtr,2026
503,38848,S14,1,5,trtr,2026
504,38912,S14,1,6,trtr,2026
505,38976,S14,1,1,trtr,2026
506,39040,S14,1,5,trtr,2026
507,39104,S14,1,1,trtr,2026
508,39168,S14,1,5,trtr,2026
509,39232,S14,1,1,trtr,2026
510,39296,S14,1,1,trtr,2026
511,39360,S14,1,5,trtr,2026
512,39424,S14,1,1,trtr,2026
513,39488,S14,1,5,trtr,2026
514,39552,S14,1,5,trtr,2026
515,39616,S14,1,1,trtr,2026
516,39680,S14,1,6,trtr,2026
517,39744,S14,1,2,trtr,2026
518,39808,S14,1,5,trtr,2026
519,39872,S14,1,5,trtr,2026
520,39936,S14,1,5,trtr,2026
521,40000,S14,1,1,trtr,2026
522,40064,S14,1,5,trtr,2026
523,40128,S14,1,1,trtr,2026
524,40192,S14,1,5,trtr,2026
525,40256,S14,1,1,trtr,2026
526,40320,S14,1,6,trtr,2026
527,40384,S14,1,5,trtr,2026
528,40448,S14,1,1,trtr,2026
529,40512,S14,1,5,trtr,2026
530,44800,S14,2,4,trtr,2026
531,44864,S14,2,5,trtr,2026
532,44928,S14,2,5,trtr,2026
533,44992,S14,2,5,trtr,2026
534,45056,S14,2,5,trtr,2026
535,45120,S14,2,5,trtr,2026
536,45184,S14,2,5,trtr,2026
537,45248,S14,2,5,trtr,2026
538,45312,S14,2,2,trtr,2026
539,45376,S14,2,5,trtr,2026
540,45440,S14,2,5,trtr,2026
541,45504,S14,2,5,trtr,2026
542,45568,S14,2,5,trtr,2026
543,45632,S14,2,5,trtr,2026
544,45696,S14,2,5,trtr,2026
545,45760,S14,2,5,trtr,2026
546,45824,S14,2,5,trtr,2026
547,45888,S14,2,5,trtr,2026
548,45952,S14,2,5,trtr,2026
549,46016,S14,2,7,trtr,2026
550,46080,S14,2,2,trtr,2026
551,46144,S14,2,5,trtr,2026
552,46208,S14,2,2,trtr,2026
553,46272,S14,2,5,trtr,2026
554,46336,S14,2,5,trtr,2026
555,46400,S14,2,5,trtr,2026
556,46464,S14,2,5,trtr,2026
557,46528,S14,2,5,trtr,2026
558,46592,S14,2,2,trtr,2026
559,46656,S14,2,5,trtr,2026
560,46720,S14,2,5,trtr,2026
561,46784,S14,2,5,trtr,2026
562,46848,S14,2,5,trtr,2026
563,46912,S14,2,5,trtr,2026
564,46976,S14,2,5,trtr,2026
565,47040,S14,2,5,trtr,2026
566,47104,S14,2,5,trtr,2026
567,47168,S14,2,5,trtr,2026
568,47232,S14,2,7,trtr,2026
569,47296,S14,2,5,trtr,2026
570,47360,S14,2,2,trtr,2026
571,47424,S14,2,2,trtr,2026
572,47488,S14,2,5,trtr,2026
573,47552,S14,2,5,trtr,2026
574,47616,S14,2,5,trtr,2026
575,47680,S14,2,2,trtr,2026
576,47744,S14,2,5,trtr,2026
577,47808,S14,2,5,trtr,2026
578,47872,S14,2,5,trtr,2026
579,47936,S14,2,0,trtr,2026
580,48000,S14,2,5,trtr,2026
581,48064,S14,2,5,trtr,2026
582,48128,S14,2,5,trtr,2026
583,48192,S14,2,5,trtr,2026
584,48256,S14,2,5,trtr,2026
585,48320,S14,2,5,trtr,2026
586,48384,S14,2,2,trtr,2026
587,48448,S14,2,2,trtr,2026
588,48512,S14,2,3,trtr,2026
589,48576,S14,2,2,trtr,2026
590,48640,S14,2,5,trtr,2026
591,48704,S14,2,5,trtr,2026
592,48768,S14,2,5,trtr,2026
593,48832,S14,2,5,trtr,2026
594,48896,S14,2,5,trtr,2026
595,48960,S14,2,5,trtr,2026
596,49024,S14,2,4,trtr,2026
597,49088,S14,2,5,trtr,2026
598,49152,S14,2,5,trtr,2026
599,49216,S14,2,5,trtr,2026
600,49280,S14,2,5,trtr,2026
601,49344,S14,2,5,trtr,2026
602,49408,S14,2,7,trtr,2026
603,49472,S14,2,5,trtr,2026
604,49536,S14,2,5,trtr,2026
605,49600,S14,2,5,trtr,2026
606,49664,S14,2,5,trtr,2026
607,49728,S14,2,2,trtr,2026
608,49792,S14,2,2,trtr,2026
609,49856,S14,2,5,trtr,2026
610,49920,S14,2,5,trtr,2026
611,49984,S14,2,5,trtr,2026
612,50048,S14,2,5,trtr,2026
613,50112,S14,2,4,trtr,2026
614,50176,S14,2,2,trtr,2026
615,50240,S14,2,5,trtr,2026
616,50304,S14,2,5,trtr,2026
617,50368,S14,2,5,trtr,2026
618,50432,S14,2,5,trtr,2026
619,50496,S14,2,5,trtr,2026
620,50560,S14,2,5,trtr,2026
621,50624,S14,2,5,trtr,2026
622,50688,S14,2,0,trtr,2026
623,50752,S14,2,5,trtr,2026
624,50816,S14,2,5,trtr,2026
625,50880,S14,2,5,trtr,2026
626,50944,S14,2,5,trtr,2026
627,51008,S14,2,2,trtr,2026
628,51072,S14,2,7,trtr,2026
629,51136,S14,2,5,trtr,2026
630,51200,S14,2,5,trtr,2026
631,51264,S14,2,5,trtr,2026
632,51328,S14,2,5,trtr,2026
633,51392,S14,2,5,trtr,2026
634,51456,S14,2,5,trtr,2026
635,51520,S14,2,4,trtr,2026
636,51584,S14,2,5,trtr,2026
637,51648,S14,2,5,trtr,2026
638,51712,S14,2,5,trtr,2026
639,51776,S14,2,5,trtr,2026
640,51840,S14,2,4,trtr,2026
641,51904,S14,2,5,trtr,2026
642,51968,S14,2,2,trtr,2026
643,52032,S14,2,5,trtr,2026
644,52096,S14,2,2,trtr,2026
645,52160,S14,2,2,trtr,2026
646,52224,S14,2,5,trtr,2026
647,52288,S14,2,5,trtr,2026
648,52352,S14,2,5,trtr,2026
649,52416,S14,2,5,trtr,2026
650,52480,S14,2,5,trtr,2026
651,52544,S14,2,2,trtr,2026
652,52608,S14,2,5,trtr,2026
653,52672,S14,2,5,trtr,2026
654,52736,S14,2,2,trtr,2026
655,52800,S14,2,5,trtr,2026
656,52864,S14,2,0,trtr,2026
657,52928,S14,2,7,trtr,2026
658,52992,S14,2,4,trtr,2026
659,53056,S14,2,5,trtr,2026
660,53120,S14,2,5,trtr,2026
661,53184,S14,2,2,trtr,2026
662,53248,S14,2,5,trtr,2026
663,53312,S14,2,5,trtr,2026
664,53376,S14,2,5,trtr,2026
665,53440,S14,2,5,trtr,2026
666,53504,S14,2,5,trtr,2026
667,53568,S14,2,5,trtr,2026
668,53632,S14,2,5,trtr,2026
669,53696,S14,2,5,trtr,2026
670,53760,S14,2,5,trtr,2026
671,53824,S14,2,5,trtr,2026
672,53888,S14,2,5,trtr,2026
673,53952,S14,2,5,trtr,2026
674,54016,S14,2,2,trtr,2026
675,54080,S14,2,7,trtr,2026
676,54144,S14,2,5,trtr,2026
677,54208,S14,2,2,trtr,2026
678,54272,S14,2,5,trtr,2026
679,54336,S14,2,5,trtr,2026
680,54400,S14,2,5,trtr,2026
681,54464,S14,2,5,trtr,2026
682,54528,S14,2,5,trtr,2026
683,54592,S14,2,5,trtr,2026
684,54656,S14,2,5,trtr,2026
685,54720,S14,2,5,trtr,2026
686,54784,S14,2,5,trtr,2026
687,54848,S14,2,5,trtr,2026
688,54912,S14,2,5,trtr,2026
689,54976,S14,2,5,trtr,2026
690,55040,S14,2,5,trtr,2026
691,70720,S14,3,3,trtr,2026
692,70784,S14,3,3,trtr,2026
693,70848,S14,3,3,trtr,2026
694,70912,S14,3,3,trtr,2026
695,70976,S14,3,3,trtr,2026
696,71040,S14,3,3,trtr,2026
697,71104,S14,3,3,trtr,2026
698,71168,S14,3,3,trtr,2026
699,71232,S14,3,3,trtr,2026
700,71296,S14,3,3,trtr,2026
701,71360,S14,3,3,trtr,2026
702,71424,S14,3,3,trtr,2026
703,71488,S14,3,3,trtr,2026
704,71552,S14,3,3,trtr,2026
705,71616,S14,3,3,trtr,2026
706,71680,S14,3,3,trtr,2026
707,71744,S14,3,3,trtr,2026
708,71808,S14,3,3,trtr,2026
709,71872,S14,3,3,trtr,2026
710,71936,S14,3,3,trtr,2026
711,72000,S14,3,3,trtr,2026
712,72064,S14,3,3,trtr,2026
713,72128,S14,3,3,trtr,2026
714,72192,S14,3,3,trtr,2026
715,72256,S14,3,3,trtr,2026
716,72320,S14,3,4,trtr,2026
717,72384,S14,3,3,trtr,2026
718,72448,S14,3,4,trtr,2026
719,72512,S14,3,3,trtr,2026
720,72576,S14,3,3,trtr,2026
721,72640,S14,3,3,trtr,2026
722,72704,S14,3,3,trtr,2026
723,72768,S14,3,3,trtr,2026
724,72832,S14,3,3,trtr,2026
725,72896,S14,3,3,trtr,2026
726,72960,S14,3,3,trtr,2026
727,73024,S14,3,3,trtr,2026
728,73088,S14,3,3,trtr,2026
729,73152,S14,3,3,trtr,2026
730,73216,S14,3,3,trtr,2026
731,73280,S14,3,3,trtr,2026
732,73344,S14,3,3,trtr,2026
733,73408,S14,3,3,trtr,2026
734,73472,S14,3,3,trtr,2026
735,73536,S14,3,3,trtr,2026
736,73600,S14,3,3,trtr,2026
737,73664,S14,3,3,trtr,2026
738,73728,S14,3,3,trtr,2026
739,73792,S14,3,3,trtr,2026
740,73856,S14,3,3,trtr,2026
741,73920,S14,3,3,trtr,2026
742,73984,S14,3,3,trtr,2026
743,74048,S14,3,3,trtr,2026
744,74112,S14,3,3,trtr,2026
745,74176,S14,3,3,trtr,2026
746,74240,S14,3,3,trtr,2026
747,74304,S14,3,3,trtr,2026
748,74368,S14,3,3,trtr,2026
749,74432,S14,3,3,trtr,2026
750,74496,S14,3,3,trtr,2026
751,74560,S14,3,3,trtr,2026
752,74624,S14,3,3,trtr,2026
753,74688,S14,3,3,trtr,2026
754,74752,S14,3,3,trtr,2026
755,74816,S14,3,3,trtr,2026
756,74880,S14,3,3,trtr,2026
757,74944,S14,3,3,trtr,2026
758,75008,S14,3,3,trtr,2026
759,75072,S14,3,3,trtr,2026
760,75136,S14,3,5,trtr,2026
761,75200,S14,3,3,trtr,2026
762,75264,S14,3,3,trtr,2026
763,75328,S14,3,4,trtr,2026
764,75392,S14,3,3,trtr,2026
765,75456,S14,3,3,trtr,2026
766,75520,S14,3,3,trtr,2026
767,75584,S14,3,3,trtr,2026
768,75648,S14,3,3,trtr,2026
769,75712,S14,3,3,trtr,2026
770,75776,S14,3,3,trtr,2026
771,75840,S14,3,3,trtr,2026
772,75904,S14,3,3,trtr,2026
773,75968,S14,3,3,trtr,2026
774,76032,S14,3,3,trtr,2026
775,76096,S14,3,3,trtr,2026
776,76160,S14,3,3,trtr,2026
777,76224,S14,3,3,trtr,2026
778,76288,S14,3,3,trtr,2026
779,76352,S14,3,3,trtr,2026
780,76416,S14,3,3,trtr,2026
781,76480,S14,3,3,trtr,2026
782,76544,S14,3,3,trtr,2026
783,76608,S14,3,3,trtr,2026
784,76672,S14,3,4,trtr,2026
785,76736,S14,3,3,trtr,2026
786,76800,S14,3,3,trtr,2026
787,76864,S14,3,3,trtr,2026
788,76928,S14,3,3,trtr,2026
789,76992,S14,3,3,trtr,2026
790,77056,S14,3,3,trtr,2026
791,77120,S14,3,4,trtr,2026
792,77184,S14,3,3,trtr,2026
793,77248,S14,3,3,trtr,2026
794,77312,S14,3,3,trtr,2026
795,77376,S14,3,3,trtr,2026
796,77440,S14,3,3,trtr,2026
797,77504,S14,3,3,trtr,2026
798,77568,S14,3,3,trtr,2026
799,77632,S14,3,3,trtr,2026
800,77696,S14,3,3,trtr,2026
801,77760,S14,3,3,trtr,2026
802,77824,S14,3,3,trtr,2026
803,77888,S14,3,3,trtr,2026
804,77952,S14,3,3,trtr,2026
805,78016,S14,3,3,trtr,2026
806,78080,S14,3,3,trtr,2026
807,78144,S14,3,3,trtr,2026
808,78208,S14,3,3,trtr,2026
809,78272,S14,3,3,trtr,2026
810,78336,S14,3,4,trtr,2026
811,78400,S14,3,3,trtr,2026
812,78464,S14,3,3,trtr,2026
813,78528,S14,3,3,trtr,2026
814,78592,S14,3,3,trtr,2026
815,78656,S14,3,3,trtr,2026
816,78720,S14,3,3,trtr,2026
817,78784,S14,3,3,trtr,2026
818,78848,S14,3,3,trtr,2026
819,78912,S14,3,3,trtr,2026
820,78976,S14,3,3,trtr,2026
821,79040,S14,3,5,trtr,2026
822,79104,S14,3,3,trtr,2026
823,79168,S14,3,2,trtr,2026
824,79232,S14,3,3,trtr,2026
825,79296,S14,3,3,trtr,2026
826,79360,S14,3,3,trtr,2026
827,79424,S14,3,3,trtr,2026
828,79488,S14,3,3,trtr,2026
829,79552,S14,3,3,trtr,2026
830,79616,S14,3,3,trtr,2026
831,79680,S14,3,3,trtr,2026
832,79744,S14,3,3,trtr,2026
833,79808,S14,3,3,trtr,2026
834,79872,S14,3,3,trtr,2026
835,79936,S14,3,3,trtr,2026
836,80000,S14,3,3,trtr,2026
837,80064,S14,3,3,trtr,2026
838,80128,S14,3,3,trtr,2026
839,80192,S14,3,3,trtr,2026
840,80256,S14,3,3,trtr,2026
841,80320,S14,3,3,trtr,2026
842,80384,S14,3,3,trtr,2026
843,80448,S14,3,3,trtr,2026
844,80512,S14,3,3,trtr,2026
845,80576,S14,3,3,trtr,2026
846,80640,S14,3,3,trtr,2026
847,80704,S14,3,3,trtr,2026
848,80768,S14,3,3,trtr,2026
849,80832,S14,3,3,trtr,2026
850,80896,S14,3,3,trtr,2026
851,80960,S14,3,3,trtr,2026
852,81024,S14,3,3,trtr,2026
853,81088,S14,3,3,trtr,2026
854,81152,S14,3,3,trtr,2026
855,81216,S14,3,3,trtr,2026
856,81280,S14,3,3,trtr,2026
857,81344,S14,3,3,trtr,2026
858,81408,S14,3,3,trtr,2026
859,81472,S14,3,3,trtr,2026
860,81536,S14,3,3,trtr,2026
861,81600,S14,3,3,trtr,2026
862,81664,S14,3,3,trtr,2026
863,81728,S14,3,3,trtr,2026
864,81792,S14,3,3,trtr,2026
865,81856,S14,3,3,trtr,2026
866,81920,S14,3,3,trtr,2026
867,81984,S14,3,4,trtr,2026
868,82048,S14,3,4,trtr,2026
869,82112,S14,3,3,trtr,2026
870,82176,S14,3,3,trtr,2026
871,82240,S14,3,3,trtr,2026
872,82304,S14,3,3,trtr,2026
873,82368,S14,3,3,trtr,2026
874,82432,S14,3,3,trtr,2026
875,82496,S14,3,3,trtr,2026
876,82560,S14,3,3,trtr,2026
877,82624,S14,3,3,trtr,2026
878,82688,S14,3,3,trtr,2026
879,82752,S14,3,3,trtr,2026
880,82816,S14,3,3,trtr,2026
881,82880,S14,3,3,trtr,2026
882,82944,S14,3,3,trtr,2026
883,83008,S14,3,3,trtr,2026
884,83072,S14,3,3,trtr,2026
885,83136,S14,3,3,trtr,2026
886,83200,S14,3,3,trtr,2026
887,83264,S14,3,3,trtr,2026
888,83328,S14,3,4,trtr,2026
889,83392,S14,3,3,trtr,2026
890,83456,S14,3,3,trtr,2026
891,83520,S14,3,3,trtr,2026
892,83584,S14,3,3,trtr,2026
893,83648,S14,3,3,trtr,2026
894,83712,S14,3,3,trtr,2026
895,83776,S14,3,3,trtr,2026
896,83840,S14,3,3,trtr,2026
897,83904,S14,3,3,trtr,2026
898,83968,S14,3,3,trtr,2026
899,84032,S14,3,3,trtr,2026
900,84096,S14,3,3,trtr,2026
901,84160,S14,3,3,trtr,2026
902,84224,S14,3,3,trtr,2026
903,84288,S14,3,3,trtr,2026
904,84352,S14,3,3,trtr,2026
905,84416,S14,3,3,trtr,2026
906,84480,S14,3,3,trtr,2026
907,84544,S14,3,3,trtr,2026
908,84608,S14,3,3,trtr,2026
909,84672,S14,3,3,trtr,2026
910,84736,S14,3,5,trtr,2026
911,84800,S14,3,3,trtr,2026
912,84864,S14,3,3,trtr,2026
913,84928,S14,3,3,trtr,2026
914,84992,S14,3,3,trtr,2026
915,85056,S14,3,3,trtr,2026
916,85120,S14,3,3,trtr,2026
917,85184,S14,3,3,trtr,2026
918,85248,S14,3,3,trtr,2026
919,85312,S14,3,3,trtr,2026
920,85376,S14,3,3,trtr,2026
921,85440,S14,3,3,trtr,2026
922,85504,S14,3,3,trtr,2026
923,85568,S14,3,3,trtr,2026
924,85632,S14,3,3,trtr,2026
925,85696,S14,3,3,trtr,2026
926,85760,S14,3,3,trtr,2026
927,85824,S14,3,3,trtr,2026
928,85888,S14,3,3,trtr,2026
929,85952,S14,3,3,trtr,2026
930,86016,S14,3,3,trtr,2026
931,86080,S14,3,3,trtr,2026
932,86144,S14,3,3,trtr,2026
933,86208,S14,3,3,trtr,2026
934,86272,S14,3,3,trtr,2026
935,86336,S14,3,3,trtr,2026
936,86400,S14,3,3,trtr,2026
937,86464,S14,3,3,trtr,2026
938,86528,S14,3,3,trtr,2026
939,86592,S14,3,4,trtr,2026
940,86656,S14,3,3,trtr,2026
941,106944,S14,4,5,trtr,2026
942,107008,S14,4,5,trtr,2026
943,107072,S14,4,4,trtr,2026
944,107136,S14,4,2,trtr,2026
945,107200,S14,4,4,trtr,2026
946,107264,S14,4,4,trtr,2026
947,107328,S14,4,4,trtr,2026
948,107392,S14,4,7,trtr,2026
949,107456,S14,4,5,trtr,2026
950,107520,S14,4,5,trtr,2026
951,107584,S14,4,5,trtr,2026
952,107648,S14,4,5,trtr,2026
953,107712,S14,4,5,trtr,2026
954,107776,S14,4,4,trtr,2026
955,107840,S14,4,5,trtr,2026
956,107904,S14,4,5,trtr,2026
957,107968,S14,4,4,trtr,2026
958,108032,S14,4,4,trtr,2026
959,108096,S14,4,5,trtr,2026
960,108160,S14,4,5,trtr,2026
961,108224,S14,4,4,trtr,2026
962,108288,S14,4,7,trtr,2026
963,108352,S14,4,5,trtr,2026
964,108416,S14,4,5,trtr,2026
965,108480,S14,4,5,trtr,2026
966,108544,S14,4,4,trtr,2026
967,108608,S14,4,4,trtr,2026
968,108672,S14,4,5,trtr,2026
969,108736,S14,4,7,trtr,2026
970,108800,S14,4,4,trtr,2026
971,108864,S14,4,5,trtr,2026
972,108928,S14,4,5,trtr,2026
973,108992,S14,4,7,trtr,2026
974,109056,S14,4,5,trtr,2026
975,109120,S14,4,4,trtr,2026
976,109184,S14,4,5,trtr,2026
977,109248,S14,4,4,trtr,2026
978,109312,S14,4,5,trtr,2026
979,109376,S14,4,5,trtr,2026
980,109440,S14,4,4,trtr,2026
981,109504,S14,4,5,trtr,2026
982,109568,S14,4,7,trtr,2026
983,109632,S14,4,4,trtr,2026
984,109696,S14,4,5,trtr,2026
985,109760,S14,4,5,trtr,2026
986,109824,S14,4,4,trtr,2026
987,109888,S14,4,5,trtr,2026
988,109952,S14,4,5,trtr,2026
989,110016,S14,4,7,trtr,2026
990,110080,S14,4,5,trtr,2026
991,110144,S14,4,5,trtr,2026
992,110208,S14,4,5,trtr,2026
993,110272,S14,4,5,trtr,2026
994,110336,S14,4,5,trtr,2026
995,110400,S14,4,5,trtr,2026
996,110464,S14,4,7,trtr,2026
997,110528,S14,4,5,trtr,2026
998,110592,S14,4,7,trtr,2026
999,110656,S14,4,4,trtr,2026
1000,110720,S14,4,5,trtr,2026
1001,110784,S14,4,5,trtr,2026
1002,110848,S14,4,4,trtr,2026
1003,110912,S14,4,4,trtr,2026
1004,110976,S14,4,7,trtr,2026
1005,111040,S14,4,5,trtr,2026
1006,111104,S14,4,7,trtr,2026
1007,111168,S14,4,5,trtr,2026
1008,111232,S14,4,5,trtr,2026
1009,111296,S14,4,7,trtr,2026
1010,111360,S14,4,5,trtr,2026
1011,111424,S14,4,5,trtr,2026
1012,111488,S14,4,7,trtr,2026
1013,111552,S14,4,5,trtr,2026
1014,111616,S14,4,4,trtr,2026
1015,111680,S14,4,5,trtr,2026
1016,111744,S14,4,7,trtr,2026
1017,111808,S14,4,5,trtr,2026
1018,111872,S14,4,5,trtr,2026
1019,111936,S14,4,5,trtr,2026
1020,112000,S14,4,5,trtr,2026
1021,112064,S14,4,5,trtr,2026
1022,112128,S14,4,5,trtr,2026
1023,112192,S14,4,5,trtr,2026
1024,112256,S14,4,5,trtr,2026
1025,112320,S14,4,5,trtr,2026
1026,112384,S14,4,4,trtr,2026
1027,112448,S14,4,5,trtr,2026
1028,112512,S14,4,5,trtr,2026
1029,112576,S14,4,5,trtr,2026
1030,112640,S14,4,5,trtr,2026
1031,112704,S14,4,7,trtr,2026
1032,112768,S14,4,5,trtr,2026
1033,112832,S14,4,5,trtr,2026
1034,112896,S14,4,5,trtr,2026
1035,112960,S14,4,5,trtr,2026
1036,113024,S14,4,5,trtr,2026
1037,113088,S14,4,5,trtr,2026
1038,113152,S14,4,7,trtr,2026
1039,113216,S14,4,4,trtr,2026
1040,113280,S14,4,7,trtr,2026
1041,113344,S14,4,7,trtr,2026
1042,113408,S14,4,5,trtr,2026
1043,113472,S14,4,5,trtr,2026
1044,113536,S14,4,5,trtr,2026
1045,113600,S14,4,4,trtr,2026
1046,113664,S14,4,4,trtr,2026
1047,113728,S14,4,5,trtr,2026
1048,113792,S14,4,5,trtr,2026
1049,113856,S14,4,5,trtr,2026
1050,113920,S14,4,4,trtr,2026
1051,113984,S14,4,5,trtr,2026
1052,114048,S14,4,5,trtr,2026
1053,114112,S14,4,4,trtr,2026
1054,114176,S14,4,5,trtr,2026
1055,114240,S14,4,5,trtr,2026
1056,114304,S14,4,5,trtr,2026
1057,114368,S14,4,5,trtr,2026
1058,114432,S14,4,4,trtr,2026
1059,114496,S14,4,5,trtr,2026
1060,114560,S14,4,5,trtr,2026
1061,114624,S14,4,5,trtr,2026
1062,114688,S14,4,4,trtr,2026
1063,114752,S14,4,4,trtr,2026
1064,114816,S14,4,5,trtr,2026
1065,114880,S14,4,5,trtr,2026
1066,114944,S14,4,5,trtr,2026
1067,115008,S14,4,5,trtr,2026
1068,115072,S14,4,5,trtr,2026
1069,115136,S14,4,5,trtr,2026
1070,115200,S14,4,5,trtr,2026
1071,115264,S14,4,5,trtr,2026
1072,115328,S14,4,4,trtr,2026
1073,115392,S14,4,4,trtr,2026
1074,115456,S14,4,5,trtr,2026
1075,115520,S14,4,5,trtr,2026
1076,115584,S14,4,5,trtr,2026
1077,115648,S14,4,5,trtr,2026
1078,115712,S14,4,4,trtr,2026
1079,115776,S14,4,4,trtr,2026
1080,115840,S14,4,5,trtr,2026
1081,115904,S14,4,5,trtr,2026
1082,115968,S14,4,5,trtr,2026
1083,116032,S14,4,7,trtr,2026
1084,116096,S14,4,4,trtr,2026
1085,116160,S14,4,5,trtr,2026
1086,116224,S14,4,7,trtr,2026
1087,116288,S14,4,5,trtr,2026
1088,116352,S14,4,4,trtr,2026
1089,116416,S14,4,5,trtr,2026
1090,116480,S14,4,4,trtr,2026
1091,116544,S14,4,5,trtr,2026
1092,116608,S14,4,5,trtr,2026
1093,116672,S14,4,4,trtr,2026
1094,116736,S14,4,5,trtr,2026
1095,116800,S14,4,5,trtr,2026
1096,116864,S14,4,5,trtr,2026
1097,116928,S14,4,4,trtr,2026
1098,116992,S14,4,5,trtr,2026
1099,117056,S14,4,7,trtr,2026
1100,117120,S14,4,4,trtr,2026
1101,117184,S14,4,5,trtr,2026
1102,117248,S14,4,5,trtr,2026
1103,117312,S14,4,5,trtr,2026
1104,117376,S14,4,5,trtr,2026
1105,117440,S14,4,5,trtr,2026
1106,117504,S14,4,5,trtr,2026
1107,117568,S14,4,5,trtr,2026
1108,117632,S14,4,0,trtr,2026
1109,117696,S14,4,5,trtr,2026
1110,117760,S14,4,4,trtr,2026
1111,117824,S14,4,2,trtr,2026
1112,117888,S14,4,5,trtr,2026
1113,117952,S14,4,5,trtr,2026
1114,118016,S14,4,5,trtr,2026
1115,118080,S14,4,5,trtr,2026
1116,118144,S14,4,5,trtr,2026
1117,118208,S14,4,7,trtr,2026
1118,118272,S14,4,5,trtr,2026
1119,118336,S14,4,7,trtr,2026
1120,118400,S14,4,5,trtr,2026
1121,118464,S14,4,4,trtr,2026
1122,118528,S14,4,4,trtr,2026
1123,118592,S14,4,5,trtr,2026
1124,118656,S14,4,5,trtr,2026
1125,118720,S14,4,5,trtr,2026
1126,118784,S14,4,5,trtr,2026
1127,118848,S14,4,5,trtr,2026
1128,118912,S14,4,5,trtr,2026
1129,118976,S14,4,5,trtr,2026
1130,119040,S14,4,5,trtr,2026
1131,119104,S14,4,4,trtr,2026
1132,119168,S14,4,4,trtr,2026
1133,119232,S14,4,7,trtr,2026
1134,119296,S14,4,4,trtr,2026
1135,119360,S14,4,4,trtr,2026
1136,119424,S14,4,5,trtr,2026
1137,119488,S14,4,5,trtr,2026
1138,119552,S14,4,7,trtr,2026
1139,119616,S14,4,4,trtr,2026
1140,119680,S14,4,7,trtr,2026
1141,119744,S14,4,5,trtr,2026
1142,119808,S14,4,5,trtr,2026
1143,119872,S14,4,5,trtr,2026
1144,119936,S14,4,5,trtr,2026
1145,120000,S14,4,4,trtr,2026
1146,120064,S14,4,5,trtr,2026
1147,120128,S14,4,5,trtr,2026
1148,120192,S14,4,4,trtr,2026
1149,120256,S14,4,4,trtr,2026
1150,120320,S14,4,7,trtr,2026
1151,120384,S14,4,5,trtr,2026
1152,120448,S14,4,5,trtr,2026
1153,120512,S14,4,5,trtr,2026
1154,120576,S14,4,7,trtr,2026
1155,120640,S14,4,7,trtr,2026
1156,120704,S14,4,5,trtr,2026
1157,120768,S14,4,4,trtr,2026
1158,120832,S14,4,5,trtr,2026
1159,120896,S14,4,5,trtr,2026
1160,120960,S14,4,1,trtr,2026
1161,121024,S14,4,5,trtr,2026
1162,121088,S14,4,5,trtr,2026
1163,121152,S14,4,5,trtr,2026
1164,121216,S14,4,5,trtr,2026
1165,121280,S14,4,5,trtr,2026
1166,121344,S14,4,4,trtr,2026
1167,121408,S14,4,4,trtr,2026
1168,121472,S14,4,5,trtr,2026
1169,121536,S14,4,4,trtr,2026
1170,121600,S14,4,5,trtr,2026
1171,121664,S14,4,5,trtr,2026
1172,121728,S14,4,5,trtr,2026
1173,121792,S14,4,5,trtr,2026
1174,121856,S14,4,5,trtr,2026
1175,121920,S14,4,5,trtr,2026
1176,121984,S14,4,4,trtr,2026
1177,122048,S14,4,5,trtr,2026
1178,122112,S14,4,5,trtr,2026
1179,122176,S14,4,5,trtr,2026
1180,122240,S14,4,5,trtr,2026
1181,122304,S14,4,5,trtr,2026
1182,122368,S14,4,5,trtr,2026
1183,122432,S14,4,5,trtr,2026
1184,122496,S14,4,5,trtr,2026
1185,122560,S14,4,5,trtr,2026
1186,122624,S14,4,3,trtr,2026
1187,122688,S14,4,4,trtr,2026
1188,122752,S14,4,5,trtr,2026
1189,122816,S14,4,7,trtr,2026
1190,122880,S14,4,7,trtr,2026
1191,122944,S14,4,5,trtr,2026
1192,123008,S14,4,5,trtr,2026
1193,123072,S14,4,7,trtr,2026
1194,123136,S14,4,5,trtr,2026
1195,123200,S14,4,5,trtr,2026
1196,123264,S14,4,5,trtr,2026
1197,123328,S14,4,7,trtr,2026
1198,123392,S14,4,4,trtr,2026
1199,123456,S14,4,5,trtr,2026
1200,123520,S14,4,7,trtr,2026
1201,123584,S14,4,5,trtr,2026
1202,123648,S14,4,5,trtr,2026
1203,123712,S14,4,4,trtr,2026
1204,123776,S14,4,5,trtr,2026
1205,123840,S14,4,2,trtr,2026
1206,123904,S14,4,5,trtr,2026
1207,123968,S14,4,5,trtr,2026
1208,124032,S14,4,4,trtr,2026
1209,124096,S14,4,4,trtr,2026
1210,124160,S14,4,4,trtr,2026
1211,124224,S14,4,4,trtr,2026
1212,124288,S14,4,7,trtr,2026
1213,124352,S14,4,7,trtr,2026
1214,124416,S14,4,5,trtr,2026
1215,124480,S14,4,5,trtr,2026
1216,124544,S14,4,7,trtr,2026
1217,124608,S14,4,4,trtr,2026
1218,124672,S14,4,5,trtr,2026
1219,124736,S14,4,5,trtr,2026
1220,124800,S14,4,4,trtr,2026
1221,124864,S14,4,4,trtr,2026
1222,124928,S14,4,7,trtr,2026
1223,124992,S14,4,4,trtr,2026
1224,125056,S14,4,7,trtr,2026
1225,125120,S14,4,5,trtr,2026
1226,125184,S14,4,2,trtr,2026
1227,125248,S14,4,5,trtr,2026
1228,125312,S14,4,5,trtr,2026
1229,125376,S14,4,4,trtr,2026
1230,125440,S14,4,5,trtr,2026
1231,125504,S14,4,0,trtr,2026
1232,125568,S14,4,5,trtr,2026
1233,125632,S14,4,5,trtr,2026
1234,125696,S14,4,5,trtr,2026
1235,125760,S14,4,5,trtr,2026
1236,125824,S14,4,5,trtr,2026
1237,125888,S14,4,5,trtr,2026
1238,125952,S14,4,5,trtr,2026
1239,126016,S14,4,7,trtr,2026
1240,126080,S14,4,5,trtr,2026
1241,126144,S14,4,7,trtr,2026
1242,126208,S14,4,7,trtr,2026
1243,126272,S14,4,5,trtr,2026
1244,126336,S14,4,4,trtr,2026
1245,126400,S14,4,4,trtr,2026
1246,126464,S14,4,5,trtr,2026
1247,126528,S14,4,5,trtr,2026
1248,126592,S14,4,4,trtr,2026
1249,126656,S14,4,7,trtr,2026
1250,126720,S14,4,5,trtr,2026
1251,126784,S14,4,4,trtr,2026
1252,126848,S14,4,5,trtr,2026
1253,126912,S14,4,5,trtr,2026
1254,126976,S14,4,5,trtr,2026
1255,127040,S14,4,0,trtr,2026
1256,127104,S14,4,3,trtr,2026
1257,127168,S14,4,7,trtr,2026
1258,127232,S14,4,4,trtr,2026
1259,127296,S14,4,7,trtr,2026
1260,127360,S14,4,5,trtr,2026
1261,127424,S14,4,4,trtr,2026
1262,127488,S14,4,7,trtr,2026
1263,127552,S14,4,7,trtr,2026
1264,127616,S14,4,5,trtr,2026
1265,127680,S14,4,7,trtr,2026
1266,127744,S14,4,5,trtr,2026
1267,127808,S14,4,0,trtr,2026
1268,127872,S14,4,5,trtr,2026
1269,127936,S14,4,4,trtr,2026
1270,128000,S14,4,5,trtr,2026
1271,128064,S14,4,5,trtr,2026
1272,128128,S14,4,7,trtr,2026
1273,128192,S14,4,7,trtr,2026
1274,128256,S14,4,7,trtr,2026
1275,128320,S14,4,5,trtr,2026
1276,128384,S14,4,4,trtr,2026
1277,128448,S14,4,7,trtr,2026
1278,128512,S14,4,7,trtr,2026
1279,128576,S14,4,7,trtr,2026
1280,128640,S14,4,5,trtr,2026
1281,128704,S14,4,2,trtr,2026
1282,128768,S14,4,5,trtr,2026
1283,128832,S14,4,5,trtr,2026
1284,128896,S14,4,5,trtr,2026
1285,128960,S14,4,5,trtr,2026
1286,129024,S14,4,4,trtr,2026
1287,129088,S14,4,0,trtr,2026
1288,129152,S14,4,7,trtr,2026
1289,129216,S14,4,5,trtr,2026
1290,129280,S14,4,5,trtr,2026
1291,129344,S14,4,5,trtr,2026
1292,129408,S14,4,4,trtr,2026
1293,129472,S14,4,4,trtr,2026
1294,129536,S14,4,4,trtr,2026
1295,129600,S14,4,5,trtr,2026
1296,129664,S14,4,5,trtr,2026
1297,129728,S14,4,4,trtr,2026
1298,129792,S14,4,5,trtr,2026
1299,129856,S14,4,5,trtr,2026
1300,129920,S14,4,7,trtr,2026
1301,129984,S14,4,4,trtr,2026
1302,130048,S14,4,5,trtr,2026
1303,130112,S14,4,4,trtr,2026
1304,130176,S14,4,4,trtr,2026
1305,130240,S14,4,4,trtr,2026
1306,130304,S14,4,5,trtr,2026
1307,130368,S14,4,5,trtr,2026
1308,130432,S14,4,5,trtr,2026
1309,130496,S14,4,5,trtr,2026
1310,130560,S14,4,4,trtr,2026
1311,130624,S14,4,5,trtr,2026
1312,130688,S14,4,4,trtr,2026
1313,130752,S14,4,5,trtr,2026
1314,130816,S14,4,4,trtr,2026
1315,130880,S14,4,5,trtr,2026
1316,130944,S14,4,5,trtr,2026
1317,131008,S14,4,5,trtr,2026
1318,131072,S14,4,4,trtr,2026
1319,131136,S14,4,4,trtr,2026
1320,131200,S14,4,4,trtr,2026
1321,131264,S14,4,5,trtr,2026
1322,131328,S14,4,5,trtr,2026
1323,131392,S14,4,5,trtr,2026
1324,131456,S14,4,5,trtr,2026
1325,131520,S14,4,5,trtr,2026
1326,131584,S14,4,4,trtr,2026
1327,131648,S14,4,5,trtr,2026
1328,131712,S14,4,5,trtr,2026
1329,131776,S14,4,5,trtr,2026
1330,131840,S14,4,7,trtr,2026
1331,131904,S14,4,5,trtr,2026
1332,131968,S14,4,4,trtr,2026
1333,132032,S14,4,5,trtr,2026
1334,132096,S14,4,5,trtr,2026
1335,132160,S14,4,7,trtr,2026
1336,132224,S14,4,5,trtr,2026
1337,132288,S14,4,5,trtr,2026
1338,132352,S14,4,5,trtr,2026
1339,132416,S14,4,5,trtr,2026
1340,132480,S14,4,5,trtr,2026
1341,132544,S14,4,5,trtr,2026
1342,132608,S14,4,5,trtr,2026
1343,132672,S14,4,4,trtr,2026
1344,132736,S14,4,5,trtr,2026
1345,132800,S14,4,5,trtr,2026
1346,132864,S14,4,5,trtr,2026
1347,132928,S14,4,5,trtr,2026
1348,132992,S14,4,5,trtr,2026
1349,133056,S14,4,7,trtr,2026
1350,133120,S14,4,7,trtr,2026
1351,133184,S14,4,5,trtr,2026
1352,133248,S14,4,5,trtr,2026
1353,133312,S14,4,7,trtr,2026
1354,133376,S14,4,5,trtr,2026
1355,133440,S14,4,4,trtr,2026
1356,133504,S14,4,5,trtr,2026
1357,133568,S14,4,4,trtr,2026
1358,133632,S14,4,5,trtr,2026
1359,133696,S14,4,5,trtr,2026
1360,133760,S14,4,5,trtr,2026
1361,133824,S14,4,5,trtr,2026
1362,133888,S14,4,5,trtr,2026
1363,133952,S14,4,4,trtr,2026
1364,134016,S14,4,4,trtr,2026
1365,134080,S14,4,7,trtr,2026
1366,134144,S14,4,5,trtr,2026
1367,134208,S14,4,4,trtr,2026
1368,134272,S14,4,5,trtr,2026
1369,134336,S14,4,5,trtr,2026
1370,134400,S14,4,5,trtr,2026
1371,134464,S14,4,5,trtr,2026
1372,134528,S14,4,5,trtr,2026
1373,134592,S14,4,5,trtr,2026
1374,134656,S14,4,5,trtr,2026
1375,134720,S14,4,4,trtr,2026
1376,134784,S14,4,5,trtr,2026
1377,134848,S14,4,7,trtr,2026
1378,134912,S14,4,5,trtr,2026
1379,134976,S14,4,7,trtr,2026
1380,135040,S14,4,5,trtr,2026
1381,135104,S14,4,2,trtr,2026
1382,135168,S14,4,4,trtr,2026
1383,135232,S14,4,5,trtr,2026
1384,135296,S14,4,5,trtr,2026
1385,135360,S14,4,4,trtr,2026
1386,135424,S14,4,4,trtr,2026
1387,135488,S14,4,5,trtr,2026
1388,135552,S14,4,5,trtr,2026
1389,135616,S14,4,5,trtr,2026
1390,135680,S14,4,5,trtr,2026
1391,135744,S14,4,5,trtr,2026
1392,135808,S14,4,7,trtr,2026
1393,135872,S14,4,5,trtr,2026
1394,135936,S14,4,5,trtr,2026
1395,136000,S14,4,5,trtr,2026
1396,136064,S14,4,5,trtr,2026
1397,136128,S14,4,4,trtr,2026
1398,136192,S14,4,7,trtr,2026
1399,136256,S14,4,5,trtr,2026
1400,136320,S14,4,7,trtr,2026
1401,136384,S14,4,7,trtr,2026
1402,136448,S14,4,5,trtr,2026
1403,136512,S14,4,4,trtr,2026
1404,136576,S14,4,5,trtr,2026
1405,136640,S14,4,5,trtr,2026
1406,136704,S14,4,5,trtr,2026
1407,136768,S14,4,4,trtr,2026
1408,136832,S14,4,5,trtr,2026
1409,136896,S14,4,5,trtr,2026
1410,136960,S14,4,5,trtr,2026
1411,137024,S14,4,5,trtr,2026
1412,137088,S14,4,5,trtr,2026
1413,137152,S14,4,4,trtr,2026
1414,137216,S14,4,5,trtr,2026
1415,137280,S14,4,5,trtr,2026
1416,151488,S14,5,5,trtr,2026
1417,151552,S14,5,5,trtr,2026
1418,151616,S14,5,5,trtr,2026
1419,151680,S14,5,7,trtr,2026
1420,151744,S14,5,4,trtr,2026
1421,151808,S14,5,5,trtr,2026
1422,151872,S14,5,5,trtr,2026
1423,151936,S14,5,5,trtr,2026
1424,152000,S14,5,7,trtr,2026
1425,152064,S14,5,4,trtr,2026
1426,152128,S14,5,5,trtr,2026
1427,152192,S14,5,2,trtr,2026
1428,152256,S14,5,6,trtr,2026
1429,152320,S14,5,5,trtr,2026
1430,152384,S14,5,5,trtr,2026
1431,152448,S14,5,5,trtr,2026
1432,152512,S14,5,5,trtr,2026
1433,152576,S14,5,5,trtr,2026
1434,152640,S14,5,5,trtr,2026
1435,152704,S14,5,5,trtr,2026
1436,152768,S14,5,5,trtr,2026
1437,152832,S14,5,5,trtr,2026
1438,152896,S14,5,0,trtr,2026
1439,152960,S14,5,5,trtr,2026
1440,153024,S14,5,5,trtr,2026
1441,153088,S14,5,5,trtr,2026
1442,153152,S14,5,5,trtr,2026
1443,153216,S14,5,5,trtr,2026
1444,153280,S14,5,5,trtr,2026
1445,153344,S14,5,5,trtr,2026
1446,153408,S14,5,5,trtr,2026
1447,153472,S14,5,5,trtr,2026
1448,153536,S14,5,4,trtr,2026
1449,153600,S14,5,5,trtr,2026
1450,153664,S14,5,5,trtr,2026
1451,153728,S14,5,7,trtr,2026
1452,153792,S14,5,5,trtr,2026
1453,153856,S14,5,5,trtr,2026
1454,153920,S14,5,7,trtr,2026
1455,153984,S14,5,5,trtr,2026
1456,154048,S14,5,4,trtr,2026
1457,154112,S14,5,7,trtr,2026
1458,154176,S14,5,5,trtr,2026
1459,154240,S14,5,5,trtr,2026
1460,154304,S14,5,5,trtr,2026
1461,154368,S14,5,5,trtr,2026
1462,154432,S14,5,7,trtr,2026
1463,154496,S14,5,4,trtr,2026
1464,154560,S14,5,5,trtr,2026
1465,154624,S14,5,5,trtr,2026
1466,154688,S14,5,5,trtr,2026
1467,154752,S14,5,5,trtr,2026
1468,154816,S14,5,4,trtr,2026
1469,154880,S14,5,5,trtr,2026
1470,154944,S14,5,4,trtr,2026
1471,155008,S14,5,5,trtr,2026
1472,155072,S14,5,0,trtr,2026
1473,155136,S14,5,5,trtr,2026
1474,155200,S14,5,5,trtr,2026
1475,155264,S14,5,4,trtr,2026
1476,155328,S14,5,4,trtr,2026
1477,155392,S14,5,0,trtr,2026
1478,155456,S14,5,7,trtr,2026
1479,155520,S14,5,5,trtr,2026
1480,155584,S14,5,5,trtr,2026
1481,155648,S14,5,5,trtr,2026
1482,155712,S14,5,5,trtr,2026
1483,155776,S14,5,5,trtr,2026
1484,155840,S14,5,2,trtr,2026
1485,155904,S14,5,2,trtr,2026
1486,155968,S14,5,5,trtr,2026
1487,156032,S14,5,5,trtr,2026
1488,156096,S14,5,7,trtr,2026
1489,156160,S14,5,7,trtr,2026
1490,156224,S14,5,5,trtr,2026
1491,156288,S14,5,5,trtr,2026
1492,156352,S14,5,5,trtr,2026
1493,156416,S14,5,5,trtr,2026
1494,156480,S14,5,5,trtr,2026
1495,156544,S14,5,5,trtr,2026
1496,156608,S14,5,5,trtr,2026
1497,156672,S14,5,5,trtr,2026
1498,156736,S14,5,5,trtr,2026
1499,156800,S14,5,7,trtr,2026
1500,156864,S14,5,0,trtr,2026
1501,156928,S14,5,5,trtr,2026
1502,156992,S14,5,5,trtr,2026
1503,157056,S14,5,5,trtr,2026
1504,157120,S14,5,4,trtr,2026
1505,157184,S14,5,5,trtr,2026
1506,157248,S14,5,5,trtr,2026
1507,157312,S14,5,5,trtr,2026
1508,157376,S14,5,0,trtr,2026
1509,157440,S14,5,0,trtr,2026
1510,157504,S14,5,5,trtr,2026
1511,157568,S14,5,5,trtr,2026
1512,157632,S14,5,5,trtr,2026
1513,157696,S14,5,7,trtr,2026
1514,157760,S14,5,5,trtr,2026
1515,157824,S14,5,5,trtr,2026
1516,157888,S14,5,5,trtr,2026
1517,157952,S14,5,5,trtr,2026
1518,158016,S14,5,5,trtr,2026
1519,158080,S14,5,5,trtr,2026
1520,158144,S14,5,0,trtr,2026
1521,158208,S14,5,7,trtr,2026
1522,158272,S14,5,5,trtr,2026
1523,158336,S14,5,5,trtr,2026
1524,158400,S14,5,7,trtr,2026
1525,158464,S14,5,5,trtr,2026
1526,158528,S14,5,5,trtr,2026
1527,158592,S14,5,5,trtr,2026
1528,158656,S14,5,5,trtr,2026
1529,158720,S14,5,5,trtr,2026
1530,158784,S14,5,5,trtr,2026
1531,158848,S14,5,5,trtr,2026
1532,158912,S14,5,5,trtr,2026
1533,158976,S14,5,5,trtr,2026
1534,159040,S14,5,5,trtr,2026
1535,159104,S14,5,5,trtr,2026
1536,159168,S14,5,5,trtr,2026
1537,159232,S14,5,5,trtr,2026
1538,159296,S14,5,5,trtr,2026
1539,159360,S14,5,5,trtr,2026
1540,159424,S14,5,5,trtr,2026
1541,159488,S14,5,5,trtr,2026
1542,159552,S14,5,5,trtr,2026
1543,159616,S14,5,7,trtr,2026
1544,159680,S14,5,5,trtr,2026
1545,159744,S14,5,5,trtr,2026
1546,159808,S14,5,5,trtr,2026
1547,159872,S14,5,5,trtr,2026
1548,159936,S14,5,0,trtr,2026
1549,160000,S14,5,5,trtr,2026
1550,160064,S14,5,5,trtr,2026
1551,160128,S14,5,5,trtr,2026
1552,160192,S14,5,4,trtr,2026
1553,160256,S14,5,5,trtr,2026
1554,160320,S14,5,5,trtr,2026
1555,160384,S14,5,5,trtr,2026
1556,160448,S14,5,2,trtr,2026
1557,160512,S14,5,5,trtr,2026
1558,160576,S14,5,5,trtr,2026
1559,160640,S14,5,5,trtr,2026
1560,160704,S14,5,7,trtr,2026
1561,160768,S14,5,5,trtr,2026
1562,160832,S14,5,5,trtr,2026
1563,160896,S14,5,7,trtr,2026
1564,160960,S14,5,7,trtr,2026
1565,161024,S14,5,5,trtr,2026
1566,161088,S14,5,5,trtr,2026
1567,161152,S14,5,2,trtr,2026
1568,161216,S14,5,4,trtr,2026
1569,161280,S14,5,5,trtr,2026
1570,161344,S14,5,4,trtr,2026
1571,161408,S14,5,5,trtr,2026
1572,161472,S14,5,5,trtr,2026
1573,161536,S14,5,5,trtr,2026
1574,161600,S14,5,2,trtr,2026
1575,161664,S14,5,5,trtr,2026
1576,161728,S14,5,4,trtr,2026
1577,161792,S14,5,5,trtr,2026
1578,161856,S14,5,5,trtr,2026
1579,161920,S14,5,5,trtr,2026
1580,161984,S14,5,5,trtr,2026
1581,162048,S14,5,5,trtr,2026
1582,162112,S14,5,5,trtr,2026
1583,162176,S14,5,5,trtr,2026
1584,162240,S14,5,5,trtr,2026
1585,162304,S14,5,5,trtr,2026
1586,162368,S14,5,5,trtr,2026
1587,162432,S14,5,5,trtr,2026
1588,162496,S14,5,5,trtr,2026
1589,162560,S14,5,4,trtr,2026
1590,162624,S14,5,5,trtr,2026
1591,162688,S14,5,5,trtr,2026
1592,162752,S14,5,5,trtr,2026
1593,162816,S14,5,5,trtr,2026
1594,162880,S14,5,7,trtr,2026
1595,162944,S14,5,7,trtr,2026
1596,163008,S14,5,5,trtr,2026
1597,163072,S14,5,5,trtr,2026
1598,163136,S14,5,5,trtr,2026
1599,163200,S14,5,2,trtr,2026
1600,163264,S14,5,5,trtr,2026
1601,163328,S14,5,4,trtr,2026
1602,163392,S14,5,5,trtr,2026
1603,163456,S14,5,5,trtr,2026
1604,163520,S14,5,4,trtr,2026
1605,163584,S14,5,5,trtr,2026
1606,163648,S14,5,5,trtr,2026
1607,163712,S14,5,7,trtr,2026
1608,163776,S14,5,4,trtr,2026
1609,163840,S14,5,5,trtr,2026
1610,163904,S14,5,5,trtr,2026
1611,163968,S14,5,5,trtr,2026
1612,164032,S14,5,4,trtr,2026
1613,164096,S14,5,5,trtr,2026
1614,164160,S14,5,5,trtr,2026
1615,164224,S14,5,5,trtr,2026
1616,164288,S14,5,5,trtr,2026
1617,164352,S14,5,2,trtr,2026
1618,164416,S14,5,5,trtr,2026
1619,164480,S14,5,5,trtr,2026
1620,164544,S14,5,5,trtr,2026
1621,164608,S14,5,5,trtr,2026
1622,164672,S14,5,5,trtr,2026
1623,164736,S14,5,5,trtr,2026
1624,164800,S14,5,5,trtr,2026
1625,164864,S14,5,5,trtr,2026
1626,164928,S14,5,5,trtr,2026
1627,164992,S14,5,5,trtr,2026
1628,165056,S14,5,5,trtr,2026
1629,165120,S14,5,5,trtr,2026
1630,165184,S14,5,5,trtr,2026
1631,165248,S14,5,7,trtr,2026
1632,165312,S14,5,5,trtr,2026
1633,165376,S14,5,7,trtr,2026
1634,165440,S14,5,5,trtr,2026
1635,165504,S14,5,0,trtr,2026
1636,165568,S14,5,5,trtr,2026
1637,165632,S14,5,5,trtr,2026
1638,165696,S14,5,5,trtr,2026
1639,165760,S14,5,5,trtr,2026
1640,165824,S14,5,5,trtr,2026
1641,165888,S14,5,5,trtr,2026
1642,165952,S14,5,5,trtr,2026
1643,166016,S14,5,5,trtr,2026
1644,166080,S14,5,4,trtr,2026
1645,166144,S14,5,5,trtr,2026
1646,166208,S14,5,5,trtr,2026
1647,166272,S14,5,5,trtr,2026
1648,166336,S14,5,7,trtr,2026
1649,166400,S14,5,5,trtr,2026
1650,166464,S14,5,5,trtr,2026
1651,166528,S14,5,5,trtr,2026
1652,166592,S14,5,5,trtr,2026
1653,166656,S14,5,5,trtr,2026
1654,166720,S14,5,5,trtr,2026
1655,166784,S14,5,5,trtr,2026
1656,166848,S14,5,4,trtr,2026
1657,166912,S14,5,4,trtr,2026
1658,166976,S14,5,5,trtr,2026
1659,167040,S14,5,5,trtr,2026
1660,167104,S14,5,5,trtr,2026
1661,167168,S14,5,5,trtr,2026
1662,167232,S14,5,7,trtr,2026
1663,167296,S14,5,5,trtr,2026
1664,167360,S14,5,5,trtr,2026
1665,167424,S14,5,5,trtr,2026
1666,167488,S14,5,7,trtr,2026
1667,167552,S14,5,5,trtr,2026
1668,167616,S14,5,5,trtr,2026
1669,167680,S14,5,4,trtr,2026
1670,167744,S14,5,5,trtr,2026
1671,167808,S14,5,5,trtr,2026
1672,167872,S14,5,5,trtr,2026
1673,167936,S14,5,7,trtr,2026
1674,168000,S14,5,5,trtr,2026
1675,168064,S14,5,5,trtr,2026
1676,168128,S14,5,5,trtr,2026
1677,168192,S14,5,5,trtr,2026
1678,168256,S14,5,4,trtr,2026
1679,168320,S14,5,5,trtr,2026
1680,168384,S14,5,7,trtr,2026
1681,168448,S14,5,5,trtr,2026
1682,168512,S14,5,4,trtr,2026
1683,168576,S14,5,5,trtr,2026
1684,168640,S14,5,5,trtr,2026
1685,168704,S14,5,5,trtr,2026
1686,168768,S14,5,5,trtr,2026
1687,168832,S14,5,5,trtr,2026
1688,168896,S14,5,5,trtr,2026
1689,168960,S14,5,0,trtr,2026
1690,169024,S14,5,5,trtr,2026
1691,169088,S14,5,5,trtr,2026
1692,169152,S14,5,5,trtr,2026
1693,169216,S14,5,7,trtr,2026
1694,169280,S14,5,7,trtr,2026
1695,169344,S14,5,5,trtr,2026
1696,169408,S14,5,5,trtr,2026
1697,169472,S14,5,5,trtr,2026
1698,169536,S14,5,5,trtr,2026
1699,169600,S14,5,4,trtr,2026
1700,169664,S14,5,5,trtr,2026
1701,169728,S14,5,5,trtr,2026
1702,169792,S14,5,5,trtr,2026
1703,169856,S14,5,5,trtr,2026
1704,169920,S14,5,5,trtr,2026
1705,169984,S14,5,5,trtr,2026
1706,170048,S14,5,7,trtr,2026
1707,170112,S14,5,5,trtr,2026
1708,170176,S14,5,5,trtr,2026
1709,170240,S14,5,5,trtr,2026
1710,170304,S14,5,5,trtr,2026
1711,170368,S14,5,5,trtr,2026
1712,170432,S14,5,5,trtr,2026
1713,170496,S14,5,5,trtr,2026
1714,170560,S14,5,5,trtr,2026
1715,170624,S14,5,5,trtr,2026
1716,170688,S14,5,5,trtr,2026
1717,170752,S14,5,5,trtr,2026
1718,170816,S14,5,7,trtr,2026
1719,170880,S14,5,5,trtr,2026
1720,170944,S14,5,7,trtr,2026
1721,171008,S14,5,5,trtr,2026
1722,171072,S14,5,5,trtr,2026
1723,171136,S14,5,5,trtr,2026
1724,171200,S14,5,5,trtr,2026
1725,171264,S14,5,2,trtr,2026
1726,171328,S14,5,7,trtr,2026
1727,171392,S14,5,5,trtr,2026
1728,171456,S14,5,5,trtr,2026
1729,171520,S14,5,2,trtr,2026
1730,171584,S14,5,5,trtr,2026
1731,171648,S14,5,5,trtr,2026
1732,171712,S14,5,5,trtr,2026
1733,171776,S14,5,0,trtr,2026
1734,171840,S14,5,5,trtr,2026
1735,171904,S14,5,5,trtr,2026
1736,171968,S14,5,5,trtr,2026
1737,172032,S14,5,5,trtr,2026
1738,172096,S14,5,0,trtr,2026
1739,172160,S14,5,5,trtr,2026
1740,172224,S14,5,0,trtr,2026
1741,172288,S14,5,5,trtr,2026
1742,172352,S14,5,4,trtr,2026
1743,172416,S14,5,5,trtr,2026
1744,172480,S14,5,4,trtr,2026
1745,172544,S14,5,5,trtr,2026
1746,172608,S14,5,5,trtr,2026
1747,172672,S14,5,4,trtr,2026
1748,172736,S14,5,5,trtr,2026
1749,172800,S14,5,4,trtr,2026
1750,172864,S14,5,7,trtr,2026
1751,172928,S14,5,5,trtr,2026
1752,172992,S14,5,5,trtr,2026
1753,173056,S14,5,0,trtr,2026
1754,173120,S14,5,5,trtr,2026
1755,173184,S14,5,5,trtr,2026
1756,173248,S14,5,7,trtr,2026
1757,173312,S14,5,5,trtr,2026
1758,173376,S14,5,5,trtr,2026
1759,173440,S14,5,5,trtr,2026
1760,173504,S14,5,5,trtr,2026
1761,173568,S14,5,5,trtr,2026
1762,173632,S14,5,5,trtr,2026
1763,173696,S14,5,5,trtr,2026
1764,173760,S14,5,5,trtr,2026
1765,173824,S14,5,0,trtr,2026
1766,173888,S14,5,5,trtr,2026
1767,173952,S14,5,5,trtr,2026
1768,174016,S14,5,5,trtr,2026
1769,174080,S14,5,4,trtr,2026
1770,174144,S14,5,5,trtr,2026
1771,174208,S14,5,5,trtr,2026
1772,174272,S14,5,7,trtr,2026
1773,174336,S14,5,5,trtr,2026
1774,174400,S14,5,4,trtr,2026
1775,174464,S14,5,5,trtr,2026
1776,174528,S14,5,5,trtr,2026
1777,174592,S14,5,5,trtr,2026
1778,174656,S14,5,0,trtr,2026
1779,174720,S14,5,5,trtr,2026
1780,174784,S14,5,0,trtr,2026
1781,174848,S14,5,5,trtr,2026
1782,174912,S14,5,5,trtr,2026
1783,174976,S14,5,5,trtr,2026
1784,175040,S14,5,5,trtr,2026
1785,175104,S14,5,5,trtr,2026
1786,175168,S14,5,5,trtr,2026
1787,175232,S14,5,5,trtr,2026
1788,175296,S14,5,5,trtr,2026
1789,175360,S14,5,5,trtr,2026
1790,175424,S14,5,5,trtr,2026
1791,175488,S14,5,7,trtr,2026
1792,175552,S14,5,5,trtr,2026
1793,175616,S14,5,5,trtr,2026
1794,175680,S14,5,4,trtr,2026
1795,175744,S14,5,7,trtr,2026
1796,175808,S14,5,0,trtr,2026
1797,175872,S14,5,5,trtr,2026
1798,175936,S14,5,5,trtr,2026
1799,176000,S14,5,5,trtr,2026
1800,176064,S14,5,0,trtr,2026
1801,176128,S14,5,5,trtr,2026
1802,176192,S14,5,0,trtr,2026
1803,176256,S14,5,5,trtr,2026
1804,176320,S14,5,5,trtr,2026
1805,176384,S14,5,5,trtr,2026
1806,176448,S14,5,5,trtr,2026
1807,176512,S14,5,5,trtr,2026
1808,176576,S14,5,5,trtr,2026
1809,176640,S14,5,7,trtr,2026
1810,176704,S14,5,5,trtr,2026
1811,176768,S14,5,5,trtr,2026
1812,176832,S14,5,5,trtr,2026
1813,176896,S14,5,4,trtr,2026
1814,176960,S14,5,5,trtr,2026
1815,177024,S14,5,7,trtr,2026
1816,177088,S14,5,5,trtr,2026
1817,177152,S14,5,5,trtr,2026
1818,177216,S14,5,5,trtr,2026
1819,177280,S14,5,5,trtr,2026
1820,177344,S14,5,2,trtr,2026
1821,177408,S14,5,5,trtr,2026
1822,177472,S14,5,5,trtr,2026
1823,177536,S14,5,5,trtr,2026
1824,177600,S14,5,4,trtr,2026
1825,177664,S14,5,7,trtr,2026
1826,177728,S14,5,5,trtr,2026
1827,177792,S14,5,5,trtr,2026
1828,177856,S14,5,5,trtr,2026
1829,177920,S14,5,5,trtr,2026
1830,177984,S14,5,5,trtr,2026
1831,178048,S14,5,5,trtr,2026
1832,178112,S14,5,5,trtr,2026
1833,178176,S14,5,5,trtr,2026
1834,178240,S14,5,5,trtr,2026
1835,178304,S14,5,5,trtr,2026
1836,178368,S14,5,5,trtr,2026
1837,178432,S14,5,5,trtr,2026
1838,178496,S14,5,5,trtr,2026
1839,178560,S14,5,5,trtr,2026
1840,178624,S14,5,4,trtr,2026
1841,178688,S14,5,7,trtr,2026
1842,178752,S14,5,5,trtr,2026
1843,178816,S14,5,5,trtr,2026
1844,178880,S14,5,4,trtr,2026
1845,178944,S14,5,5,trtr,2026
1846,179008,S14,5,5,trtr,2026
1847,179072,S14,5,5,trtr,2026
1848,179136,S14,5,5,trtr,2026
1849,179200,S14,5,5,trtr,2026
1850,179264,S14,5,5,trtr,2026
1851,179328,S14,5,5,trtr,2026
1852,179392,S14,5,7,trtr,2026
1853,179456,S14,5,4,trtr,2026
1854,179520,S14,5,5,trtr,2026
1855,179584,S14,5,4,trtr,2026
1856,179648,S14,5,5,trtr,2026
1857,179712,S14,5,5,trtr,2026
1858,179776,S14,5,5,trtr,2026
1859,179840,S14,5,7,trtr,2026
1860,179904,S14,5,5,trtr,2026
1861,179968,S14,5,5,trtr,2026
1862,180032,S14,5,5,trtr,2026
1863,180096,S14,5,5,trtr,2026
1864,180160,S14,5,5,trtr,2026
1865,180224,S14,5,5,trtr,2026
1866,180288,S14,5,7,trtr,2026
1867,180352,S14,5,0,trtr,2026
1868,180416,S14,5,5,trtr,2026
1869,180480,S14,5,5,trtr,2026
1870,180544,S14,5,5,trtr,2026
1871,180608,S14,5,5,trtr,2026
1872,180672,S14,5,5,trtr,2026
1873,180736,S14,5,5,trtr,2026
1874,180800,S14,5,5,trtr,2026
1875,180864,S14,5,5,trtr,2026
1876,180928,S14,5,5,trtr,2026
1877,180992,S14,5,5,trtr,2026
1878,181056,S14,5,5,trtr,2026
1879,181120,S14,5,5,trtr,2026
1880,181184,S14,5,7,trtr,2026
1881,181248,S14,5,5,trtr,2026
1882,181312,S14,5,5,trtr,2026
1883,181376,S14,5,5,trtr,2026
1884,181440,S14,5,5,trtr,2026
1885,181504,S14,5,5,trtr,2026
1886,181568,S14,5,2,trtr,2026
1887,181632,S14,5,7,trtr,2026
1888,181696,S14,5,5,trtr,2026
1889,181760,S14,5,5,trtr,2026
1890,181824,S14,5,5,trtr,2026
1891,181888,S14,5,5,trtr,2026
1892,181952,S14,5,5,trtr,2026
1893,182016,S14,5,5,trtr,2026
1894,182080,S14,5,5,trtr,2026
1895,182144,S14,5,4,trtr,2026
1896,182208,S14,5,4,trtr,2026
1897,182272,S14,5,5,trtr,2026
1898,182336,S14,5,5,trtr,2026
1899,182400,S14,5,0,trtr,2026
1900,182464,S14,5,0,trtr,2026
1901,182528,S14,5,4,trtr,2026
1902,182592,S14,5,7,trtr,2026
1903,182656,S14,5,7,trtr,2026
1904,182720,S14,5,5,trtr,2026
1905,182784,S14,5,5,trtr,2026
1906,182848,S14,5,5,trtr,2026
1907,182912,S14,5,5,trtr,2026
1908,182976,S14,5,7,trtr,2026
1909,183040,S14,5,5,trtr,2026
1910,183104,S14,5,4,trtr,2026
1911,183168,S14,5,5,trtr,2026
1912,183232,S14,5,5,trtr,2026
1913,183296,S14,5,5,trtr,2026
1914,183360,S14,5,5,trtr,2026
1915,183424,S14,5,5,trtr,2026
1916,183488,S14,5,5,trtr,2026
1917,183552,S14,5,5,trtr,2026
1918,183616,S14,5,4,trtr,2026
1919,183680,S14,5,5,trtr,2026
1920,183744,S14,5,5,trtr,2026
1921,183808,S14,5,5,trtr,2026
1922,183872,S14,5,5,trtr,2026
1923,183936,S14,5,5,trtr,2026
1924,184000,S14,5,5,trtr,2026
1925,184064,S14,5,5,trtr,2026
1926,184128,S14,5,5,trtr,2026
1927,184192,S14,5,7,trtr,2026
1928,184256,S14,5,5,trtr,2026
1929,184320,S14,5,5,trtr,2026
1930,184384,S14,5,7,trtr,2026
1931,184448,S14,5,5,trtr,2026
1932,184512,S14,5,5,trtr,2026
1933,184576,S14,5,5,trtr,2026
1934,184640,S14,5,5,trtr,2026
1935,184704,S14,5,5,trtr,2026
1936,184768,S14,5,0,trtr,2026
1937,184832,S14,5,5,trtr,2026
1938,184896,S14,5,7,trtr,2026
1939,184960,S14,5,7,trtr,2026
1940,185024,S14,5,5,trtr,2026
1941,185088,S14,5,5,trtr,2026
1942,185152,S14,5,0,trtr,2026
1943,185216,S14,5,5,trtr,2026
1944,185280,S14,5,5,trtr,2026
1945,185344,S14,5,7,trtr,2026
1946,185408,S14,5,5,trtr,2026
1947,185472,S14,5,5,trtr,2026
1948,185536,S14,5,4,trtr,2026
1949,185600,S14,5,5,trtr,2026
1950,185664,S14,5,5,trtr,2026
1951,185728,S14,5,5,trtr,2026
1952,185792,S14,5,0,trtr,2026
1953,185856,S14,5,5,trtr,2026
1954,185920,S14,5,5,trtr,2026
1955,185984,S14,5,5,trtr,2026
1956,186048,S14,5,5,trtr,2026
1957,186112,S14,5,7,trtr,2026
1958,186176,S14,5,5,trtr,2026
1959,186240,S14,5,5,trtr,2026
1960,186304,S14,5,4,trtr,2026
1961,186368,S14,5,0,trtr,2026
1962,186432,S14,5,5,trtr,2026
1963,186496,S14,5,0,trtr,2026
1964,186560,S14,5,7,trtr,2026
1965,186624,S14,5,7,trtr,2026
1966,186688,S14,5,7,trtr,2026
1967,186752,S14,5,5,trtr,2026
1968,186816,S14,5,0,trtr,2026
1969,186880,S14,5,5,trtr,2026
1970,186944,S14,5,5,trtr,2026
1971,187008,S14,5,5,trtr,2026
1972,187072,S14,5,7,trtr,2026
1973,187136,S14,5,7,trtr,2026
1974,187200,S14,5,5,trtr,2026
1975,187264,S14,5,5,trtr,2026
1976,187328,S14,5,5,trtr,2026
1977,187392,S14,5,5,trtr,2026
1978,187456,S14,5,5,trtr,2026
1979,187520,S14,5,5,trtr,2026
1980,187584,S14,5,2,trtr,2026
1981,187648,S14,5,2,trtr,2026
1982,187712,S14,5,5,trtr,2026
1983,187776,S14,5,7,trtr,2026
1984,187840,S14,5,0,trtr,2026
1985,187904,S14,5,5,trtr,2026
1986,187968,S14,5,5,trtr,2026
1987,188032,S14,5,5,trtr,2026
1988,188096,S14,5,5,trtr,2026
1989,188160,S14,5,7,trtr,2026
1990,188224,S14,5,2,trtr,2026
1991,188288,S14,5,5,trtr,2026
1992,188352,S14,5,5,trtr,2026
1993,188416,S14,5,4,trtr,2026
1994,188480,S14,5,5,trtr,2026
1995,188544,S14,5,5,trtr,2026
1996,188608,S14,5,5,trtr,2026
1997,188672,S14,5,4,trtr,2026
1998,188736,S14,5,0,trtr,2026
1999,188800,S14,5,4,trtr,2026
2000,188864,S14,5,0,trtr,2026
2001,188928,S14,5,5,trtr,2026
2002,188992,S14,5,5,trtr,2026
2003,189056,S14,5,5,trtr,2026
2004,189120,S14,5,5,trtr,2026
2005,189184,S14,5,5,trtr,2026
2006,189248,S14,5,5,trtr,2026
2007,189312,S14,5,5,trtr,2026
2008,189376,S14,5,0,trtr,2026
2009,189440,S14,5,5,trtr,2026
2010,189504,S14,5,5,trtr,2026
2011,189568,S14,5,5,trtr,2026
2012,189632,S14,5,5,trtr,2026
2013,189696,S14,5,4,trtr,2026
2014,189760,S14,5,7,trtr,2026
2015,189824,S14,5,4,trtr,2026
2016,189888,S14,5,7,trtr,2026
2017,189952,S14,5,5,trtr,2026
2018,190016,S14,5,5,trtr,2026
2019,190080,S14,5,5,trtr,2026
2020,190144,S14,5,5,trtr,2026
2021,190208,S14,5,7,trtr,2026
2022,190272,S14,5,7,trtr,2026
2023,190336,S14,5,5,trtr,2026
2024,190400,S14,5,5,trtr,2026
2025,190464,S14,5,5,trtr,2026
2026,190528,S14,5,7,trtr,2026
2027,190592,S14,5,5,trtr,2026
2028,190656,S14,5,7,trtr,2026
2029,190720,S14,5,0,trtr,2026
2030,190784,S14,5,5,trtr,2026
2031,190848,S14,5,5,trtr,2026
2032,190912,S14,5,4,trtr,2026
2033,190976,S14,5,4,trtr,2026
2034,191040,S14,5,5,trtr,2026
2035,191104,S14,5,5,trtr,2026
2036,191168,S14,5,5,trtr,2026
2037,191232,S14,5,5,trtr,2026
2038,191296,S14,5,4,trtr,2026
2039,191360,S14,5,5,trtr,2026
2040,191424,S14,5,5,trtr,2026
2041,191488,S14,5,5,trtr,2026
2042,191552,S14,5,5,trtr,2026
2043,191616,S14,5,4,trtr,2026
2044,191680,S14,5,5,trtr,2026
2045,191744,S14,5,5,trtr,2026
2046,191808,S14,5,5,trtr,2026
2047,191872,S14,5,5,trtr,2026
2048,191936,S14,5,5,trtr,2026
2049,192000,S14,5,4,trtr,2026
2050,192064,S14,5,2,trtr,2026
2051,192128,S14,5,4,trtr,2026
2052,192192,S14,5,5,trtr,2026
2053,192256,S14,5,5,trtr,2026
2054,192320,S14,5,5,trtr,2026
2055,192384,S14,5,5,trtr,2026
2056,192448,S14,5,5,trtr,2026
2057,192512,S14,5,2,trtr,2026
2058,192576,S14,5,7,trtr,2026
2059,192640,S14,5,5,trtr,2026
2060,192704,S14,5,5,trtr,2026
2061,192768,S14,5,5,trtr,2026
2062,192832,S14,5,5,trtr,2026
2063,192896,S14,5,5,trtr,2026
2064,192960,S14,5,4,trtr,2026
2065,193024,S14,5,4,trtr,2026
2066,193088,S14,5,2,trtr,2026
2067,193152,S14,5,5,trtr,2026
2068,193216,S14,5,5,trtr,2026
2069,193280,S14,5,5,trtr,2026
2070,193344,S14,5,7,trtr,2026
2071,193408,S14,5,5,trtr,2026
2072,193472,S14,5,5,trtr,2026
2073,193536,S14,5,5,trtr,2026
2074,193600,S14,5,0,trtr,2026
2075,193664,S14,5,7,trtr,2026
2076,193728,S14,5,5,trtr,2026
2077,193792,S14,5,2,trtr,2026
2078,193856,S14,5,5,trtr,2026
2079,193920,S14,5,5,trtr,2026
2080,193984,S14,5,7,trtr,2026
2081,194048,S14,5,7,trtr,2026
2082,194112,S14,5,5,trtr,2026
2083,194176,S14,5,6,trtr,2026
2084,194240,S14,5,5,trtr,2026
2085,194304,S14,5,5,trtr,2026
2086,194368,S14,5,5,trtr,2026
2087,194432,S14,5,0,trtr,2026
2088,194496,S14,5,2,trtr,2026
2089,194560,S14,5,5,trtr,2026
2090,194624,S14,5,0,trtr,2026
2091,194688,S14,5,7,trtr,2026
2092,194752,S14,5,5,trtr,2026
2093,194816,S14,5,7,trtr,2026
2094,194880,S14,5,0,trtr,2026
2095,194944,S14,5,5,trtr,2026
2096,195008,S14,5,5,trtr,2026
2097,195072,S14,5,5,trtr,2026
2098,195136,S14,5,5,trtr,2026
2099,195200,S14,5,5,trtr,2026
2100,195264,S14,5,5,trtr,2026
2101,195328,S14,5,5,trtr,2026
2102,195392,S14,5,5,trtr,2026
2103,195456,S14,5,4,trtr,2026
2104,195520,S14,5,5,trtr,2026
2105,195584,S14,5,5,trtr,2026
2106,195648,S14,5,5,trtr,2026
2107,195712,S14,5,7,trtr,2026
2108,195776,S14,5,5,trtr,2026
2109,195840,S14,5,5,trtr,2026
2110,195904,S14,5,5,trtr,2026
2111,195968,S14,5,7,trtr,2026
2112,196032,S14,5,4,trtr,2026
2113,196096,S14,5,4,trtr,2026
2114,196160,S14,5,4,trtr,2026
2115,196224,S14,5,5,trtr,2026
2116,196288,S14,5,5,trtr,2026
2117,196352,S14,5,5,trtr,2026
2118,196416,S14,5,5,trtr,2026
2119,196480,S14,5,7,trtr,2026
2120,196544,S14,5,5,trtr,2026
2121,196608,S14,5,5,trtr,2026
2122,196672,S14,5,5,trtr,2026
2123,196736,S14,5,5,trtr,2026
2124,196800,S14,5,5,trtr,2026
2125,196864,S14,5,5,trtr,2026
2126,196928,S14,5,5,trtr,2026
2127,196992,S14,5,5,trtr,2026
2128,197056,S14,5,5,trtr,2026
2129,197120,S14,5,4,trtr,2026
2130,197184,S14,5,4,trtr,2026
2131,197248,S14,5,5,trtr,2026
2132,197312,S14,5,5,trtr,2026
2133,197376,S14,5,5,trtr,2026
2134,197440,S14,5,5,trtr,2026
2135,197504,S14,5,5,trtr,2026
2136,197568,S14,5,5,trtr,2026
2137,197632,S14,5,7,trtr,2026
2138,197696,S14,5,7,trtr,2026
2139,197760,S14,5,5,trtr,2026
2140,197824,S14,5,4,trtr,2026
2141,197888,S14,5,2,trtr,2026
2142,197952,S14,5,5,trtr,2026
2143,198016,S14,5,5,trtr,2026
2144,198080,S14,5,5,trtr,2026
2145,198144,S14,5,5,trtr,2026
2146,198208,S14,5,5,trtr,2026
2147,198272,S14,5,5,trtr,2026
2148,198336,S14,5,7,trtr,2026
2149,198400,S14,5,5,trtr,2026
2150,198464,S14,5,5,trtr,2026
2151,198528,S14,5,5,trtr,2026
2152,198592,S14,5,5,trtr,2026
2153,198656,S14,5,5,trtr,2026
2154,198720,S14,5,5,trtr,2026
2155,198784,S14,5,5,trtr,2026
2156,198848,S14,5,5,trtr,2026
2157,198912,S14,5,5,trtr,2026
2158,198976,S14,5,5,trtr,2026
2159,199040,S14,5,5,trtr,2026
2160,199104,S14,5,5,trtr,2026
2161,199168,S14,5,5,trtr,2026
2162,199232,S14,5,5,trtr,2026
2163,199296,S14,5,0,trtr,2026
2164,199360,S14,5,4,trtr,2026
2165,199424,S14,5,5,trtr,2026
2166,199488,S14,5,5,trtr,2026
2167,199552,S14,5,5,trtr,2026
2168,199616,S14,5,5,trtr,2026
2169,199680,S14,5,2,trtr,2026
2170,199744,S14,5,5,trtr,2026
2171,199808,S14,5,5,trtr,2026
2172,199872,S14,5,5,trtr,2026
2173,199936,S14,5,5,trtr,2026
2174,200000,S14,5,5,trtr,2026
2175,200064,S14,5,5,trtr,2026
2176,200128,S14,5,0,trtr,2026
2177,200192,S14,5,7,trtr,2026
2178,200256,S14,5,5,trtr,2026
2179,200320,S14,5,5,trtr,2026
2180,200384,S14,5,5,trtr,2026
2181,200448,S14,5,5,trtr,2026
2182,200512,S14,5,4,trtr,2026
2183,200576,S14,5,4,trtr,2026
2184,200640,S14,5,5,trtr,2026
2185,200704,S14,5,5,trtr,2026
2186,200768,S14,5,5,trtr,2026
2187,200832,S14,5,5,trtr,2026
2188,200896,S14,5,0,trtr,2026
2189,200960,S14,5,5,trtr,2026
2190,201024,S14,5,5,trtr,2026
2191,201088,S14,5,0,trtr,2026
2192,201152,S14,5,5,trtr,2026
2193,201216,S14,5,5,trtr,2026
2194,201280,S14,5,0,trtr,2026
2195,201344,S14,5,7,trtr,2026
2196,201408,S14,5,5,trtr,2026
2197,201472,S14,5,2,trtr,2026
2198,201536,S14,5,5,trtr,2026
2199,201600,S14,5,5,trtr,2026
2200,201664,S14,5,5,trtr,2026
2201,201728,S14,5,5,trtr,2026
2202,201792,S14,5,5,trtr,2026
2203,201856,S14,5,5,trtr,2026
2204,201920,S14,5,0,trtr,2026
2205,201984,S14,5,5,trtr,2026
2206,202048,S14,5,5,trtr,2026
2207,202112,S14,5,5,trtr,2026
2208,202176,S14,5,5,trtr,2026
2209,202240,S14,5,5,trtr,2026
2210,202304,S14,5,5,trtr,2026
2211,202368,S14,5,5,trtr,2026
2212,202432,S14,5,5,trtr,2026
2213,202496,S14,5,5,trtr,2026
2214,202560,S14,5,7,trtr,2026
2215,202624,S14,5,5,trtr,2026
2216,202688,S14,5,0,trtr,2026
2217,202752,S14,5,5,trtr,2026
2218,202816,S14,5,5,trtr,2026
2219,202880,S14,5,5,trtr,2026
2220,202944,S14,5,5,trtr,2026
2221,203008,S14,5,5,trtr,2026
2222,203072,S14,5,4,trtr,2026
2223,203136,S14,5,7,trtr,2026
2224,203200,S14,5,5,trtr,2026
2225,203264,S14,5,5,trtr,2026
2226,203328,S14,5,5,trtr,2026
2227,203392,S14,5,5,trtr,2026
2228,203456,S14,5,5,trtr,2026
2229,203520,S14,5,5,trtr,2026
2230,203584,S14,5,5,trtr,2026
2231,203648,S14,5,7,trtr,2026
2232,203712,S14,5,5,trtr,2026
2233,203776,S14,5,4,trtr,2026
2234,203840,S14,5,5,trtr,2026
2235,203904,S14,5,4,trtr,2026
2236,203968,S14,5,4,trtr,2026
2237,204032,S14,5,7,trtr,2026
2238,204096,S14,5,5,trtr,2026
2239,204160,S14,5,4,trtr,2026
2240,204224,S14,5,5,trtr,2026
2241,204288,S14,5,5,trtr,2026
2242,204352,S14,5,5,trtr,2026
2243,204416,S14,5,7,trtr,2026
2244,204480,S14,5,5,trtr,2026
2245,204544,S14,5,5,trtr,2026
2246,204608,S14,5,5,trtr,2026
2247,204672,S14,5,7,trtr,2026
2248,204736,S14,5,7,trtr,2026
2249,204800,S14,5,5,trtr,2026
2250,204864,S14,5,4,trtr,2026
2251,204928,S14,5,4,trtr,2026
2252,204992,S14,5,5,trtr,2026
2253,205056,S14,5,5,trtr,2026
2254,205120,S14,5,5,trtr,2026
2255,205184,S14,5,5,trtr,2026
2256,205248,S14,5,5,trtr,2026
2257,205312,S14,5,4,trtr,2026
2258,205376,S14,5,5,trtr,2026
2259,205440,S14,5,7,trtr,2026
2260,205504,S14,5,4,trtr,2026
2261,205568,S14,5,7,trtr,2026
2262,205632,S14,5,7,trtr,2026
2263,205696,S14,5,5,trtr,2026
2264,205760,S14,5,5,trtr,2026
2265,205824,S14,5,7,trtr,2026
2266,205888,S14,5,7,trtr,2026
2267,205952,S14,5,5,trtr,2026
2268,206016,S14,5,5,trtr,2026
2269,206080,S14,5,4,trtr,2026
2270,206144,S14,5,2,trtr,2026
2271,206208,S14,5,5,trtr,2026
2272,206272,S14,5,5,trtr,2026
2273,206336,S14,5,5,trtr,2026
2274,206400,S14,5,5,trtr,2026
2275,206464,S14,5,2,trtr,2026
2276,206528,S14,5,5,trtr,2026
2277,206592,S14,5,5,trtr,2026
2278,206656,S14,5,5,trtr,2026
2279,206720,S14,5,7,trtr,2026
2280,206912,S14,6,5,trtr,2026
2281,206976,S14,6,5,trtr,2026
2282,207040,S14,6,1,trtr,2026
2283,207104,S14,6,5,trtr,2026
2284,207168,S14,6,2,trtr,2026
2285,207232,S14,6,6,trtr,2026
2286,207296,S14,6,6,trtr,2026
2287,207360,S14,6,5,trtr,2026
2288,207424,S14,6,5,trtr,2026
2289,207488,S14,6,1,trtr,2026
2290,207552,S14,6,1,trtr,2026
2291,207616,S14,6,5,trtr,2026
2292,207680,S14,6,5,trtr,2026
2293,207744,S14,6,5,trtr,2026
2294,207808,S14,6,5,trtr,2026
2295,207872,S14,6,5,trtr,2026
2296,207936,S14,6,0,trtr,2026
2297,208000,S14,6,5,trtr,2026
2298,208064,S14,6,5,trtr,2026
2299,208128,S14,6,5,trtr,2026
2300,208192,S14,6,5,trtr,2026
2301,208256,S14,6,5,trtr,2026
2302,208320,S14,6,1,trtr,2026
2303,208384,S14,6,5,trtr,2026
2304,208448,S14,6,5,trtr,2026
2305,208512,S14,6,6,trtr,2026
2306,208576,S14,6,5,trtr,2026
2307,208640,S14,6,5,trtr,2026
2308,208704,S14,6,5,trtr,2026
2309,208768,S14,6,1,trtr,2026
2310,208832,S14,6,5,trtr,2026
2311,208896,S14,6,5,trtr,2026
2312,208960,S14,6,6,trtr,2026
2313,209024,S14,6,5,trtr,2026
2314,209088,S14,6,5,trtr,2026
2315,209152,S14,6,5,trtr,2026
2316,209216,S14,6,1,trtr,2026
2317,209280,S14,6,5,trtr,2026
2318,209344,S14,6,6,trtr,2026
2319,209408,S14,6,4,trtr,2026
2320,209472,S14,6,5,trtr,2026
2321,209536,S14,6,1,trtr,2026
2322,209600,S14,6,2,trtr,2026
2323,209664,S14,6,6,trtr,2026
2324,209728,S14,6,5,trtr,2026
2325,209792,S14,6,7,trtr,2026
2326,209856,S14,6,5,trtr,2026
2327,209920,S14,6,7,trtr,2026
2328,209984,S14,6,1,trtr,2026
2329,210048,S14,6,6,trtr,2026
2330,210112,S14,6,5,trtr,2026
2331,210176,S14,6,5,trtr,2026
2332,210240,S14,6,5,trtr,2026
2333,210304,S14,6,6,trtr,2026
2334,210368,S14,6,1,trtr,2026
2335,210432,S14,6,5,trtr,2026
2336,210496,S14,6,5,trtr,2026
2337,210560,S14,6,5,trtr,2026
2338,210624,S14,6,2,trtr,2026
2339,210688,S14,6,5,trtr,2026
2340,210752,S14,6,1,trtr,2026
2341,210816,S14,6,5,trtr,2026
2342,210880,S14,6,5,trtr,2026
2343,210944,S14,6,5,trtr,2026
2344,211008,S14,6,0,trtr,2026
2345,211072,S14,6,0,trtr,2026
2346,211136,S14,6,5,trtr,2026
2347,211200,S14,6,5,trtr,2026
2348,211264,S14,6,5,trtr,2026
2349,211328,S14,6,6,trtr,2026
2350,211392,S14,6,6,trtr,2026
2351,211456,S14,6,1,trtr,2026
2352,211520,S14,6,5,trtr,2026
2353,211584,S14,6,5,trtr,2026
2354,211648,S14,6,5,trtr,2026
2355,211712,S14,6,5,trtr,2026
2356,211776,S14,6,6,trtr,2026
2357,211840,S14,6,6,trtr,2026
2358,211904,S14,6,5,trtr,2026
2359,211968,S14,6,1,trtr,2026
2360,212032,S14,6,5,trtr,2026
2361,212096,S14,6,1,trtr,2026
2362,212160,S14,6,5,trtr,2026
2363,212224,S14,6,6,trtr,2026
2364,212288,S14,6,6,trtr,2026
2365,212352,S14,6,4,trtr,2026
2366,212416,S14,6,4,trtr,2026
2367,212480,S14,6,1,trtr,2026
2368,212544,S14,6,6,trtr,2026
2369,212608,S14,6,6,trtr,2026
2370,212672,S14,6,4,trtr,2026
2371,212736,S14,6,5,trtr,2026
2372,212800,S14,6,2,trtr,2026
2373,212864,S14,6,5,trtr,2026
2374,212928,S14,6,0,trtr,2026
2375,212992,S14,6,6,trtr,2026
2376,213056,S14,6,5,trtr,2026
2377,213120,S14,6,6,trtr,2026
2378,213184,S14,6,5,trtr,2026
2379,213248,S14,6,1,trtr,2026
2380,213312,S14,6,5,trtr,2026
2381,213376,S14,6,5,trtr,2026
2382,213440,S14,6,5,trtr,2026
2383,213504,S14,6,5,trtr,2026
2384,213568,S14,6,5,trtr,2026
2385,213632,S14,6,1,trtr,2026
2386,213696,S14,6,5,trtr,2026
2387,213760,S14,6,1,trtr,2026
2388,213824,S14,6,1,trtr,2026
2389,213888,S14,6,5,trtr,2026
2390,213952,S14,6,5,trtr,2026
2391,214016,S14,6,1,trtr,2026
2392,214080,S14,6,6,trtr,2026
2393,214144,S14,6,6,trtr,2026
2394,214208,S14,6,5,trtr,2026
2395,214272,S14,6,6,trtr,2026
2396,214336,S14,6,0,trtr,2026
2397,214400,S14,6,0,trtr,2026
2398,214464,S14,6,0,trtr,2026
2399,214528,S14,6,1,trtr,2026
2400,214592,S14,6,5,trtr,2026
2401,214656,S14,6,5,trtr,2026
2402,214720,S14,6,3,trtr,2026
2403,214784,S14,6,5,trtr,2026
2404,214848,S14,6,5,trtr,2026
2405,214912,S14,6,5,trtr,2026
2406,214976,S14,6,5,trtr,2026
2407,215040,S14,6,1,trtr,2026
2408,215104,S14,6,0,trtr,2026
2409,215168,S14,6,5,trtr,2026
2410,215232,S14,6,1,trtr,2026
2411,215296,S14,6,6,trtr,2026
2412,215360,S14,6,4,trtr,2026
2413,215424,S14,6,5,trtr,2026
2414,215488,S14,6,1,trtr,2026
2415,215552,S14,6,5,trtr,2026
2416,215616,S14,6,1,trtr,2026
2417,215680,S14,6,1,trtr,2026
2418,215744,S14,6,5,trtr,2026
2419,215808,S14,6,5,trtr,2026
2420,215872,S14,6,2,trtr,2026
2421,215936,S14,6,5,trtr,2026
2422,216000,S14,6,1,trtr,2026
2423,216064,S14,6,5,trtr,2026
2424,216128,S14,6,5,trtr,2026
2425,216192,S14,6,5,trtr,2026
2426,216256,S14,6,6,trtr,2026
2427,216320,S14,6,1,trtr,2026
2428,216384,S14,6,5,trtr,2026
2429,216448,S14,6,6,trtr,2026
2430,216512,S14,6,1,trtr,2026
2431,216576,S14,6,0,trtr,2026
2432,216640,S14,6,0,trtr,2026
2433,216704,S14,6,5,trtr,2026
2434,216768,S14,6,5,trtr,2026
2435,216832,S14,6,5,trtr,2026
2436,216896,S14,6,6,trtr,2026
2437,216960,S14,6,1,trtr,2026
2438,217024,S14,6,5,trtr,2026
2439,217088,S14,6,5,trtr,2026
2440,217152,S14,6,5,trtr,2026
2441,217216,S14,6,5,trtr,2026
2442,217280,S14,6,6,trtr,2026
2443,217344,S14,6,1,trtr,2026
2444,217408,S14,6,6,trtr,2026
2445,217472,S14,6,5,trtr,2026
2446,217536,S14,6,6,trtr,2026
2447,217600,S14,6,6,trtr,2026
2448,217664,S14,6,5,trtr,2026
2449,217728,S14,6,6,trtr,2026
2450,217792,S14,6,5,trtr,2026
2451,217856,S14,6,5,trtr,2026
2452,217920,S14,6,6,trtr,2026
2453,217984,S14,6,5,trtr,2026
2454,218048,S14,6,5,trtr,2026
2455,218112,S14,6,6,trtr,2026
2456,218176,S14,6,5,trtr,2026
2457,218240,S14,6,5,trtr,2026
2458,218304,S14,6,0,trtr,2026
2459,218368,S14,6,1,trtr,2026
2460,218432,S14,6,5,trtr,2026
2461,218496,S14,6,5,trtr,2026
2462,218560,S14,6,5,trtr,2026
2463,218624,S14,6,5,trtr,2026
2464,218688,S14,6,6,trtr,2026
2465,218752,S14,6,0,trtr,2026
2466,218816,S14,6,6,trtr,2026
2467,218880,S14,6,5,trtr,2026
2468,218944,S14,6,5,trtr,2026
2469,219008,S14,6,6,trtr,2026
2470,219072,S14,6,6,trtr,2026
2471,219136,S14,6,6,trtr,2026
2472,219200,S14,6,1,trtr,2026
2473,219264,S14,6,6,trtr,2026
2474,219328,S14,6,1,trtr,2026
2475,219392,S14,6,1,trtr,2026
2476,219456,S14,6,1,trtr,2026
2477,219520,S14,6,2,trtr,2026
2478,219584,S14,6,0,trtr,2026
2479,219648,S14,6,5,trtr,2026
2480,219712,S14,6,0,trtr,2026
2481,219776,S14,6,5,trtr,2026
2482,219840,S14,6,5,trtr,2026
2483,219904,S14,6,5,trtr,2026
2484,219968,S14,6,5,trtr,2026
2485,220032,S14,6,5,trtr,2026
2486,220096,S14,6,6,trtr,2026
2487,220160,S14,6,5,trtr,2026
2488,220224,S14,6,5,trtr,2026
2489,220288,S14,6,6,trtr,2026
2490,220352,S14,6,4,trtr,2026
2491,220416,S14,6,5,trtr,2026
2492,220480,S14,6,1,trtr,2026
2493,220544,S14,6,6,trtr,2026
2494,220608,S14,6,1,trtr,2026
2495,220672,S14,6,5,trtr,2026
2496,220736,S14,6,5,trtr,2026
2497,220800,S14,6,5,trtr,2026
2498,220864,S14,6,1,trtr,2026
2499,220928,S14,6,1,trtr,2026
2500,220992,S14,6,5,trtr,2026
2501,221056,S14,6,6,trtr,2026
2502,221120,S14,6,5,trtr,2026
2503,221184,S14,6,5,trtr,2026
2504,221248,S14,6,6,trtr,2026
2505,221312,S14,6,0,trtr,2026
2506,221376,S14,6,5,trtr,2026
2507,221440,S14,6,0,trtr,2026
2508,221504,S14,6,5,trtr,2026
2509,221568,S14,6,7,trtr,2026
2510,221632,S14,6,0,trtr,2026
2511,221696,S14,6,6,trtr,2026
2512,221760,S14,6,6,trtr,2026
2513,221824,S14,6,5,trtr,2026
2514,221888,S14,6,5,trtr,2026
2515,221952,S14,6,1,trtr,2026
2516,222016,S14,6,5,trtr,2026
2517,222080,S14,6,5,trtr,2026
2518,222144,S14,6,1,trtr,2026
2519,222208,S14,6,5,trtr,2026
2520,222272,S14,6,1,trtr,2026
2521,222336,S14,6,5,trtr,2026
2522,222400,S14,6,1,trtr,2026
2523,222464,S14,6,6,trtr,2026
2524,222528,S14,6,0,trtr,2026
2525,222592,S14,6,5,trtr,2026
2526,222656,S14,6,5,trtr,2026
2527,222720,S14,6,5,trtr,2026
2528,222784,S14,6,5,trtr,2026
2529,222848,S14,6,5,trtr,2026
2530,222912,S14,6,5,trtr,2026
2531,222976,S14,6,5,trtr,2026
2532,223040,S14,6,5,trtr,2026
2533,223104,S14,6,5,trtr,2026
2534,223168,S14,6,4,trtr,2026
2535,223232,S14,6,6,trtr,2026
2536,223296,S14,6,5,trtr,2026
2537,223360,S14,6,0,trtr,2026
2538,223424,S14,6,5,trtr,2026
2539,223488,S14,6,1,trtr,2026
2540,223552,S14,6,1,trtr,2026
2541,223616,S14,6,6,trtr,2026
2542,223680,S14,6,0,trtr,2026
2543,223744,S14,6,1,trtr,2026
2544,223808,S14,6,5,trtr,2026
2545,223872,S14,6,1,trtr,2026
2546,223936,S14,6,6,trtr,2026
2547,224000,S14,6,0,trtr,2026
2548,224064,S14,6,1,trtr,2026
2549,224128,S14,6,0,trtr,2026
2550,224192,S14,6,1,trtr,2026
2551,224256,S14,6,5,trtr,2026
2552,224320,S14,6,1,trtr,2026
2553,224384,S14,6,5,trtr,2026
2554,224448,S14,6,5,trtr,2026
2555,224512,S14,6,1,trtr,2026
2556,224576,S14,6,5,trtr,2026
2557,224640,S14,6,1,trtr,2026
2558,224704,S14,6,5,trtr,2026
2559,224768,S14,6,5,trtr,2026
2560,224832,S14,6,1,trtr,2026
2561,224896,S14,6,5,trtr,2026
2562,224960,S14,6,5,trtr,2026
2563,225024,S14,6,5,trtr,2026
2564,225088,S14,6,5,trtr,2026
2565,225152,S14,6,5,trtr,2026
2566,225216,S14,6,5,trtr,2026
2567,225280,S14,6,5,trtr,2026
2568,225344,S14,6,5,trtr,2026
2569,225408,S14,6,6,trtr,2026
2570,225472,S14,6,5,trtr,2026
2571,225536,S14,6,0,trtr,2026
2572,225600,S14,6,1,trtr,2026
2573,225664,S14,6,5,trtr,2026
2574,225728,S14,6,5,trtr,2026
2575,225792,S14,6,1,trtr,2026
2576,225856,S14,6,5,trtr,2026
2577,225920,S14,6,6,trtr,2026
2578,225984,S14,6,6,trtr,2026
2579,226048,S14,6,5,trtr,2026
2580,226112,S14,6,5,trtr,2026
2581,226176,S14,6,5,trtr,2026
2582,226240,S14,6,5,trtr,2026
2583,226304,S14,6,6,trtr,2026
2584,226368,S14,6,5,trtr,2026
2585,226432,S14,6,0,trtr,2026
2586,228672,S14,7,7,trtr,2026
2587,228736,S14,7,4,trtr,2026
2588,228800,S14,7,5,trtr,2026
2589,228864,S14,7,5,trtr,2026
2590,228928,S14,7,7,trtr,2026
2591,228992,S14,7,5,trtr,2026
2592,229056,S14,7,7,trtr,2026
2593,229120,S14,7,5,trtr,2026
2594,229184,S14,7,5,trtr,2026
2595,229248,S14,7,5,trtr,2026
2596,229312,S14,7,4,trtr,2026
2597,229376,S14,7,5,trtr,2026
2598,229440,S14,7,7,trtr,2026
2599,229504,S14,7,5,trtr,2026
2600,229568,S14,7,0,trtr,2026
2601,229632,S14,7,5,trtr,2026
2602,229696,S14,7,5,trtr,2026
2603,229760,S14,7,7,trtr,2026
2604,229824,S14,7,7,trtr,2026
2605,229888,S14,7,7,trtr,2026
2606,229952,S14,7,5,trtr,2026
2607,230016,S14,7,5,trtr,2026
2608,230080,S14,7,5,trtr,2026
2609,230144,S14,7,7,trtr,2026
2610,230208,S14,7,5,trtr,2026
2611,230272,S14,7,5,trtr,2026
2612,230336,S14,7,4,trtr,2026
2613,230400,S14,7,7,trtr,2026
2614,230464,S14,7,5,trtr,2026
2615,230528,S14,7,7,trtr,2026
2616,230592,S14,7,5,trtr,2026
2617,230656,S14,7,4,trtr,2026
2618,230720,S14,7,5,trtr,2026
2619,230784,S14,7,5,trtr,2026
2620,230848,S14,7,5,trtr,2026
2621,230912,S14,7,7,trtr,2026
2622,230976,S14,7,5,trtr,2026
2623,231040,S14,7,5,trtr,2026
2624,231104,S14,7,5,trtr,2026
2625,231168,S14,7,7,trtr,2026
2626,231232,S14,7,5,trtr,2026
2627,231296,S14,7,5,trtr,2026
2628,231360,S14,7,5,trtr,2026
2629,231424,S14,7,7,trtr,2026
2630,231488,S14,7,5,trtr,2026
2631,231552,S14,7,0,trtr,2026
2632,231616,S14,7,5,trtr,2026
2633,231680,S14,7,5,trtr,2026
2634,231744,S14,7,2,trtr,2026
2635,231808,S14,7,7,trtr,2026
2636,231872,S14,7,5,trtr,2026
2637,231936,S14,7,4,trtr,2026
2638,232000,S14,7,4,trtr,2026
2639,232064,S14,7,4,trtr,2026
2640,232128,S14,7,5,trtr,2026
2641,232192,S14,7,7,trtr,2026
2642,232256,S14,7,5,trtr,2026
2643,232320,S14,7,5,trtr,2026
2644,232384,S14,7,7,trtr,2026
2645,232448,S14,7,5,trtr,2026
2646,232512,S14,7,5,trtr,2026
2647,232576,S14,7,5,trtr,2026
2648,232640,S14,7,7,trtr,2026
2649,232704,S14,7,5,trtr,2026
2650,232768,S14,7,7,trtr,2026
2651,232832,S14,7,5,trtr,2026
2652,232896,S14,7,4,trtr,2026
2653,232960,S14,7,7,trtr,2026
2654,233024,S14,7,7,trtr,2026
2655,233088,S14,7,4,trtr,2026
2656,233152,S14,7,7,trtr,2026
2657,233216,S14,7,5,trtr,2026
2658,233280,S14,7,5,trtr,2026
2659,233344,S14,7,4,trtr,2026
2660,233408,S14,7,5,trtr,2026
2661,233472,S14,7,5,trtr,2026
2662,233536,S14,7,5,trtr,2026
2663,233600,S14,7,5,trtr,2026
2664,233664,S14,7,4,trtr,2026
2665,233728,S14,7,4,trtr,2026
2666,233792,S14,7,5,trtr,2026
2667,233856,S14,7,5,trtr,2026
2668,233920,S14,7,4,trtr,2026
2669,233984,S14,7,5,trtr,2026
2670,234048,S14,7,5,trtr,2026
2671,234112,S14,7,7,trtr,2026
2672,234176,S14,7,5,trtr,2026
2673,234240,S14,7,5,trtr,2026
2674,234304,S14,7,7,trtr,2026
2675,234368,S14,7,5,trtr,2026
2676,234432,S14,7,7,trtr,2026
2677,234496,S14,7,5,trtr,2026
2678,234560,S14,7,2,trtr,2026
2679,234624,S14,7,7,trtr,2026
2680,234688,S14,7,7,trtr,2026
2681,234752,S14,7,5,trtr,2026
2682,234816,S14,7,5,trtr,2026
2683,234880,S14,7,7,trtr,2026
2684,234944,S14,7,0,trtr,2026
2685,235008,S14,7,5,trtr,2026
2686,235072,S14,7,5,trtr,2026
2687,235136,S14,7,7,trtr,2026
2688,235200,S14,7,5,trtr,2026
2689,235264,S14,7,5,trtr,2026
2690,235328,S14,7,5,trtr,2026
2691,235392,S14,7,5,trtr,2026
2692,235456,S14,7,5,trtr,2026
2693,235520,S14,7,5,trtr,2026
2694,235584,S14,7,5,trtr,2026
2695,235648,S14,7,7,trtr,2026
2696,235712,S14,7,5,trtr,2026
2697,235776,S14,7,5,trtr,2026
2698,235840,S14,7,5,trtr,2026
2699,235904,S14,7,7,trtr,2026
2700,235968,S14,7,7,trtr,2026
2701,236032,S14,7,5,trtr,2026
2702,236096,S14,7,7,trtr,2026
2703,236160,S14,7,5,trtr,2026
2704,236224,S14,7,7,trtr,2026
2705,236288,S14,7,5,trtr,2026
2706,236352,S14,7,7,trtr,2026
2707,236416,S14,7,5,trtr,2026
2708,236480,S14,7,5,trtr,2026
2709,236544,S14,7,5,trtr,2026
2710,236608,S14,7,5,trtr,2026
2711,236672,S14,7,5,trtr,2026
2712,236736,S14,7,5,trtr,2026
2713,236800,S14,7,5,trtr,2026
2714,236864,S14,7,5,trtr,2026
2715,236928,S14,7,5,trtr,2026
2716,236992,S14,7,5,trtr,2026
2717,237056,S14,7,4,trtr,2026
2718,237120,S14,7,5,trtr,2026
2719,237184,S14,7,5,trtr,2026
2720,237248,S14,7,7,trtr,2026
2721,237312,S14,7,5,trtr,2026
2722,237376,S14,7,2,trtr,2026
2723,237440,S14,7,5,trtr,2026
2724,237504,S14,7,5,trtr,2026
2725,237568,S14,7,7,trtr,2026
2726,237632,S14,7,7,trtr,2026
2727,237696,S14,7,5,trtr,2026
2728,237760,S14,7,5,trtr,2026
2729,237824,S14,7,5,trtr,2026
2730,237888,S14,7,5,trtr,2026
2731,237952,S14,7,4,trtr,2026
2732,238016,S14,7,5,trtr,2026
2733,238080,S14,7,2,trtr,2026
2734,238144,S14,7,7,trtr,2026
2735,238208,S14,7,5,trtr,2026
2736,238272,S14,7,5,trtr,2026
2737,238336,S14,7,5,trtr,2026
2738,238400,S14,7,5,trtr,2026
2739,238464,S14,7,5,trtr,2026
2740,238528,S14,7,5,trtr,2026
2741,238592,S14,7,5,trtr,2026
2742,238656,S14,7,5,trtr,2026
2743,238720,S14,7,5,trtr,2026
2744,238784,S14,7,7,trtr,2026
2745,238848,S14,7,5,trtr,2026
2746,238912,S14,7,5,trtr,2026
2747,238976,S14,7,5,trtr,2026
2748,239040,S14,7,5,trtr,2026
2749,239104,S14,7,5,trtr,2026
2750,239168,S14,7,5,trtr,2026
2751,239232,S14,7,4,trtr,2026
2752,239296,S14,7,4,trtr,2026
2753,239360,S14,7,7,trtr,2026
2754,239424,S14,7,7,trtr,2026
2755,239488,S14,7,7,trtr,2026
2756,239552,S14,7,7,trtr,2026
2757,239616,S14,7,5,trtr,2026
2758,239680,S14,7,5,trtr,2026
2759,239744,S14,7,7,trtr,2026
2760,239808,S14,7,2,trtr,2026
2761,239872,S14,7,7,trtr,2026
2762,239936,S14,7,7,trtr,2026
2763,240000,S14,7,5,trtr,2026
2764,240064,S14,7,7,trtr,2026
2765,240128,S14,7,5,trtr,2026
2766,240192,S14,7,5,trtr,2026
2767,240256,S14,7,5,trtr,2026
2768,240320,S14,7,4,trtr,2026
2769,240384,S14,7,5,trtr,2026
2770,240448,S14,7,5,trtr,2026
2771,240512,S14,7,7,trtr,2026
2772,240576,S14,7,7,trtr,2026
2773,240640,S14,7,7,trtr,2026
2774,240704,S14,7,5,trtr,2026
2775,240768,S14,7,7,trtr,2026
2776,240832,S14,7,4,trtr,2026
2777,240896,S14,7,5,trtr,2026
2778,240960,S14,7,5,trtr,2026
2779,241024,S14,7,4,trtr,2026
2780,241088,S14,7,5,trtr,2026
2781,241152,S14,7,5,trtr,2026
2782,241216,S14,7,5,trtr,2026
2783,241280,S14,7,7,trtr,2026
2784,241344,S14,7,7,trtr,2026
2785,241408,S14,7,5,trtr,2026
2786,241472,S14,7,7,trtr,2026
2787,241536,S14,7,5,trtr,2026
2788,241600,S14,7,5,trtr,2026
2789,241664,S14,7,5,trtr,2026
2790,241728,S14,7,5,trtr,2026
2791,241792,S14,7,5,trtr,2026
2792,241856,S14,7,5,trtr,2026
2793,241920,S14,7,5,trtr,2026
2794,241984,S14,7,5,trtr,2026
2795,242048,S14,7,5,trtr,2026
2796,242112,S14,7,5,trtr,2026
2797,242176,S14,7,5,trtr,2026
2798,242240,S14,7,7,trtr,2026
2799,242304,S14,7,5,trtr,2026
2800,242368,S14,7,7,trtr,2026
2801,242432,S14,7,0,trtr,2026
2802,242496,S14,7,7,trtr,2026
2803,242560,S14,7,5,trtr,2026
2804,242624,S14,7,5,trtr,2026
2805,242688,S14,7,7,trtr,2026
2806,242752,S14,7,4,trtr,2026
2807,242816,S14,7,7,trtr,2026
2808,242880,S14,7,5,trtr,2026
2809,242944,S14,7,5,trtr,2026
2810,243008,S14,7,5,trtr,2026
2811,243072,S14,7,5,trtr,2026
2812,243136,S14,7,5,trtr,2026
2813,243200,S14,7,7,trtr,2026
2814,243264,S14,7,4,trtr,2026
2815,243328,S14,7,7,trtr,2026
2816,243392,S14,7,5,trtr,2026
2817,243456,S14,7,5,trtr,2026
2818,243520,S14,7,5,trtr,2026
2819,243584,S14,7,5,trtr,2026
2820,243648,S14,7,5,trtr,2026
2821,243712,S14,7,0,trtr,2026
2822,243776,S14,7,5,trtr,2026
2823,243840,S14,7,4,trtr,2026
2824,243904,S14,7,5,trtr,2026
2825,243968,S14,7,0,trtr,2026
2826,244032,S14,7,5,trtr,2026
2827,244096,S14,7,5,trtr,2026
2828,244160,S14,7,5,trtr,2026
2829,244224,S14,7,5,trtr,2026
2830,244288,S14,7,5,trtr,2026
2831,244352,S14,7,5,trtr,2026
2832,244416,S14,7,5,trtr,2026
2833,244480,S14,7,7,trtr,2026
2834,244544,S14,7,7,trtr,2026
2835,244608,S14,7,5,trtr,2026
2836,244672,S14,7,5,trtr,2026
2837,244736,S14,7,4,trtr,2026
2838,244800,S14,7,7,trtr,2026
2839,244864,S14,7,5,trtr,2026
2840,244928,S14,7,2,trtr,2026
2841,244992,S14,7,7,trtr,2026
2842,245056,S14,7,7,trtr,2026
2843,245120,S14,7,7,trtr,2026
2844,245184,S14,7,7,trtr,2026
2845,245248,S14,7,4,trtr,2026
2846,245312,S14,7,0,trtr,2026
2847,245376,S14,7,7,trtr,2026
2848,245440,S14,7,5,trtr,2026
2849,245504,S14,7,5,trtr,2026
2850,245568,S14,7,7,trtr,2026
2851,245632,S14,7,5,trtr,2026
2852,245696,S14,7,5,trtr,2026
2853,245760,S14,7,5,trtr,2026
2854,245824,S14,7,5,trtr,2026
2855,245888,S14,7,7,trtr,2026
2856,245952,S14,7,5,trtr,2026
2857,246016,S14,7,7,trtr,2026
2858,246080,S14,7,4,trtr,2026
2859,246144,S14,7,7,trtr,2026
2860,246208,S14,7,5,trtr,2026
2861,246272,S14,7,7,trtr,2026
2862,246336,S14,7,5,trtr,2026
2863,246400,S14,7,7,trtr,2026
2864,246464,S14,7,7,trtr,2026
2865,246528,S14,7,5,trtr,2026
2866,246592,S14,7,5,trtr,2026
2867,246656,S14,7,7,trtr,2026
2868,246720,S14,7,4,trtr,2026
2869,246784,S14,7,5,trtr,2026
2870,246848,S14,7,5,trtr,2026
2871,246912,S14,7,5,trtr,2026
2872,246976,S14,7,5,trtr,2026
2873,247040,S14,7,5,trtr,2026
2874,247104,S14,7,7,trtr,2026
2875,247168,S14,7,7,trtr,2026
2876,247232,S14,7,5,trtr,2026
2877,247296,S14,7,5,trtr,2026
2878,247360,S14,7,5,trtr,2026
2879,247424,S14,7,5,trtr,2026
2880,247488,S14,7,7,trtr,2026
2881,247552,S14,7,5,trtr,2026
2882,247616,S14,7,7,trtr,2026
2883,247680,S14,7,7,trtr,2026
2884,247744,S14,7,7,trtr,2026
2885,247808,S14,7,5,trtr,2026
2886,247872,S14,7,5,trtr,2026
2887,247936,S14,7,5,trtr,2026
2888,248000,S14,7,7,trtr,2026
2889,248064,S14,7,4,trtr,2026
2890,248128,S14,7,5,trtr,2026
2891,248192,S14,7,5,trtr,2026
2892,248256,S14,7,5,trtr,2026
2893,248320,S14,7,7,trtr,2026
2894,248384,S14,7,7,trtr,2026
2895,248448,S14,7,7,trtr,2026
2896,248512,S14,7,5,trtr,2026
2897,248576,S14,7,0,trtr,2026
2898,248640,S14,7,5,trtr,2026
2899,248704,S14,7,5,trtr,2026
2900,248768,S14,7,5,trtr,2026
2901,248832,S14,7,4,trtr,2026
2902,248896,S14,7,5,trtr,2026
2903,248960,S14,7,5,trtr,2026
2904,249024,S14,7,5,trtr,2026
2905,249088,S14,7,4,trtr,2026
2906,249152,S14,7,4,trtr,2026
2907,249216,S14,7,7,trtr,2026
2908,249280,S14,7,7,trtr,2026
2909,249344,S14,7,7,trtr,2026
2910,249408,S14,7,5,trtr,2026
2911,249472,S14,7,5,trtr,2026
2912,249536,S14,7,7,trtr,2026
2913,249600,S14,7,0,trtr,2026
2914,249664,S14,7,5,trtr,2026
2915,249728,S14,7,5,trtr,2026
2916,249792,S14,7,7,trtr,2026
2917,249856,S14,7,7,trtr,2026
2918,249920,S14,7,5,trtr,2026
2919,249984,S14,7,7,trtr,2026
2920,250048,S14,7,5,trtr,2026
2921,250112,S14,7,2,trtr,2026
2922,250176,S14,7,5,trtr,2026
2923,250240,S14,7,7,trtr,2026
2924,250304,S14,7,5,trtr,2026
2925,250368,S14,7,5,trtr,2026
2926,250432,S14,7,5,trtr,2026
2927,250496,S14,7,0,trtr,2026
2928,250560,S14,7,5,trtr,2026
2929,250624,S14,7,5,trtr,2026
2930,250688,S14,7,5,trtr,2026
2931,250752,S14,7,7,trtr,2026
2932,250816,S14,7,5,trtr,2026
2933,250880,S14,7,4,trtr,2026
2934,250944,S14,7,5,trtr,2026
2935,251008,S14,7,7,trtr,2026
2936,251072,S14,7,5,trtr,2026
2937,251136,S14,7,5,trtr,2026
2938,251200,S14,7,7,trtr,2026
2939,251264,S14,7,7,trtr,2026
2940,251328,S14,7,2,trtr,2026
2941,251392,S14,7,5,trtr,2026
2942,251456,S14,7,7,trtr,2026
2943,251520,S14,7,7,trtr,2026
2944,251584,S14,7,0,trtr,2026
2945,251648,S14,7,5,trtr,2026
2946,251712,S14,7,2,trtr,2026
2947,251776,S14,7,7,trtr,2026
2948,251840,S14,7,5,trtr,2026
2949,251904,S14,7,4,trtr,2026
2950,251968,S14,7,4,trtr,2026
2951,252032,S14,7,5,trtr,2026
2952,252096,S14,7,7,trtr,2026
2953,252160,S14,7,5,trtr,2026
2954,252224,S14,7,7,trtr,2026
2955,252288,S14,7,5,trtr,2026
2956,252352,S14,7,5,trtr,2026
2957,252416,S14,7,4,trtr,2026
2958,252480,S14,7,0,trtr,2026
2959,252544,S14,7,5,trtr,2026
2960,252608,S14,7,0,trtr,2026
2961,252672,S14,7,5,trtr,2026
2962,252736,S14,7,7,trtr,2026
2963,252800,S14,7,4,trtr,2026
2964,252864,S14,7,5,trtr,2026
2965,252928,S14,7,5,trtr,2026
2966,252992,S14,7,7,trtr,2026
2967,253056,S14,7,5,trtr,2026
2968,253120,S14,7,5,trtr,2026
2969,253184,S14,7,7,trtr,2026
2970,253248,S14,7,5,trtr,2026
2971,253312,S14,7,4,trtr,2026
2972,253376,S14,7,5,trtr,2026
2973,253440,S14,7,7,trtr,2026
2974,253504,S14,7,5,trtr,2026
2975,253568,S14,7,5,trtr,2026
2976,253632,S14,7,7,trtr,2026
2977,253696,S14,7,7,trtr,2026
2978,253760,S14,7,4,trtr,2026
2979,253824,S14,7,5,trtr,2026
2980,253888,S14,7,7,trtr,2026
2981,253952,S14,7,7,trtr,2026
2982,254016,S14,7,5,trtr,2026
2983,254080,S14,7,7,trtr,2026
2984,254144,S14,7,5,trtr,2026
2985,254208,S14,7,5,trtr,2026
2986,254272,S14,7,4,trtr,2026
2987,254336,S14,7,5,trtr,2026
2988,254400,S14,7,5,trtr,2026
2989,254464,S14,7,5,trtr,2026
2990,254528,S14,7,5,trtr,2026
2991,254592,S14,7,5,trtr,2026
2992,254656,S14,7,5,trtr,2026
2993,254720,S14,7,4,trtr,2026
2994,254784,S14,7,7,trtr,2026
2995,254848,S14,7,5,trtr,2026
2996,254912,S14,7,5,trtr,2026
2997,254976,S14,7,5,trtr,2026
2998,255040,S14,7,5,trtr,2026
2999,255104,S14,7,5,trtr,2026
3000,255168,S14,7,5,trtr,2026
3001,255232,S14,7,7,trtr,2026
3002,255296,S14,7,5,trtr,2026
3003,255360,S14,7,5,trtr,2026
3004,255424,S14,7,5,trtr,2026
3005,255488,S14,7,5,trtr,2026
3006,255552,S14,7,7,trtr,2026
3007,255616,S14,7,5,trtr,2026
3008,255680,S14,7,7,trtr,2026
3009,255744,S14,7,5,trtr,2026
3010,255808,S14,7,4,trtr,2026
3011,255872,S14,7,5,trtr,2026
3012,255936,S14,7,7,trtr,2026
3013,256000,S14,7,5,trtr,2026
3014,256064,S14,7,0,trtr,2026
3015,256128,S14,7,5,trtr,2026
3016,256192,S14,7,5,trtr,2026
3017,256256,S14,7,7,trtr,2026
3018,256320,S14,7,5,trtr,2026
3019,256384,S14,7,7,trtr,2026
3020,256448,S14,7,5,trtr,2026
3021,256512,S14,7,5,trtr,2026
3022,256576,S14,7,5,trtr,2026
3023,256640,S14,7,7,trtr,2026
3024,256704,S14,7,7,trtr,2026
3025,256768,S14,7,7,trtr,2026
3026,256832,S14,7,7,trtr,2026
3027,256896,S14,7,5,trtr,2026
3028,256960,S14,7,5,trtr,2026
3029,257024,S14,7,5,trtr,2026
3030,257088,S14,7,5,trtr,2026
3031,257152,S14,7,0,trtr,2026
3032,257216,S14,7,5,trtr,2026
3033,257280,S14,7,5,trtr,2026
3034,257344,S14,7,7,trtr,2026
3035,257408,S14,7,7,trtr,2026
3036,257472,S14,7,7,trtr,2026
3037,257536,S14,7,3,trtr,2026
3038,257600,S14,7,4,trtr,2026
3039,257664,S14,7,5,trtr,2026
3040,257728,S14,7,0,trtr,2026
3041,257792,S14,7,5,trtr,2026
3042,257856,S14,7,4,trtr,2026
3043,257920,S14,7,5,trtr,2026
3044,257984,S14,7,7,trtr,2026
3045,258048,S14,7,5,trtr,2026
3046,258112,S14,7,2,trtr,2026
3047,258176,S14,7,7,trtr,2026
3048,258240,S14,7,5,trtr,2026
3049,258304,S14,7,0,trtr,2026
3050,258368,S14,7,5,trtr,2026
3051,258432,S14,7,2,trtr,2026
3052,258496,S14,7,4,trtr,2026
3053,258560,S14,7,7,trtr,2026
3054,258624,S14,7,5,trtr,2026
3055,258688,S14,7,7,trtr,2026
3056,258752,S14,7,5,trtr,2026
3057,258816,S14,7,5,trtr,2026
3058,258880,S14,7,2,trtr,2026
3059,258944,S14,7,5,trtr,2026
3060,259008,S14,7,5,trtr,2026
3061,259072,S14,7,5,trtr,2026
3062,259136,S14,7,5,trtr,2026
3063,259200,S14,7,7,trtr,2026
3064,259264,S14,7,5,trtr,2026
3065,259328,S14,7,7,trtr,2026
3066,259392,S14,7,5,trtr,2026
3067,259456,S14,7,5,trtr,2026
3068,259520,S14,7,4,trtr,2026
3069,259584,S14,7,2,trtr,2026
3070,259648,S14,7,5,trtr,2026
3071,259712,S14,7,7,trtr,2026
3072,259776,S14,7,7,trtr,2026
3073,259840,S14,7,0,trtr,2026
3074,259904,S14,7,7,trtr,2026
3075,259968,S14,7,7,trtr,2026
3076,260032,S14,7,5,trtr,2026
3077,260096,S14,7,7,trtr,2026
3078,260160,S14,7,7,trtr,2026
3079,260224,S14,7,5,trtr,2026
3080,260288,S14,7,7,trtr,2026
3081,260352,S14,7,5,trtr,2026
3082,260416,S14,7,5,trtr,2026
3083,260480,S14,7,7,trtr,2026
3084,260544,S14,7,7,trtr,2026
3085,260608,S14,7,5,trtr,2026
3086,260672,S14,7,5,trtr,2026
3087,260736,S14,7,4,trtr,2026
3088,260800,S14,7,5,trtr,2026
3089,260864,S14,7,0,trtr,2026
3090,260928,S14,7,5,trtr,2026
3091,260992,S14,7,5,trtr,2026
3092,261056,S14,7,5,trtr,2026
3093,261120,S14,7,5,trtr,2026
3094,261184,S14,7,5,trtr,2026
3095,261248,S14,7,5,trtr,2026
3096,261312,S14,7,5,trtr,2026
3097,261376,S14,7,7,trtr,2026
3098,261440,S14,7,5,trtr,2026
3099,261504,S14,7,5,trtr,2026
3100,261568,S14,7,7,trtr,2026
3101,261632,S14,7,7,trtr,2026
3102,261696,S14,7,7,trtr,2026
3103,261760,S14,7,5,trtr,2026
3104,261824,S14,7,7,trtr,2026
3105,261888,S14,7,7,trtr,2026
3106,261952,S14,7,5,trtr,2026
3107,262016,S14,7,7,trtr,2026
3108,262080,S14,7,2,trtr,2026
3109,262144,S14,7,5,trtr,2026
3110,262208,S14,7,7,trtr,2026
3111,262272,S14,7,5,trtr,2026
3112,262336,S14,7,4,trtr,2026
3113,262400,S14,7,5,trtr,2026
3114,262464,S14,7,7,trtr,2026
3115,262528,S14,7,4,trtr,2026
3116,262592,S14,7,5,trtr,2026
3117,262656,S14,7,5,trtr,2026
3118,262720,S14,7,7,trtr,2026
3119,262784,S14,7,7,trtr,2026
3120,262848,S14,7,7,trtr,2026
3121,262912,S14,7,4,trtr,2026
3122,262976,S14,7,5,trtr,2026
3123,263040,S14,7,5,trtr,2026
3124,263104,S14,7,5,trtr,2026
3125,263168,S14,7,5,trtr,2026
3126,263232,S14,7,5,trtr,2026
3127,263296,S14,7,7,trtr,2026
3128,263360,S14,7,4,trtr,2026
3129,263424,S14,7,5,trtr,2026
3130,263488,S14,7,5,trtr,2026
3131,263552,S14,7,5,trtr,2026
3132,263616,S14,7,4,trtr,2026
3133,263680,S14,7,5,trtr,2026
3134,263744,S14,7,7,trtr,2026
3135,263808,S14,7,5,trtr,2026
3136,263872,S14,7,5,trtr,2026
3137,263936,S14,7,5,trtr,2026
3138,264000,S14,7,5,trtr,2026
3139,264064,S14,7,5,trtr,2026
3140,264128,S14,7,5,trtr,2026
3141,264192,S14,7,5,trtr,2026
3142,264256,S14,7,4,trtr,2026
3143,264320,S14,7,4,trtr,2026
3144,264384,S14,7,2,trtr,2026
3145,264448,S14,7,4,trtr,2026
3146,264512,S14,7,7,trtr,2026
3147,264576,S14,7,5,trtr,2026
3148,264640,S14,7,7,trtr,2026
3149,264704,S14,7,5,trtr,2026
3150,264768,S14,7,7,trtr,2026
3151,264832,S14,7,7,trtr,2026
3152,264896,S14,7,5,trtr,2026
3153,264960,S14,7,5,trtr,2026
3154,265024,S14,7,5,trtr,2026
3155,265088,S14,7,5,trtr,2026
3156,265152,S14,7,4,trtr,2026
3157,265216,S14,7,5,trtr,2026
3158,265280,S14,7,7,trtr,2026
3159,265344,S14,7,5,trtr,2026
3160,265408,S14,7,5,trtr,2026
3161,265472,S14,7,5,trtr,2026
3162,265536,S14,7,5,trtr,2026
3163,265600,S14,7,4,trtr,2026
3164,265664,S14,7,4,trtr,2026
3165,265728,S14,7,4,trtr,2026
3166,265792,S14,7,7,trtr,2026
3167,265856,S14,7,5,trtr,2026
3168,265920,S14,7,4,trtr,2026
3169,265984,S14,7,5,trtr,2026
3170,266048,S14,7,7,trtr,2026
3171,266112,S14,7,7,trtr,2026
3172,266176,S14,7,7,trtr,2026
3173,266240,S14,7,5,trtr,2026
3174,266304,S14,7,4,trtr,2026
3175,266368,S14,7,5,trtr,2026
3176,266432,S14,7,7,trtr,2026
3177,266496,S14,7,5,trtr,2026
3178,266560,S14,7,7,trtr,2026
3179,266624,S14,7,5,trtr,2026
3180,266688,S14,7,7,trtr,2026
3181,266752,S14,7,7,trtr,2026
3182,266816,S14,7,5,trtr,2026
3183,266880,S14,7,5,trtr,2026
3184,266944,S14,7,7,trtr,2026
3185,267008,S14,7,5,trtr,2026
3186,267072,S14,7,2,trtr,2026
3187,1664,S15,0,5,trtr,2026
3188,1728,S15,0,5,trtr,2026
3189,1792,S15,0,5,trtr,2026
3190,1856,S15,0,5,trtr,2026
3191,1920,S15,0,5,trtr,2026
3192,1984,S15,0,5,trtr,2026
3193,2048,S15,0,7,trtr,2026
3194,2112,S15,0,5,trtr,2026
3195,2176,S15,0,5,trtr,2026
3196,2240,S15,0,5,trtr,2026
3197,2304,S15,0,5,trtr,2026
3198,2368,S15,0,5,trtr,2026
3199,2432,S15,0,5,trtr,2026
3200,2496,S15,0,7,trtr,2026
3201,2560,S15,0,5,trtr,2026
3202,2624,S15,0,5,trtr,2026
3203,2688,S15,0,2,trtr,2026
3204,2752,S15,0,5,trtr,2026
3205,2816,S15,0,5,trtr,2026
3206,2880,S15,0,5,trtr,2026
3207,2944,S15,0,7,trtr,2026
3208,3008,S15,0,4,trtr,2026
3209,3072,S15,0,5,trtr,2026
3210,3136,S15,0,5,trtr,2026
3211,3200,S15,0,5,trtr,2026
3212,3264,S15,0,5,trtr,2026
3213,3328,S15,0,5,trtr,2026
3214,3392,S15,0,5,trtr,2026
3215,3456,S15,0,5,trtr,2026
3216,3520,S15,0,5,trtr,2026
3217,3584,S15,0,5,trtr,2026
3218,3648,S15,0,4,trtr,2026
3219,3712,S15,0,4,trtr,2026
3220,3776,S15,0,5,trtr,2026
3221,3840,S15,0,5,trtr,2026
3222,3904,S15,0,5,trtr,2026
3223,3968,S15,0,5,trtr,2026
3224,4032,S15,0,4,trtr,2026
3225,4096,S15,0,5,trtr,2026
3226,4160,S15,0,4,trtr,2026
3227,4224,S15,0,5,trtr,2026
3228,4288,S15,0,5,trtr,2026
3229,4352,S15,0,5,trtr,2026
3230,4416,S15,0,5,trtr,2026
3231,4480,S15,0,7,trtr,2026
3232,4544,S15,0,7,trtr,2026
3233,4608,S15,0,2,trtr,2026
3234,4672,S15,0,5,trtr,2026
3235,4736,S15,0,5,trtr,2026
3236,4800,S15,0,5,trtr,2026
3237,4864,S15,0,5,trtr,2026
3238,4928,S15,0,4,trtr,2026
3239,4992,S15,0,5,trtr,2026
3240,5056,S15,0,7,trtr,2026
3241,5120,S15,0,7,trtr,2026
3242,5184,S15,0,2,trtr,2026
3243,5248,S15,0,5,trtr,2026
3244,5312,S15,0,5,trtr,2026
3245,5376,S15,0,0,trtr,2026
3246,5440,S15,0,5,trtr,2026
3247,5504,S15,0,0,trtr,2026
3248,5568,S15,0,5,trtr,2026
3249,5632,S15,0,7,trtr,2026
3250,5696,S15,0,5,trtr,2026
3251,5760,S15,0,5,trtr,2026
3252,5824,S15,0,5,trtr,2026
3253,5888,S15,0,4,trtr,2026
3254,5952,S15,0,5,trtr,2026
3255,6016,S15,0,5,trtr,2026
3256,6080,S15,0,5,trtr,2026
3257,6144,S15,0,5,trtr,2026
3258,6208,S15,0,5,trtr,2026
3259,6272,S15,0,5,trtr,2026
3260,6336,S15,0,5,trtr,2026
3261,6400,S15,0,0,trtr,2026
3262,6464,S15,0,5,trtr,2026
3263,6528,S15,0,5,trtr,2026
3264,6592,S15,0,4,trtr,2026
3265,6656,S15,0,4,trtr,2026
3266,6720,S15,0,5,trtr,2026
3267,6784,S15,0,5,trtr,2026
3268,6848,S15,0,5,trtr,2026
3269,6912,S15,0,5,trtr,2026
3270,6976,S15,0,5,trtr,2026
3271,7040,S15,0,0,trtr,2026
3272,7104,S15,0,5,trtr,2026
3273,7168,S15,0,5,trtr,2026
3274,7232,S15,0,5,trtr,2026
3275,7296,S15,0,5,trtr,2026
3276,7360,S15,0,4,trtr,2026
3277,7424,S15,0,0,trtr,2026
3278,7488,S15,0,4,trtr,2026
3279,7552,S15,0,5,trtr,2026
3280,7616,S15,0,5,trtr,2026
3281,7680,S15,0,5,trtr,2026
3282,7744,S15,0,5,trtr,2026
3283,7808,S15,0,4,trtr,2026
3284,7872,S15,0,5,trtr,2026
3285,7936,S15,0,5,trtr,2026
3286,8000,S15,0,5,trtr,2026
3287,8064,S15,0,5,trtr,2026
3288,8128,S15,0,5,trtr,2026
3289,8192,S15,0,5,trtr,2026
3290,8256,S15,0,5,trtr,2026
3291,8320,S15,0,4,trtr,2026
3292,8384,S15,0,5,trtr,2026
3293,8448,S15,0,5,trtr,2026
3294,8512,S15,0,5,trtr,2026
3295,8576,S15,0,5,trtr,2026
3296,8640,S15,0,5,trtr,2026
3297,8704,S15,0,5,trtr,2026
3298,8768,S15,0,5,trtr,2026
3299,8832,S15,0,5,trtr,2026
3300,8896,S15,0,5,trtr,2026
3301,8960,S15,0,2,trtr,2026
3302,9024,S15,0,5,trtr,2026
3303,9088,S15,0,5,trtr,2026
3304,9152,S15,0,0,trtr,2026
3305,9216,S15,0,5,trtr,2026
3306,9280,S15,0,4,trtr,2026
3307,9344,S15,0,4,trtr,2026
3308,9408,S15,0,4,trtr,2026
3309,9472,S15,0,5,trtr,2026
3310,9536,S15,0,5,trtr,2026
3311,9600,S15,0,5,trtr,2026
3312,9664,S15,0,4,trtr,2026
3313,9728,S15,0,5,trtr,2026
3314,9792,S15,0,5,trtr,2026
3315,9856,S15,0,5,trtr,2026
3316,9920,S15,0,5,trtr,2026
3317,9984,S15,0,5,trtr,2026
3318,10048,S15,0,7,trtr,2026
3319,10112,S15,0,5,trtr,2026
3320,10176,S15,0,5,trtr,2026
3321,10240,S15,0,7,trtr,2026
3322,10304,S15,0,5,trtr,2026
3323,10368,S15,0,5,trtr,2026
3324,10432,S15,0,5,trtr,2026
3325,10496,S15,0,5,trtr,2026
3326,10560,S15,0,5,trtr,2026
3327,10624,S15,0,5,trtr,2026
3328,10688,S15,0,5,trtr,2026
3329,10752,S15,0,5,trtr,2026
3330,10816,S15,0,5,trtr,2026
3331,10880,S15,0,5,trtr,2026
3332,10944,S15,0,5,trtr,2026
3333,11008,S15,0,5,trtr,2026
3334,11072,S15,0,4,trtr,2026
3335,11136,S15,0,7,trtr,2026
3336,11200,S15,0,5,trtr,2026
3337,11264,S15,0,0,trtr,2026
3338,11328,S15,0,5,trtr,2026
3339,11392,S15,0,5,trtr,2026
3340,11456,S15,0,5,trtr,2026
3341,11520,S15,0,5,trtr,2026
3342,11584,S15,0,5,trtr,2026
3343,11648,S15,0,5,trtr,2026
3344,11712,S15,0,4,trtr,2026
3345,11776,S15,0,0,trtr,2026
3346,11840,S15,0,5,trtr,2026
3347,11904,S15,0,5,trtr,2026
3348,11968,S15,0,4,trtr,2026
3349,12032,S15,0,5,trtr,2026
3350,12096,S15,0,7,trtr,2026
3351,12160,S15,0,5,trtr,2026
3352,12224,S15,0,4,trtr,2026
3353,12288,S15,0,5,trtr,2026
3354,12352,S15,0,5,trtr,2026
3355,12416,S15,0,5,trtr,2026
3356,12480,S15,0,5,trtr,2026
3357,12544,S15,0,2,trtr,2026
3358,12608,S15,0,5,trtr,2026
3359,12672,S15,0,5,trtr,2026
3360,12736,S15,0,2,trtr,2026
3361,12800,S15,0,5,trtr,2026
3362,12864,S15,0,4,trtr,2026
3363,12928,S15,0,0,trtr,2026
3364,12992,S15,0,7,trtr,2026
3365,13056,S15,0,5,trtr,2026
3366,13120,S15,0,2,trtr,2026
3367,13184,S15,0,4,trtr,2026
3368,13248,S15,0,7,trtr,2026
3369,13312,S15,0,5,trtr,2026
3370,13376,S15,0,5,trtr,2026
3371,13440,S15,0,7,trtr,2026
3372,13504,S15,0,5,trtr,2026
3373,13568,S15,0,5,trtr,2026
3374,13632,S15,0,7,trtr,2026
3375,13696,S15,0,5,trtr,2026
3376,13760,S15,0,4,trtr,2026
3377,13824,S15,0,5,trtr,2026
3378,13888,S15,0,5,trtr,2026
3379,13952,S15,0,4,trtr,2026
3380,14016,S15,0,5,trtr,2026
3381,14080,S15,0,5,trtr,2026
3382,14144,S15,0,5,trtr,2026
3383,14208,S15,0,5,trtr,2026
3384,14272,S15,0,4,trtr,2026
3385,14336,S15,0,7,trtr,2026
3386,14400,S15,0,5,trtr,2026
3387,14464,S15,0,5,trtr,2026
3388,14528,S15,0,0,trtr,2026
3389,14592,S15,0,5,trtr,2026
3390,14656,S15,0,7,trtr,2026
3391,14720,S15,0,5,trtr,2026
3392,14784,S15,0,5,trtr,2026
3393,14848,S15,0,5,trtr,2026
3394,14912,S15,0,5,trtr,2026
3395,14976,S15,0,5,trtr,2026
3396,15040,S15,0,5,trtr,2026
3397,15104,S15,0,5,trtr,2026
3398,15168,S15,0,7,trtr,2026
3399,15232,S15,0,5,trtr,2026
3400,15296,S15,0,4,trtr,2026
3401,15360,S15,0,7,trtr,2026
3402,15424,S15,0,5,trtr,2026
3403,15488,S15,0,0,trtr,2026
3404,15552,S15,0,5,trtr,2026
3405,15616,S15,0,5,trtr,2026
3406,15680,S15,0,5,trtr,2026
3407,15744,S15,0,7,trtr,2026
3408,15808,S15,0,5,trtr,2026
3409,15872,S15,0,5,trtr,2026
3410,15936,S15,0,5,trtr,2026
3411,16000,S15,0,5,trtr,2026
3412,16064,S15,0,5,trtr,2026
3413,16128,S15,0,0,trtr,2026
3414,16192,S15,0,0,trtr,2026
3415,16256,S15,0,0,trtr,2026
3416,16320,S15,0,5,trtr,2026
3417,16384,S15,0,5,trtr,2026
3418,16448,S15,0,5,trtr,2026
3419,16512,S15,0,0,trtr,2026
3420,16576,S15,0,2,trtr,2026
3421,16640,S15,0,4,trtr,2026
3422,16704,S15,0,7,trtr,2026
3423,16768,S15,0,0,trtr,2026
3424,16832,S15,0,5,trtr,2026
3425,16896,S15,0,5,trtr,2026
3426,16960,S15,0,5,trtr,2026
3427,17024,S15,0,4,trtr,2026
3428,17088,S15,0,5,trtr,2026
3429,17152,S15,0,5,trtr,2026
3430,17216,S15,0,5,trtr,2026
3431,17280,S15,0,5,trtr,2026
3432,17344,S15,0,5,trtr,2026
3433,17408,S15,0,7,trtr,2026
3434,17472,S15,0,5,trtr,2026
3435,17536,S15,0,5,trtr,2026
3436,17600,S15,0,5,trtr,2026
3437,17664,S15,0,7,trtr,2026
3438,17728,S15,0,5,trtr,2026
3439,17792,S15,0,5,trtr,2026
3440,17856,S15,0,5,trtr,2026
3441,17920,S15,0,5,trtr,2026
3442,17984,S15,0,5,trtr,2026
3443,18048,S15,0,5,trtr,2026
3444,18112,S15,0,5,trtr,2026
3445,18176,S15,0,5,trtr,2026
3446,18240,S15,0,4,trtr,2026
3447,18304,S15,0,4,trtr,2026
3448,18368,S15,0,5,trtr,2026
3449,18432,S15,0,4,trtr,2026
3450,18496,S15,0,5,trtr,2026
3451,18560,S15,0,5,trtr,2026
3452,18624,S15,0,5,trtr,2026
3453,18688,S15,0,4,trtr,2026
3454,18752,S15,0,5,trtr,2026
3455,18816,S15,0,5,trtr,2026
3456,18880,S15,0,5,trtr,2026
3457,18944,S15,0,7,trtr,2026
3458,19008,S15,0,7,trtr,2026
3459,19072,S15,0,5,trtr,2026
3460,19136,S15,0,5,trtr,2026
3461,19200,S15,0,5,trtr,2026
3462,19264,S15,0,0,trtr,2026
3463,19328,S15,0,4,trtr,2026
3464,19392,S15,0,2,trtr,2026
3465,19456,S15,0,0,trtr,2026
3466,19520,S15,0,5,trtr,2026
3467,19584,S15,0,5,trtr,2026
3468,19648,S15,0,5,trtr,2026
3469,19712,S15,0,5,trtr,2026
3470,19776,S15,0,5,trtr,2026
3471,19840,S15,0,4,trtr,2026
3472,19904,S15,0,7,trtr,2026
3473,19968,S15,0,5,trtr,2026
3474,20032,S15,0,5,trtr,2026
3475,20096,S15,0,4,trtr,2026
3476,20160,S15,0,5,trtr,2026
3477,20224,S15,0,5,trtr,2026
3478,20288,S15,0,5,trtr,2026
3479,20352,S15,0,0,trtr,2026
3480,20416,S15,0,5,trtr,2026
3481,20480,S15,0,5,trtr,2026
3482,20544,S15,0,7,trtr,2026
3483,20608,S15,0,5,trtr,2026
3484,20672,S15,0,0,trtr,2026
3485,20736,S15,0,5,trtr,2026
3486,20800,S15,0,5,trtr,2026
3487,20864,S15,0,7,trtr,2026
3488,20928,S15,0,5,trtr,2026
3489,20992,S15,0,5,trtr,2026
3490,21056,S15,0,5,trtr,2026
3491,24896,S15,1,6,trtr,2026
3492,24960,S15,1,5,trtr,2026
3493,25024,S15,1,1,trtr,2026
3494,25088,S15,1,1,trtr,2026
3495,25152,S15,1,5,trtr,2026
3496,25216,S15,1,5,trtr,2026
3497,25280,S15,1,0,trtr,2026
3498,25344,S15,1,5,trtr,2026
3499,25408,S15,1,6,trtr,2026
3500,25472,S15,1,1,trtr,2026
3501,25536,S15,1,1,trtr,2026
3502,25600,S15,1,1,trtr,2026
3503,25664,S15,1,1,trtr,2026
3504,25728,S15,1,5,trtr,2026
3505,25792,S15,1,5,trtr,2026
3506,25856,S15,1,6,trtr,2026
3507,25920,S15,1,1,trtr,2026
3508,25984,S15,1,5,trtr,2026
3509,26048,S15,1,6,trtr,2026
3510,26112,S15,1,5,trtr,2026
3511,26176,S15,1,6,trtr,2026
3512,26240,S15,1,1,trtr,2026
3513,26304,S15,1,7,trtr,2026
3514,26368,S15,1,5,trtr,2026
3515,26432,S15,1,5,trtr,2026
3516,26496,S15,1,5,trtr,2026
3517,26560,S15,1,1,trtr,2026
3518,26624,S15,1,1,trtr,2026
3519,26688,S15,1,5,trtr,2026
3520,26752,S15,1,5,trtr,2026
3521,26816,S15,1,5,trtr,2026
3522,26880,S15,1,1,trtr,2026
3523,26944,S15,1,7,trtr,2026
3524,27008,S15,1,2,trtr,2026
3525,27072,S15,1,0,trtr,2026
3526,27136,S15,1,2,trtr,2026
3527,27200,S15,1,1,trtr,2026
3528,27264,S15,1,1,trtr,2026
3529,27328,S15,1,6,trtr,2026
3530,27392,S15,1,6,trtr,2026
3531,27456,S15,1,1,trtr,2026
3532,27520,S15,1,1,trtr,2026
3533,27584,S15,1,5,trtr,2026
3534,27648,S15,1,5,trtr,2026
3535,27712,S15,1,5,trtr,2026
3536,27776,S15,1,1,trtr,2026
3537,27840,S15,1,2,trtr,2026
3538,27904,S15,1,5,trtr,2026
3539,27968,S15,1,6,trtr,2026
3540,28032,S15,1,5,trtr,2026
3541,28096,S15,1,5,trtr,2026
3542,28160,S15,1,1,trtr,2026
3543,28224,S15,1,1,trtr,2026
3544,28288,S15,1,1,trtr,2026
3545,28352,S15,1,7,trtr,2026
3546,28416,S15,1,6,trtr,2026
3547,28480,S15,1,6,trtr,2026
3548,28544,S15,1,7,trtr,2026
3549,28608,S15,1,5,trtr,2026
3550,28672,S15,1,7,trtr,2026
3551,28736,S15,1,5,trtr,2026
3552,28800,S15,1,1,trtr,2026
3553,28864,S15,1,5,trtr,2026
3554,28928,S15,1,5,trtr,2026
3555,28992,S15,1,1,trtr,2026
3556,29056,S15,1,5,trtr,2026
3557,29120,S15,1,6,trtr,2026
3558,29184,S15,1,7,trtr,2026
3559,29248,S15,1,5,trtr,2026
3560,29312,S15,1,6,trtr,2026
3561,29376,S15,1,5,trtr,2026
3562,29440,S15,1,5,trtr,2026
3563,29504,S15,1,6,trtr,2026
3564,29568,S15,1,5,trtr,2026
3565,29632,S15,1,1,trtr,2026
3566,29696,S15,1,1,trtr,2026
3567,29760,S15,1,5,trtr,2026
3568,29824,S15,1,5,trtr,2026
3569,29888,S15,1,0,trtr,2026
3570,29952,S15,1,5,trtr,2026
3571,30016,S15,1,5,trtr,2026
3572,30080,S15,1,1,trtr,2026
3573,30144,S15,1,5,trtr,2026
3574,30208,S15,1,6,trtr,2026
3575,30272,S15,1,6,trtr,2026
3576,30336,S15,1,5,trtr,2026
3577,30400,S15,1,5,trtr,2026
3578,30464,S15,1,1,trtr,2026
3579,30528,S15,1,5,trtr,2026
3580,30592,S15,1,5,trtr,2026
3581,30656,S15,1,5,trtr,2026
3582,30720,S15,1,5,trtr,2026
3583,30784,S15,1,6,trtr,2026
3584,30848,S15,1,5,trtr,2026
3585,30912,S15,1,5,trtr,2026
3586,30976,S15,1,1,trtr,2026
3587,31040,S15,1,7,trtr,2026
3588,31104,S15,1,1,trtr,2026
3589,31168,S15,1,5,trtr,2026
3590,31232,S15,1,0,trtr,2026
3591,31296,S15,1,0,trtr,2026
3592,31360,S15,1,5,trtr,2026
3593,31424,S15,1,1,trtr,2026
3594,31488,S15,1,5,trtr,2026
3595,31552,S15,1,1,trtr,2026
3596,31616,S15,1,5,trtr,2026
3597,31680,S15,1,6,trtr,2026
3598,31744,S15,1,2,trtr,2026
3599,31808,S15,1,1,trtr,2026
3600,31872,S15,1,5,trtr,2026
3601,31936,S15,1,6,trtr,2026
3602,32000,S15,1,5,trtr,2026
3603,32064,S15,1,1,trtr,2026
3604,32128,S15,1,5,trtr,2026
3605,32192,S15,1,5,trtr,2026
3606,32256,S15,1,1,trtr,2026
3607,32320,S15,1,5,trtr,2026
3608,32384,S15,1,5,trtr,2026
3609,32448,S15,1,5,trtr,2026
3610,32512,S15,1,1,trtr,2026
3611,32576,S15,1,6,trtr,2026
3612,32640,S15,1,5,trtr,2026
3613,32704,S15,1,1,trtr,2026
3614,32768,S15,1,5,trtr,2026
3615,32832,S15,1,6,trtr,2026
3616,32896,S15,1,6,trtr,2026
3617,32960,S15,1,6,trtr,2026
3618,33024,S15,1,1,trtr,2026
3619,33088,S15,1,1,trtr,2026
3620,33152,S15,1,5,trtr,2026
3621,33216,S15,1,1,trtr,2026
3622,33280,S15,1,5,trtr,2026
3623,33344,S15,1,5,trtr,2026
3624,33408,S15,1,1,trtr,2026
3625,33472,S15,1,5,trtr,2026
3626,33536,S15,1,1,trtr,2026
3627,33600,S15,1,1,trtr,2026
3628,33664,S15,1,5,trtr,2026
3629,33728,S15,1,6,trtr,2026
3630,33792,S15,1,5,trtr,2026
3631,33856,S15,1,5,trtr,2026
3632,33920,S15,1,5,trtr,2026
3633,33984,S15,1,2,trtr,2026
3634,34048,S15,1,0,trtr,2026
3635,34112,S15,1,5,trtr,2026
3636,34176,S15,1,6,trtr,2026
3637,34240,S15,1,5,trtr,2026
3638,34304,S15,1,2,trtr,2026
3639,34368,S15,1,1,trtr,2026
3640,34432,S15,1,5,trtr,2026
3641,34496,S15,1,5,trtr,2026
3642,34560,S15,1,1,trtr,2026
3643,34624,S15,1,6,trtr,2026
3644,34688,S15,1,5,trtr,2026
3645,34752,S15,1,6,trtr,2026
3646,34816,S15,1,5,trtr,2026
3647,34880,S15,1,5,trtr,2026
3648,34944,S15,1,1,trtr,2026
3649,35008,S15,1,1,trtr,2026
3650,35072,S15,1,5,trtr,2026
3651,35136,S15,1,5,trtr,2026
3652,35200,S15,1,0,trtr,2026
3653,35264,S15,1,4,trtr,2026
3654,35328,S15,1,5,trtr,2026
3655,35392,S15,1,1,trtr,2026
3656,35456,S15,1,5,trtr,2026
3657,35520,S15,1,6,trtr,2026
3658,35584,S15,1,5,trtr,2026
3659,35648,S15,1,5,trtr,2026
3660,35712,S15,1,5,trtr,2026
3661,35776,S15,1,5,trtr,2026
3662,35840,S15,1,2,trtr,2026
3663,35904,S15,1,1,trtr,2026
3664,35968,S15,1,5,trtr,2026
3665,36032,S15,1,6,trtr,2026
3666,36096,S15,1,2,trtr,2026
3667,36160,S15,1,1,trtr,2026
3668,36224,S15,1,6,trtr,2026
3669,36288,S15,1,6,trtr,2026
3670,36352,S15,1,5,trtr,2026
3671,36416,S15,1,5,trtr,2026
3672,36480,S15,1,5,trtr,2026
3673,36544,S15,1,1,trtr,2026
3674,36608,S15,1,6,trtr,2026
3675,36672,S15,1,1,trtr,2026
3676,36736,S15,1,1,trtr,2026
3677,36800,S15,1,0,trtr,2026
3678,36864,S15,1,1,trtr,2026
3679,36928,S15,1,6,trtr,2026
3680,36992,S15,1,5,trtr,2026
3681,37056,S15,1,1,trtr,2026
3682,37120,S15,1,5,trtr,2026
3683,37184,S15,1,5,trtr,2026
3684,37248,S15,1,5,trtr,2026
3685,37312,S15,1,1,trtr,2026
3686,37376,S15,1,6,trtr,2026
3687,37440,S15,1,5,trtr,2026
3688,37504,S15,1,1,trtr,2026
3689,37568,S15,1,1,trtr,2026
3690,37632,S15,1,5,trtr,2026
3691,37696,S15,1,5,trtr,2026
3692,37760,S15,1,6,trtr,2026
3693,37824,S15,1,5,trtr,2026
3694,37888,S15,1,5,trtr,2026
3695,37952,S15,1,1,trtr,2026
3696,38016,S15,1,1,trtr,2026
3697,38080,S15,1,1,trtr,2026
3698,41280,S15,2,7,trtr,2026
3699,41344,S15,2,5,trtr,2026
3700,41408,S15,2,5,trtr,2026
3701,41472,S15,2,2,trtr,2026
3702,41536,S15,2,7,trtr,2026
3703,41600,S15,2,5,trtr,2026
3704,41664,S15,2,5,trtr,2026
3705,41728,S15,2,5,trtr,2026
3706,41792,S15,2,5,trtr,2026
3707,41856,S15,2,5,trtr,2026
3708,41920,S15,2,5,trtr,2026
3709,41984,S15,2,0,trtr,2026
3710,42048,S15,2,5,trtr,2026
3711,42112,S15,2,5,trtr,2026
3712,42176,S15,2,5,trtr,2026
3713,42240,S15,2,5,trtr,2026
3714,42304,S15,2,5,trtr,2026
3715,42368,S15,2,5,trtr,2026
3716,42432,S15,2,5,trtr,2026
3717,42496,S15,2,5,trtr,2026
3718,42560,S15,2,5,trtr,2026
3719,42624,S15,2,2,trtr,2026
3720,42688,S15,2,5,trtr,2026
3721,42752,S15,2,5,trtr,2026
3722,42816,S15,2,5,trtr,2026
3723,42880,S15,2,5,trtr,2026
3724,42944,S15,2,5,trtr,2026
3725,43008,S15,2,5,trtr,2026
3726,43072,S15,2,5,trtr,2026
3727,43136,S15,2,5,trtr,2026
3728,43200,S15,2,5,trtr,2026
3729,43264,S15,2,5,trtr,2026
3730,43328,S15,2,5,trtr,2026
3731,43392,S15,2,5,trtr,2026
3732,43456,S15,2,5,trtr,2026
3733,43520,S15,2,2,trtr,2026
3734,43584,S15,2,5,trtr,2026
3735,43648,S15,2,7,trtr,2026
3736,43712,S15,2,5,trtr,2026
3737,43776,S15,2,5,trtr,2026
3738,43840,S15,2,5,trtr,2026
3739,43904,S15,2,7,trtr,2026
3740,43968,S15,2,5,trtr,2026
3741,44032,S15,2,5,trtr,2026
3742,44096,S15,2,5,trtr,2026
3743,44160,S15,2,5,trtr,2026
3744,44224,S15,2,5,trtr,2026
3745,44288,S15,2,7,trtr,2026
3746,44352,S15,2,5,trtr,2026
3747,44416,S15,2,5,trtr,2026
3748,44480,S15,2,5,trtr,2026
3749,44544,S15,2,4,trtr,2026
3750,44608,S15,2,5,trtr,2026
3751,44672,S15,2,5,trtr,2026
3752,44736,S15,2,5,trtr,2026
3753,44800,S15,2,2,trtr,2026
3754,44864,S15,2,5,trtr,2026
3755,44928,S15,2,5,trtr,2026
3756,44992,S15,2,5,trtr,2026
3757,45056,S15,2,5,trtr,2026
3758,45120,S15,2,5,trtr,2026
3759,45184,S15,2,5,trtr,2026
3760,45248,S15,2,5,trtr,2026
3761,45312,S15,2,5,trtr,2026
3762,45376,S15,2,2,trtr,2026
3763,45440,S15,2,5,trtr,2026
3764,45504,S15,2,5,trtr,2026
3765,45568,S15,2,5,trtr,2026
3766,45632,S15,2,5,trtr,2026
3767,45696,S15,2,5,trtr,2026
3768,45760,S15,2,5,trtr,2026
3769,45824,S15,2,5,trtr,2026
3770,45888,S15,2,5,trtr,2026
3771,45952,S15,2,5,trtr,2026
3772,46016,S15,2,3,trtr,2026
3773,46080,S15,2,5,trtr,2026
3774,46144,S15,2,5,trtr,2026
3775,46208,S15,2,5,trtr,2026
3776,46272,S15,2,5,trtr,2026
3777,46336,S15,2,5,trtr,2026
3778,46400,S15,2,5,trtr,2026
3779,46464,S15,2,2,trtr,2026
3780,46528,S15,2,5,trtr,2026
3781,46592,S15,2,4,trtr,2026
3782,46656,S15,2,2,trtr,2026
3783,46720,S15,2,7,trtr,2026
3784,46784,S15,2,5,trtr,2026
3785,46848,S15,2,7,trtr,2026
3786,46912,S15,2,2,trtr,2026
3787,46976,S15,2,5,trtr,2026
3788,47040,S15,2,5,trtr,2026
3789,47104,S15,2,2,trtr,2026
3790,47168,S15,2,2,trtr,2026
3791,47232,S15,2,5,trtr,2026
3792,47296,S15,2,5,trtr,2026
3793,47360,S15,2,5,trtr,2026
3794,47424,S15,2,4,trtr,2026
3795,47488,S15,2,5,trtr,2026
3796,47552,S15,2,5,trtr,2026
3797,47616,S15,2,5,trtr,2026
3798,47680,S15,2,5,trtr,2026
3799,47744,S15,2,2,trtr,2026
3800,47808,S15,2,5,trtr,2026
3801,47872,S15,2,5,trtr,2026
3802,47936,S15,2,5,trtr,2026
3803,48000,S15,2,2,trtr,2026
3804,48064,S15,2,5,trtr,2026
3805,48128,S15,2,2,trtr,2026
3806,48192,S15,2,5,trtr,2026
3807,48256,S15,2,5,trtr,2026
3808,48320,S15,2,2,trtr,2026
3809,48384,S15,2,5,trtr,2026
3810,48448,S15,2,2,trtr,2026
3811,48512,S15,2,2,trtr,2026
3812,48576,S15,2,6,trtr,2026
3813,48640,S15,2,5,trtr,2026
3814,48704,S15,2,5,trtr,2026
3815,48768,S15,2,5,trtr,2026
3816,48832,S15,2,5,trtr,2026
3817,48896,S15,2,5,trtr,2026
3818,48960,S15,2,5,trtr,2026
3819,49024,S15,2,5,trtr,2026
3820,49088,S15,2,5,trtr,2026
3821,49152,S15,2,4,trtr,2026
3822,49216,S15,2,2,trtr,2026
3823,49280,S15,2,5,trtr,2026
3824,49344,S15,2,5,trtr,2026
3825,49408,S15,2,5,trtr,2026
3826,49472,S15,2,5,trtr,2026
3827,49536,S15,2,2,trtr,2026
3828,49600,S15,2,5,trtr,2026
3829,49664,S15,2,5,trtr,2026
3830,49728,S15,2,5,trtr,2026
3831,49792,S15,2,5,trtr,2026
3832,49856,S15,2,5,trtr,2026
3833,49920,S15,2,5,trtr,2026
3834,49984,S15,2,5,trtr,2026
3835,50048,S15,2,0,trtr,2026
3836,50112,S15,2,2,trtr,2026
3837,50176,S15,2,5,trtr,2026
3838,50240,S15,2,2,trtr,2026
3839,50304,S15,2,2,trtr,2026
3840,50368,S15,2,2,trtr,2026
3841,50432,S15,2,5,trtr,2026
3842,50496,S15,2,7,trtr,2026
3843,50560,S15,2,5,trtr,2026
3844,50624,S15,2,5,trtr,2026
3845,50688,S15,2,5,trtr,2026
3846,50752,S15,2,5,trtr,2026
3847,50816,S15,2,5,trtr,2026
3848,50880,S15,2,5,trtr,2026
3849,50944,S15,2,5,trtr,2026
3850,51008,S15,2,5,trtr,2026
3851,51072,S15,2,5,trtr,2026
3852,51136,S15,2,5,trtr,2026
3853,51200,S15,2,2,trtr,2026
3854,51264,S15,2,2,trtr,2026
3855,51328,S15,2,5,trtr,2026
3856,51392,S15,2,5,trtr,2026
3857,51456,S15,2,5,trtr,2026
3858,51520,S15,2,2,trtr,2026
3859,51584,S15,2,5,trtr,2026
3860,51648,S15,2,5,trtr,2026
3861,51712,S15,2,5,trtr,2026
3862,51776,S15,2,7,trtr,2026
3863,51840,S15,2,2,trtr,2026
3864,51904,S15,2,5,trtr,2026
3865,51968,S15,2,2,trtr,2026
3866,52032,S15,2,5,trtr,2026
3867,52096,S15,2,5,trtr,2026
3868,52160,S15,2,5,trtr,2026
3869,52224,S15,2,5,trtr,2026
3870,52288,S15,2,5,trtr,2026
3871,52352,S15,2,0,trtr,2026
3872,52416,S15,2,5,trtr,2026
3873,68416,S15,3,3,trtr,2026
3874,68480,S15,3,3,trtr,2026
3875,68544,S15,3,3,trtr,2026
3876,68608,S15,3,3,trtr,2026
3877,68672,S15,3,3,trtr,2026
3878,68736,S15,3,3,trtr,2026
3879,68800,S15,3,3,trtr,2026
3880,68864,S15,3,3,trtr,2026
3881,68928,S15,3,3,trtr,2026
3882,68992,S15,3,3,trtr,2026
3883,69056,S15,3,3,trtr,2026
3884,69120,S15,3,3,trtr,2026
3885,69184,S15,3,3,trtr,2026
3886,69248,S15,3,3,trtr,2026
3887,69312,S15,3,3,trtr,2026
3888,69376,S15,3,3,trtr,2026
3889,69440,S15,3,3,trtr,2026
3890,69504,S15,3,4,trtr,2026
3891,69568,S15,3,3,trtr,2026
3892,69632,S15,3,3,trtr,2026
3893,69696,S15,3,3,trtr,2026
3894,69760,S15,3,3,trtr,2026
3895,69824,S15,3,3,trtr,2026
3896,69888,S15,3,3,trtr,2026
3897,69952,S15,3,3,trtr,2026
3898,70016,S15,3,3,trtr,2026
3899,70080,S15,3,3,trtr,2026
3900,70144,S15,3,3,trtr,2026
3901,70208,S15,3,3,trtr,2026
3902,70272,S15,3,3,trtr,2026
3903,70336,S15,3,3,trtr,2026
3904,70400,S15,3,3,trtr,2026
3905,70464,S15,3,3,trtr,2026
3906,70528,S15,3,3,trtr,2026
3907,70592,S15,3,3,trtr,2026
3908,70656,S15,3,3,trtr,2026
3909,70720,S15,3,3,trtr,2026
3910,70784,S15,3,3,trtr,2026
3911,70848,S15,3,3,trtr,2026
3912,70912,S15,3,3,trtr,2026
3913,70976,S15,3,3,trtr,2026
3914,71040,S15,3,3,trtr,2026
3915,71104,S15,3,3,trtr,2026
3916,71168,S15,3,3,trtr,2026
3917,71232,S15,3,3,trtr,2026
3918,71296,S15,3,3,trtr,2026
3919,71360,S15,3,3,trtr,2026
3920,71424,S15,3,3,trtr,2026
3921,71488,S15,3,3,trtr,2026
3922,71552,S15,3,3,trtr,2026
3923,71616,S15,3,3,trtr,2026
3924,71680,S15,3,2,trtr,2026
3925,71744,S15,3,3,trtr,2026
3926,71808,S15,3,3,trtr,2026
3927,71872,S15,3,3,trtr,2026
3928,71936,S15,3,3,trtr,2026
3929,72000,S15,3,3,trtr,2026
3930,72064,S15,3,3,trtr,2026
3931,72128,S15,3,3,trtr,2026
3932,72192,S15,3,3,trtr,2026
3933,72256,S15,3,3,trtr,2026
3934,72320,S15,3,3,trtr,2026
3935,72384,S15,3,3,trtr,2026
3936,72448,S15,3,2,trtr,2026
3937,72512,S15,3,3,trtr,2026
3938,72576,S15,3,3,trtr,2026
3939,72640,S15,3,3,trtr,2026
3940,72704,S15,3,3,trtr,2026
3941,72768,S15,3,3,trtr,2026
3942,72832,S15,3,3,trtr,2026
3943,72896,S15,3,3,trtr,2026
3944,72960,S15,3,3,trtr,2026
3945,73024,S15,3,4,trtr,2026
3946,73088,S15,3,3,trtr,2026
3947,73152,S15,3,3,trtr,2026
3948,73216,S15,3,3,trtr,2026
3949,73280,S15,3,3,trtr,2026
3950,73344,S15,3,3,trtr,2026
3951,73408,S15,3,3,trtr,2026
3952,73472,S15,3,3,trtr,2026
3953,73536,S15,3,3,trtr,2026
3954,73600,S15,3,3,trtr,2026
3955,73664,S15,3,3,trtr,2026
3956,73728,S15,3,3,trtr,2026
3957,73792,S15,3,3,trtr,2026
3958,73856,S15,3,3,trtr,2026
3959,73920,S15,3,3,trtr,2026
3960,73984,S15,3,3,trtr,2026
3961,74048,S15,3,3,trtr,2026
3962,74112,S15,3,3,trtr,2026
3963,74176,S15,3,4,trtr,2026
3964,74240,S15,3,4,trtr,2026
3965,74304,S15,3,3,trtr,2026
3966,74368,S15,3,3,trtr,2026
3967,74432,S15,3,3,trtr,2026
3968,74496,S15,3,3,trtr,2026
3969,74560,S15,3,3,trtr,2026
3970,74624,S15,3,3,trtr,2026
3971,74688,S15,3,4,trtr,2026
3972,74752,S15,3,3,trtr,2026
3973,74816,S15,3,4,trtr,2026
3974,74880,S15,3,3,trtr,2026
3975,74944,S15,3,3,trtr,2026
3976,75008,S15,3,3,trtr,2026
3977,75072,S15,3,3,trtr,2026
3978,75136,S15,3,3,trtr,2026
3979,75200,S15,3,3,trtr,2026
3980,75264,S15,3,3,trtr,2026
3981,75328,S15,3,3,trtr,2026
3982,75392,S15,3,3,trtr,2026
3983,75456,S15,3,3,trtr,2026
3984,75520,S15,3,3,trtr,2026
3985,75584,S15,3,3,trtr,2026
3986,75648,S15,3,3,trtr,2026
3987,75712,S15,3,3,trtr,2026
3988,75776,S15,3,3,trtr,2026
3989,75840,S15,3,3,trtr,2026
3990,75904,S15,3,3,trtr,2026
3991,75968,S15,3,3,trtr,2026
3992,76032,S15,3,3,trtr,2026
3993,76096,S15,3,4,trtr,2026
3994,76160,S15,3,2,trtr,2026
3995,76224,S15,3,3,trtr,2026
3996,76288,S15,3,3,trtr,2026
3997,76352,S15,3,3,trtr,2026
3998,76416,S15,3,3,trtr,2026
3999,76480,S15,3,3,trtr,2026
4000,76544,S15,3,3,trtr,2026
4001,76608,S15,3,3,trtr,2026
4002,76672,S15,3,3,trtr,2026
4003,76736,S15,3,3,trtr,2026
4004,76800,S15,3,3,trtr,2026
4005,76864,S15,3,3,trtr,2026
4006,76928,S15,3,3,trtr,2026
4007,76992,S15,3,3,trtr,2026
4008,77056,S15,3,3,trtr,2026
4009,77120,S15,3,3,trtr,2026
4010,77184,S15,3,3,trtr,2026
4011,77248,S15,3,3,trtr,2026
4012,77312,S15,3,3,trtr,2026
4013,77376,S15,3,3,trtr,2026
4014,77440,S15,3,3,trtr,2026
4015,77504,S15,3,3,trtr,2026
4016,77568,S15,3,3,trtr,2026
4017,77632,S15,3,3,trtr,2026
4018,77696,S15,3,3,trtr,2026
4019,77760,S15,3,3,trtr,2026
4020,77824,S15,3,3,trtr,2026
4021,77888,S15,3,3,trtr,2026
4022,77952,S15,3,3,trtr,2026
4023,78016,S15,3,3,trtr,2026
4024,78080,S15,3,3,trtr,2026
4025,78144,S15,3,3,trtr,2026
4026,78208,S15,3,3,trtr,2026
4027,78272,S15,3,3,trtr,2026
4028,78336,S15,3,3,trtr,2026
4029,78400,S15,3,3,trtr,2026
4030,78464,S15,3,3,trtr,2026
4031,78528,S15,3,3,trtr,2026
4032,78592,S15,3,3,trtr,2026
4033,78656,S15,3,3,trtr,2026
4034,78720,S15,3,3,trtr,2026
4035,78784,S15,3,3,trtr,2026
4036,78848,S15,3,3,trtr,2026
4037,78912,S15,3,3,trtr,2026
4038,78976,S15,3,3,trtr,2026
4039,79040,S15,3,3,trtr,2026
4040,79104,S15,3,3,trtr,2026
4041,79168,S15,3,3,trtr,2026
4042,79232,S15,3,3,trtr,2026
4043,79296,S15,3,3,trtr,2026
4044,79360,S15,3,3,trtr,2026
4045,79424,S15,3,3,trtr,2026
4046,79488,S15,3,3,trtr,2026
4047,79552,S15,3,3,trtr,2026
4048,79616,S15,3,3,trtr,2026
4049,79680,S15,3,3,trtr,2026
4050,79744,S15,3,3,trtr,2026
4051,79808,S15,3,3,trtr,2026
4052,79872,S15,3,3,trtr,2026
4053,79936,S15,3,3,trtr,2026
4054,80000,S15,3,3,trtr,2026
4055,80064,S15,3,3,trtr,2026
4056,80128,S15,3,3,trtr,2026
4057,80192,S15,3,3,trtr,2026
4058,80256,S15,3,4,trtr,2026
4059,80320,S15,3,5,trtr,2026
4060,80384,S15,3,3,trtr,2026
4061,80448,S15,3,3,trtr,2026
4062,80512,S15,3,3,trtr,2026
4063,80576,S15,3,3,trtr,2026
4064,80640,S15,3,3,trtr,2026
4065,80704,S15,3,3,trtr,2026
4066,80768,S15,3,3,trtr,2026
4067,80832,S15,3,3,trtr,2026
4068,80896,S15,3,3,trtr,2026
4069,80960,S15,3,3,trtr,2026
4070,81024,S15,3,3,trtr,2026
4071,81088,S15,3,3,trtr,2026
4072,81152,S15,3,3,trtr,2026
4073,81216,S15,3,3,trtr,2026
4074,95936,S15,4,5,trtr,2026
4075,96000,S15,4,4,trtr,2026
4076,96064,S15,4,5,trtr,2026
4077,96128,S15,4,5,trtr,2026
4078,96192,S15,4,4,trtr,2026
4079,96256,S15,4,5,trtr,2026
4080,96320,S15,4,5,trtr,2026
4081,96384,S15,4,7,trtr,2026
4082,96448,S15,4,5,trtr,2026
4083,96512,S15,4,5,trtr,2026
4084,96576,S15,4,5,trtr,2026
4085,96640,S15,4,7,trtr,2026
4086,96704,S15,4,5,trtr,2026
4087,96768,S15,4,0,trtr,2026
4088,96832,S15,4,4,trtr,2026
4089,96896,S15,4,4,trtr,2026
4090,96960,S15,4,5,trtr,2026
4091,97024,S15,4,7,trtr,2026
4092,97088,S15,4,5,trtr,2026
4093,97152,S15,4,7,trtr,2026
4094,97216,S15,4,5,trtr,2026
4095,97280,S15,4,7,trtr,2026
4096,97344,S15,4,5,trtr,2026
4097,97408,S15,4,5,trtr,2026
4098,97472,S15,4,7,trtr,2026
4099,97536,S15,4,5,trtr,2026
4100,97600,S15,4,4,trtr,2026
4101,97664,S15,4,4,trtr,2026
4102,97728,S15,4,5,trtr,2026
4103,97792,S15,4,5,trtr,2026
4104,97856,S15,4,5,trtr,2026
4105,97920,S15,4,4,trtr,2026
4106,97984,S15,4,5,trtr,2026
4107,98048,S15,4,5,trtr,2026
4108,98112,S15,4,5,trtr,2026
4109,98176,S15,4,5,trtr,2026
4110,98240,S15,4,4,trtr,2026
4111,98304,S15,4,5,trtr,2026
4112,98368,S15,4,5,trtr,2026
4113,98432,S15,4,7,trtr,2026
4114,98496,S15,4,5,trtr,2026
4115,98560,S15,4,5,trtr,2026
4116,98624,S15,4,7,trtr,2026
4117,98688,S15,4,4,trtr,2026
4118,98752,S15,4,5,trtr,2026
4119,98816,S15,4,5,trtr,2026
4120,98880,S15,4,5,trtr,2026
4121,98944,S15,4,4,trtr,2026
4122,99008,S15,4,5,trtr,2026
4123,99072,S15,4,5,trtr,2026
4124,99136,S15,4,5,trtr,2026
4125,99200,S15,4,5,trtr,2026
4126,99264,S15,4,6,trtr,2026
4127,99328,S15,4,4,trtr,2026
4128,99392,S15,4,5,trtr,2026
4129,99456,S15,4,5,trtr,2026
4130,99520,S15,4,5,trtr,2026
4131,99584,S15,4,5,trtr,2026
4132,99648,S15,4,4,trtr,2026
4133,99712,S15,4,5,trtr,2026
4134,99776,S15,4,5,trtr,2026
4135,99840,S15,4,5,trtr,2026
4136,99904,S15,4,5,trtr,2026
4137,99968,S15,4,5,trtr,2026
4138,100032,S15,4,5,trtr,2026
4139,100096,S15,4,5,trtr,2026
4140,100160,S15,4,7,trtr,2026
4141,100224,S15,4,5,trtr,2026
4142,100288,S15,4,5,trtr,2026
4143,100352,S15,4,5,trtr,2026
4144,100416,S15,4,5,trtr,2026
4145,100480,S15,4,5,trtr,2026
4146,100544,S15,4,7,trtr,2026
4147,100608,S15,4,5,trtr,2026
4148,100672,S15,4,5,trtr,2026
4149,100736,S15,4,4,trtr,2026
4150,100800,S15,4,5,trtr,2026
4151,100864,S15,4,5,trtr,2026
4152,100928,S15,4,4,trtr,2026
4153,100992,S15,4,5,trtr,2026
4154,101056,S15,4,5,trtr,2026
4155,101120,S15,4,5,trtr,2026
4156,101184,S15,4,5,trtr,2026
4157,101248,S15,4,5,trtr,2026
4158,101312,S15,4,4,trtr,2026
4159,101376,S15,4,5,trtr,2026
4160,101440,S15,4,5,trtr,2026
4161,101504,S15,4,5,trtr,2026
4162,101568,S15,4,5,trtr,2026
4163,101632,S15,4,5,trtr,2026
4164,101696,S15,4,7,trtr,2026
4165,101760,S15,4,5,trtr,2026
4166,101824,S15,4,5,trtr,2026
4167,101888,S15,4,4,trtr,2026
4168,101952,S15,4,4,trtr,2026
4169,102016,S15,4,5,trtr,2026
4170,102080,S15,4,5,trtr,2026
4171,102144,S15,4,5,trtr,2026
4172,102208,S15,4,4,trtr,2026
4173,102272,S15,4,4,trtr,2026
4174,102336,S15,4,5,trtr,2026
4175,102400,S15,4,5,trtr,2026
4176,102464,S15,4,7,trtr,2026
4177,102528,S15,4,4,trtr,2026
4178,102592,S15,4,5,trtr,2026
4179,102656,S15,4,7,trtr,2026
4180,102720,S15,4,4,trtr,2026
4181,102784,S15,4,4,trtr,2026
4182,102848,S15,4,5,trtr,2026
4183,102912,S15,4,7,trtr,2026
4184,102976,S15,4,5,trtr,2026
4185,103040,S15,4,7,trtr,2026
4186,103104,S15,4,5,trtr,2026
4187,103168,S15,4,5,trtr,2026
4188,103232,S15,4,4,trtr,2026
4189,103296,S15,4,5,trtr,2026
4190,103360,S15,4,5,trtr,2026
4191,103424,S15,4,4,trtr,2026
4192,103488,S15,4,5,trtr,2026
4193,103552,S15,4,5,trtr,2026
4194,103616,S15,4,5,trtr,2026
4195,103680,S15,4,5,trtr,2026
4196,103744,S15,4,7,trtr,2026
4197,103808,S15,4,4,trtr,2026
4198,103872,S15,4,5,trtr,2026
4199,103936,S15,4,5,trtr,2026
4200,104000,S15,4,5,trtr,2026
4201,104064,S15,4,5,trtr,2026
4202,104128,S15,4,4,trtr,2026
4203,104192,S15,4,5,trtr,2026
4204,104256,S15,4,7,trtr,2026
4205,104320,S15,4,5,trtr,2026
4206,104384,S15,4,5,trtr,2026
4207,104448,S15,4,7,trtr,2026
4208,104512,S15,4,5,trtr,2026
4209,104576,S15,4,5,trtr,2026
4210,104640,S15,4,5,trtr,2026
4211,104704,S15,4,5,trtr,2026
4212,104768,S15,4,5,trtr,2026
4213,104832,S15,4,7,trtr,2026
4214,104896,S15,4,4,trtr,2026
4215,104960,S15,4,5,trtr,2026
4216,105024,S15,4,7,trtr,2026
4217,105088,S15,4,5,trtr,2026
4218,105152,S15,4,4,trtr,2026
4219,105216,S15,4,5,trtr,2026
4220,105280,S15,4,5,trtr,2026
4221,105344,S15,4,5,trtr,2026
4222,105408,S15,4,5,trtr,2026
4223,105472,S15,4,5,trtr,2026
4224,105536,S15,4,5,trtr,2026
4225,105600,S15,4,7,trtr,2026
4226,105664,S15,4,5,trtr,2026
4227,105728,S15,4,5,trtr,2026
4228,105792,S15,4,5,trtr,2026
4229,105856,S15,4,7,trtr,2026
4230,105920,S15,4,4,trtr,2026
4231,105984,S15,4,7,trtr,2026
4232,106048,S15,4,5,trtr,2026
4233,106112,S15,4,4,trtr,2026
4234,106176,S15,4,5,trtr,2026
4235,106240,S15,4,5,trtr,2026
4236,106304,S15,4,5,trtr,2026
4237,106368,S15,4,4,trtr,2026
4238,106432,S15,4,5,trtr,2026
4239,106496,S15,4,5,trtr,2026
4240,106560,S15,4,7,trtr,2026
4241,106624,S15,4,5,trtr,2026
4242,106688,S15,4,4,trtr,2026
4243,106752,S15,4,4,trtr,2026
4244,106816,S15,4,5,trtr,2026
4245,106880,S15,4,5,trtr,2026
4246,106944,S15,4,5,trtr,2026
4247,107008,S15,4,7,trtr,2026
4248,107072,S15,4,5,trtr,2026
4249,107136,S15,4,5,trtr,2026
4250,107200,S15,4,5,trtr,2026
4251,107264,S15,4,5,trtr,2026
4252,107328,S15,4,5,trtr,2026
4253,107392,S15,4,5,trtr,2026
4254,107456,S15,4,5,trtr,2026
4255,107520,S15,4,5,trtr,2026
4256,107584,S15,4,5,trtr,2026
4257,107648,S15,4,5,trtr,2026
4258,107712,S15,4,5,trtr,2026
4259,107776,S15,4,7,trtr,2026
4260,107840,S15,4,5,trtr,2026
4261,107904,S15,4,4,trtr,2026
4262,107968,S15,4,4,trtr,2026
4263,108032,S15,4,5,trtr,2026
4264,108096,S15,4,5,trtr,2026
4265,108160,S15,4,5,trtr,2026
4266,108224,S15,4,5,trtr,2026
4267,108288,S15,4,5,trtr,2026
4268,108352,S15,4,5,trtr,2026
4269,108416,S15,4,5,trtr,2026
4270,108480,S15,4,5,trtr,2026
4271,108544,S15,4,5,trtr,2026
4272,108608,S15,4,5,trtr,2026
4273,108672,S15,4,5,trtr,2026
4274,108736,S15,4,5,trtr,2026
4275,108800,S15,4,2,trtr,2026
4276,108864,S15,4,4,trtr,2026
4277,108928,S15,4,5,trtr,2026
4278,108992,S15,4,5,trtr,2026
4279,109056,S15,4,4,trtr,2026
4280,109120,S15,4,7,trtr,2026
4281,109184,S15,4,5,trtr,2026
4282,109248,S15,4,5,trtr,2026
4283,109312,S15,4,5,trtr,2026
4284,109376,S15,4,5,trtr,2026
4285,109440,S15,4,5,trtr,2026
4286,109504,S15,4,7,trtr,2026
4287,109568,S15,4,4,trtr,2026
4288,109632,S15,4,4,trtr,2026
4289,109696,S15,4,4,trtr,2026
4290,109760,S15,4,5,trtr,2026
4291,109824,S15,4,7,trtr,2026
4292,109888,S15,4,4,trtr,2026
4293,109952,S15,4,4,trtr,2026
4294,110016,S15,4,4,trtr,2026
4295,110080,S15,4,4,trtr,2026
4296,110144,S15,4,4,trtr,2026
4297,110208,S15,4,7,trtr,2026
4298,110272,S15,4,5,trtr,2026
4299,110336,S15,4,5,trtr,2026
4300,110400,S15,4,5,trtr,2026
4301,110464,S15,4,5,trtr,2026
4302,110528,S15,4,5,trtr,2026
4303,110592,S15,4,5,trtr,2026
4304,110656,S15,4,5,trtr,2026
4305,110720,S15,4,7,trtr,2026
4306,110784,S15,4,5,trtr,2026
4307,110848,S15,4,7,trtr,2026
4308,110912,S15,4,5,trtr,2026
4309,110976,S15,4,5,trtr,2026
4310,111040,S15,4,5,trtr,2026
4311,111104,S15,4,2,trtr,2026
4312,111168,S15,4,5,trtr,2026
4313,111232,S15,4,5,trtr,2026
4314,111296,S15,4,5,trtr,2026
4315,111360,S15,4,5,trtr,2026
4316,111424,S15,4,5,trtr,2026
4317,111488,S15,4,5,trtr,2026
4318,111552,S15,4,4,trtr,2026
4319,111616,S15,4,4,trtr,2026
4320,111680,S15,4,7,trtr,2026
4321,111744,S15,4,5,trtr,2026
4322,111808,S15,4,5,trtr,2026
4323,111872,S15,4,5,trtr,2026
4324,111936,S15,4,5,trtr,2026
4325,112000,S15,4,5,trtr,2026
4326,112064,S15,4,5,trtr,2026
4327,112128,S15,4,5,trtr,2026
4328,112192,S15,4,5,trtr,2026
4329,112256,S15,4,5,trtr,2026
4330,112320,S15,4,5,trtr,2026
4331,112384,S15,4,7,trtr,2026
4332,112448,S15,4,5,trtr,2026
4333,112512,S15,4,7,trtr,2026
4334,112576,S15,4,5,trtr,2026
4335,112640,S15,4,4,trtr,2026
4336,112704,S15,4,4,trtr,2026
4337,112768,S15,4,5,trtr,2026
4338,112832,S15,4,5,trtr,2026
4339,112896,S15,4,4,trtr,2026
4340,112960,S15,4,5,trtr,2026
4341,113024,S15,4,5,trtr,2026
4342,113088,S15,4,7,trtr,2026
4343,113152,S15,4,5,trtr,2026
4344,113216,S15,4,5,trtr,2026
4345,113280,S15,4,5,trtr,2026
4346,113344,S15,4,2,trtr,2026
4347,113408,S15,4,2,trtr,2026
4348,113472,S15,4,5,trtr,2026
4349,113536,S15,4,5,trtr,2026
4350,113600,S15,4,7,trtr,2026
4351,113664,S15,4,4,trtr,2026
4352,113728,S15,4,5,trtr,2026
4353,113792,S15,4,5,trtr,2026
4354,113856,S15,4,5,trtr,2026
4355,113920,S15,4,5,trtr,2026
4356,113984,S15,4,4,trtr,2026
4357,114048,S15,4,7,trtr,2026
4358,114112,S15,4,5,trtr,2026
4359,114176,S15,4,4,trtr,2026
4360,114240,S15,4,5,trtr,2026
4361,114304,S15,4,4,trtr,2026
4362,114368,S15,4,5,trtr,2026
4363,114432,S15,4,7,trtr,2026
4364,114496,S15,4,5,trtr,2026
4365,114560,S15,4,5,trtr,2026
4366,114624,S15,4,7,trtr,2026
4367,114688,S15,4,7,trtr,2026
4368,114752,S15,4,5,trtr,2026
4369,114816,S15,4,5,trtr,2026
4370,114880,S15,4,5,trtr,2026
4371,114944,S15,4,4,trtr,2026
4372,115008,S15,4,5,trtr,2026
4373,115072,S15,4,5,trtr,2026
4374,115136,S15,4,4,trtr,2026
4375,115200,S15,4,5,trtr,2026
4376,115264,S15,4,5,trtr,2026
4377,115328,S15,4,4,trtr,2026
4378,115392,S15,4,5,trtr,2026
4379,115456,S15,4,5,trtr,2026
4380,115520,S15,4,5,trtr,2026
4381,115584,S15,4,7,trtr,2026
4382,115648,S15,4,5,trtr,2026
4383,115712,S15,4,5,trtr,2026
4384,115776,S15,4,4,trtr,2026
4385,115840,S15,4,5,trtr,2026
4386,115904,S15,4,7,trtr,2026
4387,115968,S15,4,5,trtr,2026
4388,116032,S15,4,7,trtr,2026
4389,116096,S15,4,5,trtr,2026
4390,116160,S15,4,2,trtr,2026
4391,116224,S15,4,5,trtr,2026
4392,116288,S15,4,4,trtr,2026
4393,116352,S15,4,5,trtr,2026
4394,116416,S15,4,5,trtr,2026
4395,116480,S15,4,7,trtr,2026
4396,116544,S15,4,5,trtr,2026
4397,116608,S15,4,5,trtr,2026
4398,116672,S15,4,7,trtr,2026
4399,116736,S15,4,4,trtr,2026
4400,116800,S15,4,4,trtr,2026
4401,116864,S15,4,5,trtr,2026
4402,116928,S15,4,0,trtr,2026
4403,116992,S15,4,5,trtr,2026
4404,117056,S15,4,7,trtr,2026
4405,117120,S15,4,7,trtr,2026
4406,117184,S15,4,5,trtr,2026
4407,117248,S15,4,4,trtr,2026
4408,117312,S15,4,4,trtr,2026
4409,117376,S15,4,7,trtr,2026
4410,117440,S15,4,5,trtr,2026
4411,117504,S15,4,5,trtr,2026
4412,117568,S15,4,5,trtr,2026
4413,117632,S15,4,0,trtr,2026
4414,117696,S15,4,0,trtr,2026
4415,117760,S15,4,7,trtr,2026
4416,117824,S15,4,7,trtr,2026
4417,117888,S15,4,4,trtr,2026
4418,117952,S15,4,5,trtr,2026
4419,118016,S15,4,5,trtr,2026
4420,118080,S15,4,7,trtr,2026
4421,118144,S15,4,5,trtr,2026
4422,118208,S15,4,7,trtr,2026
4423,118272,S15,4,5,trtr,2026
4424,118336,S15,4,4,trtr,2026
4425,118400,S15,4,4,trtr,2026
4426,118464,S15,4,5,trtr,2026
4427,118528,S15,4,5,trtr,2026
4428,118592,S15,4,7,trtr,2026
4429,118656,S15,4,5,trtr,2026
4430,118720,S15,4,5,trtr,2026
4431,118784,S15,4,5,trtr,2026
4432,118848,S15,4,5,trtr,2026
4433,118912,S15,4,4,trtr,2026
4434,118976,S15,4,4,trtr,2026
4435,119040,S15,4,7,trtr,2026
4436,119104,S15,4,5,trtr,2026
4437,119168,S15,4,4,trtr,2026
4438,119232,S15,4,5,trtr,2026
4439,119296,S15,4,5,trtr,2026
4440,119360,S15,4,5,trtr,2026
4441,119424,S15,4,5,trtr,2026
4442,119488,S15,4,7,trtr,2026
4443,119552,S15,4,5,trtr,2026
4444,119616,S15,4,5,trtr,2026
4445,119680,S15,4,2,trtr,2026
4446,119744,S15,4,4,trtr,2026
4447,119808,S15,4,5,trtr,2026
4448,119872,S15,4,2,trtr,2026
4449,119936,S15,4,5,trtr,2026
4450,120000,S15,4,5,trtr,2026
4451,120064,S15,4,5,trtr,2026
4452,120128,S15,4,5,trtr,2026
4453,120192,S15,4,5,trtr,2026
4454,120256,S15,4,4,trtr,2026
4455,120320,S15,4,5,trtr,2026
4456,120384,S15,4,5,trtr,2026
4457,120448,S15,4,4,trtr,2026
4458,120512,S15,4,5,trtr,2026
4459,120576,S15,4,4,trtr,2026
4460,120640,S15,4,5,trtr,2026
4461,120704,S15,4,5,trtr,2026
4462,120768,S15,4,5,trtr,2026
4463,120832,S15,4,4,trtr,2026
4464,120896,S15,4,0,trtr,2026
4465,134336,S15,5,5,trtr,2026
4466,134400,S15,5,5,trtr,2026
4467,134464,S15,5,5,trtr,2026
4468,134528,S15,5,4,trtr,2026
4469,134592,S15,5,5,trtr,2026
4470,134656,S15,5,5,trtr,2026
4471,134720,S15,5,5,trtr,2026
4472,134784,S15,5,5,trtr,2026
4473,134848,S15,5,5,trtr,2026
4474,134912,S15,5,5,trtr,2026
4475,134976,S15,5,5,trtr,2026
4476,135040,S15,5,0,trtr,2026
4477,135104,S15,5,2,trtr,2026
4478,135168,S15,5,5,trtr,2026
4479,135232,S15,5,5,trtr,2026
4480,135296,S15,5,5,trtr,2026
4481,135360,S15,5,5,trtr,2026
4482,135424,S15,5,0,trtr,2026
4483,135488,S15,5,4,trtr,2026
4484,135552,S15,5,5,trtr,2026
4485,135616,S15,5,7,trtr,2026
4486,135680,S15,5,5,trtr,2026
4487,135744,S15,5,5,trtr,2026
4488,135808,S15,5,4,trtr,2026
4489,135872,S15,5,5,trtr,2026
4490,135936,S15,5,5,trtr,2026
4491,136000,S15,5,5,trtr,2026
4492,136064,S15,5,5,trtr,2026
4493,136128,S15,5,5,trtr,2026
4494,136192,S15,5,4,trtr,2026
4495,136256,S15,5,0,trtr,2026
4496,136320,S15,5,7,trtr,2026
4497,136384,S15,5,5,trtr,2026
4498,136448,S15,5,5,trtr,2026
4499,136512,S15,5,5,trtr,2026
4500,136576,S15,5,5,trtr,2026
4501,136640,S15,5,5,trtr,2026
4502,136704,S15,5,5,trtr,2026
4503,136768,S15,5,0,trtr,2026
4504,136832,S15,5,5,trtr,2026
4505,136896,S15,5,5,trtr,2026
4506,136960,S15,5,7,trtr,2026
4507,137024,S15,5,5,trtr,2026
4508,137088,S15,5,5,trtr,2026
4509,137152,S15,5,5,trtr,2026
4510,137216,S15,5,5,trtr,2026
4511,137280,S15,5,4,trtr,2026
4512,137344,S15,5,5,trtr,2026
4513,137408,S15,5,5,trtr,2026
4514,137472,S15,5,7,trtr,2026
4515,137536,S15,5,7,trtr,2026
4516,137600,S15,5,4,trtr,2026
4517,137664,S15,5,5,trtr,2026
4518,137728,S15,5,5,trtr,2026
4519,137792,S15,5,4,trtr,2026
4520,137856,S15,5,5,trtr,2026
4521,137920,S15,5,5,trtr,2026
4522,137984,S15,5,5,trtr,2026
4523,138048,S15,5,5,trtr,2026
4524,138112,S15,5,7,trtr,2026
4525,138176,S15,5,7,trtr,2026
4526,138240,S15,5,5,trtr,2026
4527,138304,S15,5,5,trtr,2026
4528,138368,S15,5,5,trtr,2026
4529,138432,S15,5,5,trtr,2026
4530,138496,S15,5,7,trtr,2026
4531,138560,S15,5,5,trtr,2026
4532,138624,S15,5,5,trtr,2026
4533,138688,S15,5,5,trtr,2026
4534,138752,S15,5,2,trtr,2026
4535,138816,S15,5,5,trtr,2026
4536,138880,S15,5,4,trtr,2026
4537,138944,S15,5,5,trtr,2026
4538,139008,S15,5,5,trtr,2026
4539,139072,S15,5,5,trtr,2026
4540,139136,S15,5,0,trtr,2026
4541,139200,S15,5,5,trtr,2026
4542,139264,S15,5,5,trtr,2026
4543,139328,S15,5,5,trtr,2026
4544,139392,S15,5,7,trtr,2026
4545,139456,S15,5,5,trtr,2026
4546,139520,S15,5,0,trtr,2026
4547,139584,S15,5,5,trtr,2026
4548,139648,S15,5,5,trtr,2026
4549,139712,S15,5,5,trtr,2026
4550,139776,S15,5,5,trtr,2026
4551,139840,S15,5,7,trtr,2026
4552,139904,S15,5,5,trtr,2026
4553,139968,S15,5,5,trtr,2026
4554,140032,S15,5,5,trtr,2026
4555,140096,S15,5,5,trtr,2026
4556,140160,S15,5,5,trtr,2026
4557,140224,S15,5,7,trtr,2026
4558,140288,S15,5,5,trtr,2026
4559,140352,S15,5,2,trtr,2026
4560,140416,S15,5,0,trtr,2026
4561,140480,S15,5,5,trtr,2026
4562,140544,S15,5,5,trtr,2026
4563,140608,S15,5,5,trtr,2026
4564,140672,S15,5,5,trtr,2026
4565,140736,S15,5,5,trtr,2026
4566,140800,S15,5,5,trtr,2026
4567,140864,S15,5,5,trtr,2026
4568,140928,S15,5,0,trtr,2026
4569,140992,S15,5,4,trtr,2026
4570,141056,S15,5,4,trtr,2026
4571,141120,S15,5,5,trtr,2026
4572,141184,S15,5,5,trtr,2026
4573,141248,S15,5,7,trtr,2026
4574,141312,S15,5,5,trtr,2026
4575,141376,S15,5,5,trtr,2026
4576,141440,S15,5,5,trtr,2026
4577,141504,S15,5,5,trtr,2026
4578,141568,S15,5,5,trtr,2026
4579,141632,S15,5,5,trtr,2026
4580,141696,S15,5,5,trtr,2026
4581,141760,S15,5,5,trtr,2026
4582,141824,S15,5,5,trtr,2026
4583,141888,S15,5,7,trtr,2026
4584,141952,S15,5,7,trtr,2026
4585,142016,S15,5,5,trtr,2026
4586,142080,S15,5,5,trtr,2026
4587,142144,S15,5,5,trtr,2026
4588,142208,S15,5,5,trtr,2026
4589,142272,S15,5,5,trtr,2026
4590,142336,S15,5,5,trtr,2026
4591,142400,S15,5,7,trtr,2026
4592,142464,S15,5,5,trtr,2026
4593,142528,S15,5,2,trtr,2026
4594,142592,S15,5,5,trtr,2026
4595,142656,S15,5,0,trtr,2026
4596,142720,S15,5,5,trtr,2026
4597,142784,S15,5,7,trtr,2026
4598,142848,S15,5,2,trtr,2026
4599,142912,S15,5,5,trtr,2026
4600,142976,S15,5,5,trtr,2026
4601,143040,S15,5,5,trtr,2026
4602,143104,S15,5,4,trtr,2026
4603,143168,S15,5,5,trtr,2026
4604,143232,S15,5,5,trtr,2026
4605,143296,S15,5,5,trtr,2026
4606,143360,S15,5,5,trtr,2026
4607,143424,S15,5,2,trtr,2026
4608,143488,S15,5,5,trtr,2026
4609,143552,S15,5,5,trtr,2026
4610,143616,S15,5,4,trtr,2026
4611,143680,S15,5,5,trtr,2026
4612,143744,S15,5,5,trtr,2026
4613,143808,S15,5,5,trtr,2026
4614,143872,S15,5,5,trtr,2026
4615,143936,S15,5,5,trtr,2026
4616,144000,S15,5,5,trtr,2026
4617,144064,S15,5,5,trtr,2026
4618,144128,S15,5,5,trtr,2026
4619,144192,S15,5,5,trtr,2026
4620,144256,S15,5,4,trtr,2026
4621,144320,S15,5,4,trtr,2026
4622,144384,S15,5,5,trtr,2026
4623,144448,S15,5,5,trtr,2026
4624,144512,S15,5,5,trtr,2026
4625,144576,S15,5,7,trtr,2026
4626,144640,S15,5,5,trtr,2026
4627,144704,S15,5,5,trtr,2026
4628,144768,S15,5,5,trtr,2026
4629,144832,S15,5,4,trtr,2026
4630,144896,S15,5,5,trtr,2026
4631,144960,S15,5,5,trtr,2026
4632,145024,S15,5,5,trtr,2026
4633,145088,S15,5,5,trtr,2026
4634,145152,S15,5,5,trtr,2026
4635,145216,S15,5,5,trtr,2026
4636,145280,S15,5,0,trtr,2026
4637,145344,S15,5,4,trtr,2026
4638,145408,S15,5,5,trtr,2026
4639,145472,S15,5,4,trtr,2026
4640,145536,S15,5,5,trtr,2026
4641,145600,S15,5,5,trtr,2026
4642,145664,S15,5,5,trtr,2026
4643,145728,S15,5,5,trtr,2026
4644,145792,S15,5,2,trtr,2026
4645,145856,S15,5,5,trtr,2026
4646,145920,S15,5,5,trtr,2026
4647,145984,S15,5,5,trtr,2026
4648,146048,S15,5,5,trtr,2026
4649,146112,S15,5,4,trtr,2026
4650,146176,S15,5,5,trtr,2026
4651,146240,S15,5,5,trtr,2026
4652,146304,S15,5,5,trtr,2026
4653,146368,S15,5,5,trtr,2026
4654,146432,S15,5,5,trtr,2026
4655,146496,S15,5,4,trtr,2026
4656,146560,S15,5,7,trtr,2026
4657,146624,S15,5,5,trtr,2026
4658,146688,S15,5,5,trtr,2026
4659,146752,S15,5,5,trtr,2026
4660,146816,S15,5,5,trtr,2026
4661,146880,S15,5,5,trtr,2026
4662,146944,S15,5,5,trtr,2026
4663,147008,S15,5,0,trtr,2026
4664,147072,S15,5,7,trtr,2026
4665,147136,S15,5,5,trtr,2026
4666,147200,S15,5,7,trtr,2026
4667,147264,S15,5,4,trtr,2026
4668,147328,S15,5,5,trtr,2026
4669,147392,S15,5,7,trtr,2026
4670,147456,S15,5,4,trtr,2026
4671,147520,S15,5,5,trtr,2026
4672,147584,S15,5,5,trtr,2026
4673,147648,S15,5,5,trtr,2026
4674,147712,S15,5,5,trtr,2026
4675,147776,S15,5,5,trtr,2026
4676,147840,S15,5,5,trtr,2026
4677,147904,S15,5,5,trtr,2026
4678,147968,S15,5,7,trtr,2026
4679,148032,S15,5,5,trtr,2026
4680,148096,S15,5,7,trtr,2026
4681,148160,S15,5,2,trtr,2026
4682,148224,S15,5,5,trtr,2026
4683,148288,S15,5,7,trtr,2026
4684,148352,S15,5,5,trtr,2026
4685,148416,S15,5,2,trtr,2026
4686,148480,S15,5,7,trtr,2026
4687,148544,S15,5,5,trtr,2026
4688,148608,S15,5,5,trtr,2026
4689,148672,S15,5,5,trtr,2026
4690,148736,S15,5,5,trtr,2026
4691,148800,S15,5,7,trtr,2026
4692,148864,S15,5,5,trtr,2026
4693,148928,S15,5,5,trtr,2026
4694,148992,S15,5,7,trtr,2026
4695,149056,S15,5,5,trtr,2026
4696,149120,S15,5,5,trtr,2026
4697,149184,S15,5,5,trtr,2026
4698,149248,S15,5,5,trtr,2026
4699,149312,S15,5,5,trtr,2026
4700,149376,S15,5,5,trtr,2026
4701,149440,S15,5,4,trtr,2026
4702,149504,S15,5,5,trtr,2026
4703,149568,S15,5,7,trtr,2026
4704,149632,S15,5,5,trtr,2026
4705,149696,S15,5,7,trtr,2026
4706,149760,S15,5,5,trtr,2026
4707,149824,S15,5,5,trtr,2026
4708,149888,S15,5,7,trtr,2026
4709,149952,S15,5,5,trtr,2026
4710,150016,S15,5,5,trtr,2026
4711,150080,S15,5,5,trtr,2026
4712,150144,S15,5,5,trtr,2026
4713,150208,S15,5,4,trtr,2026
4714,150272,S15,5,5,trtr,2026
4715,150336,S15,5,5,trtr,2026
4716,150400,S15,5,5,trtr,2026
4717,150464,S15,5,5,trtr,2026
4718,150528,S15,5,5,trtr,2026
4719,150592,S15,5,7,trtr,2026
4720,150656,S15,5,5,trtr,2026
4721,150720,S15,5,5,trtr,2026
4722,150784,S15,5,5,trtr,2026
4723,150848,S15,5,5,trtr,2026
4724,150912,S15,5,5,trtr,2026
4725,150976,S15,5,5,trtr,2026
4726,151040,S15,5,7,trtr,2026
4727,151104,S15,5,5,trtr,2026
4728,151168,S15,5,5,trtr,2026
4729,151232,S15,5,5,trtr,2026
4730,151296,S15,5,7,trtr,2026
4731,151360,S15,5,5,trtr,2026
4732,151424,S15,5,4,trtr,2026
4733,151488,S15,5,5,trtr,2026
4734,151552,S15,5,5,trtr,2026
4735,151616,S15,5,5,trtr,2026
4736,151680,S15,5,5,trtr,2026
4737,151744,S15,5,5,trtr,2026
4738,151808,S15,5,4,trtr,2026
4739,151872,S15,5,5,trtr,2026
4740,151936,S15,5,5,trtr,2026
4741,152000,S15,5,4,trtr,2026
4742,152064,S15,5,4,trtr,2026
4743,152128,S15,5,4,trtr,2026
4744,152192,S15,5,5,trtr,2026
4745,152256,S15,5,5,trtr,2026
4746,152320,S15,5,5,trtr,2026
4747,152384,S15,5,5,trtr,2026
4748,152448,S15,5,5,trtr,2026
4749,152512,S15,5,0,trtr,2026
4750,152576,S15,5,5,trtr,2026
4751,152640,S15,5,5,trtr,2026
4752,152704,S15,5,5,trtr,2026
4753,152768,S15,5,7,trtr,2026
4754,152832,S15,5,5,trtr,2026
4755,152896,S15,5,5,trtr,2026
4756,152960,S15,5,5,trtr,2026
4757,153024,S15,5,7,trtr,2026
4758,153088,S15,5,5,trtr,2026
4759,153152,S15,5,5,trtr,2026
4760,153216,S15,5,5,trtr,2026
4761,153280,S15,5,5,trtr,2026
4762,153344,S15,5,5,trtr,2026
4763,153408,S15,5,5,trtr,2026
4764,153472,S15,5,5,trtr,2026
4765,153536,S15,5,5,trtr,2026
4766,153600,S15,5,5,trtr,2026
4767,153664,S15,5,5,trtr,2026
4768,153728,S15,5,5,trtr,2026
4769,153792,S15,5,5,trtr,2026
4770,153856,S15,5,7,trtr,2026
4771,153920,S15,5,5,trtr,2026
4772,153984,S15,5,7,trtr,2026
4773,154048,S15,5,5,trtr,2026
4774,154112,S15,5,5,trtr,2026
4775,154176,S15,5,5,trtr,2026
4776,154240,S15,5,5,trtr,2026
4777,154304,S15,5,5,trtr,2026
4778,154368,S15,5,7,trtr,2026
4779,154432,S15,5,7,trtr,2026
4780,154496,S15,5,2,trtr,2026
4781,154560,S15,5,5,trtr,2026
4782,154624,S15,5,7,trtr,2026
4783,154688,S15,5,4,trtr,2026
4784,154752,S15,5,5,trtr,2026
4785,154816,S15,5,5,trtr,2026
4786,154880,S15,5,7,trtr,2026
4787,154944,S15,5,5,trtr,2026
4788,155008,S15,5,5,trtr,2026
4789,155072,S15,5,5,trtr,2026
4790,155136,S15,5,5,trtr,2026
4791,155200,S15,5,5,trtr,2026
4792,155264,S15,5,5,trtr,2026
4793,155328,S15,5,5,trtr,2026
4794,155392,S15,5,5,trtr,2026
4795,155456,S15,5,5,trtr,2026
4796,155520,S15,5,5,trtr,2026
4797,155584,S15,5,7,trtr,2026
4798,155648,S15,5,5,trtr,2026
4799,155712,S15,5,4,trtr,2026
4800,155776,S15,5,5,trtr,2026
4801,155840,S15,5,5,trtr,2026
4802,155904,S15,5,2,trtr,2026
4803,155968,S15,5,5,trtr,2026
4804,156032,S15,5,5,trtr,2026
4805,156096,S15,5,5,trtr,2026
4806,156160,S15,5,5,trtr,2026
4807,156224,S15,5,5,trtr,2026
4808,156288,S15,5,5,trtr,2026
4809,156352,S15,5,5,trtr,2026
4810,156416,S15,5,5,trtr,2026
4811,156480,S15,5,5,trtr,2026
4812,156544,S15,5,5,trtr,2026
4813,156608,S15,5,4,trtr,2026
4814,156672,S15,5,4,trtr,2026
4815,156736,S15,5,5,trtr,2026
4816,156800,S15,5,5,trtr,2026
4817,156864,S15,5,3,trtr,2026
4818,156928,S15,5,5,trtr,2026
4819,156992,S15,5,5,trtr,2026
4820,157056,S15,5,0,trtr,2026
4821,157120,S15,5,5,trtr,2026
4822,157184,S15,5,5,trtr,2026
4823,157248,S15,5,2,trtr,2026
4824,157312,S15,5,5,trtr,2026
4825,157376,S15,5,0,trtr,2026
4826,157440,S15,5,5,trtr,2026
4827,157504,S15,5,5,trtr,2026
4828,157568,S15,5,5,trtr,2026
4829,157632,S15,5,5,trtr,2026
4830,157696,S15,5,5,trtr,2026
4831,157760,S15,5,5,trtr,2026
4832,157824,S15,5,5,trtr,2026
4833,157888,S15,5,7,trtr,2026
4834,157952,S15,5,0,trtr,2026
4835,158016,S15,5,2,trtr,2026
4836,158080,S15,5,7,trtr,2026
4837,158144,S15,5,5,trtr,2026
4838,158208,S15,5,5,trtr,2026
4839,158272,S15,5,2,trtr,2026
4840,158336,S15,5,5,trtr,2026
4841,158400,S15,5,7,trtr,2026
4842,158464,S15,5,4,trtr,2026
4843,158528,S15,5,5,trtr,2026
4844,158592,S15,5,5,trtr,2026
4845,158656,S15,5,2,trtr,2026
4846,158720,S15,5,5,trtr,2026
4847,158784,S15,5,7,trtr,2026
4848,158848,S15,5,5,trtr,2026
4849,158912,S15,5,5,trtr,2026
4850,158976,S15,5,5,trtr,2026
4851,159040,S15,5,5,trtr,2026
4852,159104,S15,5,5,trtr,2026
4853,159168,S15,5,7,trtr,2026
4854,159232,S15,5,4,trtr,2026
4855,159296,S15,5,5,trtr,2026
4856,159360,S15,5,7,trtr,2026
4857,159424,S15,5,5,trtr,2026
4858,159488,S15,5,5,trtr,2026
4859,159552,S15,5,5,trtr,2026
4860,159616,S15,5,5,trtr,2026
4861,159680,S15,5,5,trtr,2026
4862,159744,S15,5,5,trtr,2026
4863,159808,S15,5,7,trtr,2026
4864,159872,S15,5,5,trtr,2026
4865,159936,S15,5,5,trtr,2026
4866,160000,S15,5,7,trtr,2026
4867,160064,S15,5,5,trtr,2026
4868,160128,S15,5,5,trtr,2026
4869,160192,S15,5,7,trtr,2026
4870,160256,S15,5,7,trtr,2026
4871,160320,S15,5,5,trtr,2026
4872,160384,S15,5,7,trtr,2026
4873,160448,S15,5,5,trtr,2026
4874,160512,S15,5,7,trtr,2026
4875,160576,S15,5,5,trtr,2026
4876,160640,S15,5,7,trtr,2026
4877,160704,S15,5,4,trtr,2026
4878,160768,S15,5,5,trtr,2026
4879,160832,S15,5,5,trtr,2026
4880,160896,S15,5,5,trtr,2026
4881,160960,S15,5,7,trtr,2026
4882,161024,S15,5,5,trtr,2026
4883,161088,S15,5,5,trtr,2026
4884,161152,S15,5,5,trtr,2026
4885,161216,S15,5,7,trtr,2026
4886,161280,S15,5,7,trtr,2026
4887,161344,S15,5,2,trtr,2026
4888,161408,S15,5,7,trtr,2026
4889,161472,S15,5,5,trtr,2026
4890,161536,S15,5,5,trtr,2026
4891,161600,S15,5,5,trtr,2026
4892,161664,S15,5,7,trtr,2026
4893,161728,S15,5,7,trtr,2026
4894,161792,S15,5,0,trtr,2026
4895,161856,S15,5,4,trtr,2026
4896,161920,S15,5,5,trtr,2026
4897,161984,S15,5,7,trtr,2026
4898,162048,S15,5,5,trtr,2026
4899,162112,S15,5,5,trtr,2026
4900,162176,S15,5,5,trtr,2026
4901,162240,S15,5,4,trtr,2026
4902,162304,S15,5,5,trtr,2026
4903,162368,S15,5,0,trtr,2026
4904,162432,S15,5,5,trtr,2026
4905,162496,S15,5,5,trtr,2026
4906,162560,S15,5,5,trtr,2026
4907,162624,S15,5,5,trtr,2026
4908,162688,S15,5,5,trtr,2026
4909,162752,S15,5,5,trtr,2026
4910,162816,S15,5,5,trtr,2026
4911,162880,S15,5,2,trtr,2026
4912,162944,S15,5,4,trtr,2026
4913,163008,S15,5,5,trtr,2026
4914,163072,S15,5,5,trtr,2026
4915,163136,S15,5,2,trtr,2026
4916,163200,S15,5,7,trtr,2026
4917,163264,S15,5,5,trtr,2026
4918,163328,S15,5,5,trtr,2026
4919,163392,S15,5,5,trtr,2026
4920,163456,S15,5,5,trtr,2026
4921,163520,S15,5,5,trtr,2026
4922,163584,S15,5,7,trtr,2026
4923,163648,S15,5,5,trtr,2026
4924,163712,S15,5,7,trtr,2026
4925,163776,S15,5,5,trtr,2026
4926,163840,S15,5,5,trtr,2026
4927,163904,S15,5,7,trtr,2026
4928,163968,S15,5,5,trtr,2026
4929,164032,S15,5,4,trtr,2026
4930,164096,S15,5,7,trtr,2026
4931,164160,S15,5,5,trtr,2026
4932,164224,S15,5,5,trtr,2026
4933,164288,S15,5,5,trtr,2026
4934,164352,S15,5,5,trtr,2026
4935,164416,S15,5,5,trtr,2026
4936,164480,S15,5,5,trtr,2026
4937,164544,S15,5,5,trtr,2026
4938,164608,S15,5,5,trtr,2026
4939,164672,S15,5,5,trtr,2026
4940,164736,S15,5,5,trtr,2026
4941,164800,S15,5,5,trtr,2026
4942,164864,S15,5,7,trtr,2026
4943,164928,S15,5,5,trtr,2026
4944,164992,S15,5,5,trtr,2026
4945,165056,S15,5,5,trtr,2026
4946,165120,S15,5,4,trtr,2026
4947,165184,S15,5,5,trtr,2026
4948,165248,S15,5,7,trtr,2026
4949,165312,S15,5,7,trtr,2026
4950,165376,S15,5,5,trtr,2026
4951,165440,S15,5,5,trtr,2026
4952,165504,S15,5,5,trtr,2026
4953,165568,S15,5,4,trtr,2026
4954,165632,S15,5,5,trtr,2026
4955,165696,S15,5,7,trtr,2026
4956,165760,S15,5,4,trtr,2026
4957,165824,S15,5,5,trtr,2026
4958,165888,S15,5,5,trtr,2026
4959,165952,S15,5,5,trtr,2026
4960,166016,S15,5,0,trtr,2026
4961,166080,S15,5,7,trtr,2026
4962,166144,S15,5,5,trtr,2026
4963,166208,S15,5,5,trtr,2026
4964,166272,S15,5,0,trtr,2026
4965,166336,S15,5,5,trtr,2026
4966,166400,S15,5,5,trtr,2026
4967,166464,S15,5,5,trtr,2026
4968,166528,S15,5,7,trtr,2026
4969,166592,S15,5,3,trtr,2026
4970,166656,S15,5,7,trtr,2026
4971,166720,S15,5,5,trtr,2026
4972,166784,S15,5,5,trtr,2026
4973,166848,S15,5,5,trtr,2026
4974,166912,S15,5,5,trtr,2026
4975,166976,S15,5,5,trtr,2026
4976,167040,S15,5,7,trtr,2026
4977,167104,S15,5,5,trtr,2026
4978,167168,S15,5,5,trtr,2026
4979,167232,S15,5,5,trtr,2026
4980,167296,S15,5,5,trtr,2026
4981,167360,S15,5,5,trtr,2026
4982,167424,S15,5,5,trtr,2026
4983,167488,S15,5,5,trtr,2026
4984,167552,S15,5,7,trtr,2026
4985,167616,S15,5,5,trtr,2026
4986,167680,S15,5,5,trtr,2026
4987,167744,S15,5,5,trtr,2026
4988,167808,S15,5,5,trtr,2026
4989,167872,S15,5,7,trtr,2026
4990,167936,S15,5,5,trtr,2026
4991,168000,S15,5,5,trtr,2026
4992,168064,S15,5,5,trtr,2026
4993,168128,S15,5,5,trtr,2026
4994,168192,S15,5,0,trtr,2026
4995,168256,S15,5,5,trtr,2026
4996,168320,S15,5,5,trtr,2026
4997,168384,S15,5,5,trtr,2026
4998,168448,S15,5,5,trtr,2026
4999,168512,S15,5,5,trtr,2026
5000,168576,S15,5,2,trtr,2026
5001,168640,S15,5,5,trtr,2026
5002,168704,S15,5,5,trtr,2026
5003,168768,S15,5,5,trtr,2026
5004,168832,S15,5,7,trtr,2026
5005,168896,S15,5,5,trtr,2026
5006,168960,S15,5,5,trtr,2026
5007,169024,S15,5,5,trtr,2026
5008,169088,S15,5,5,trtr,2026
5009,169152,S15,5,5,trtr,2026
5010,169216,S15,5,5,trtr,2026
5011,169280,S15,5,5,trtr,2026
5012,169344,S15,5,7,trtr,2026
5013,169408,S15,5,5,trtr,2026
5014,169472,S15,5,5,trtr,2026
5015,169536,S15,5,5,trtr,2026
5016,169600,S15,5,5,trtr,2026
5017,169664,S15,5,0,trtr,2026
5018,169728,S15,5,5,trtr,2026
5019,169792,S15,5,5,trtr,2026
5020,169856,S15,5,4,trtr,2026
5021,169920,S15,5,5,trtr,2026
5022,169984,S15,5,5,trtr,2026
5023,170048,S15,5,4,trtr,2026
5024,170112,S15,5,5,trtr,2026
5025,170176,S15,5,7,trtr,2026
5026,170240,S15,5,4,trtr,2026
5027,170304,S15,5,4,trtr,2026
5028,170368,S15,5,4,trtr,2026
5029,170432,S15,5,5,trtr,2026
5030,170496,S15,5,5,trtr,2026
5031,170560,S15,5,4,trtr,2026
5032,170624,S15,5,5,trtr,2026
5033,170688,S15,5,5,trtr,2026
5034,170752,S15,5,5,trtr,2026
5035,170816,S15,5,4,trtr,2026
5036,170880,S15,5,5,trtr,2026
5037,170944,S15,5,7,trtr,2026
5038,171008,S15,5,5,trtr,2026
5039,171072,S15,5,5,trtr,2026
5040,171136,S15,5,5,trtr,2026
5041,171200,S15,5,5,trtr,2026
5042,171264,S15,5,5,trtr,2026
5043,171328,S15,5,5,trtr,2026
5044,171392,S15,5,5,trtr,2026
5045,171456,S15,5,5,trtr,2026
5046,171520,S15,5,5,trtr,2026
5047,171584,S15,5,5,trtr,2026
5048,171648,S15,5,4,trtr,2026
5049,171712,S15,5,2,trtr,2026
5050,171776,S15,5,5,trtr,2026
5051,171840,S15,5,7,trtr,2026
5052,171904,S15,5,5,trtr,2026
5053,171968,S15,5,5,trtr,2026
5054,172032,S15,5,5,trtr,2026
5055,172096,S15,5,5,trtr,2026
5056,172160,S15,5,5,trtr,2026
5057,172224,S15,5,4,trtr,2026
5058,172288,S15,5,5,trtr,2026
5059,172352,S15,5,5,trtr,2026
5060,172416,S15,5,4,trtr,2026
5061,172480,S15,5,7,trtr,2026
5062,172544,S15,5,5,trtr,2026
5063,172608,S15,5,5,trtr,2026
5064,172672,S15,5,5,trtr,2026
5065,172736,S15,5,5,trtr,2026
5066,172800,S15,5,5,trtr,2026
5067,172864,S15,5,4,trtr,2026
5068,172928,S15,5,2,trtr,2026
5069,172992,S15,5,5,trtr,2026
5070,173056,S15,5,5,trtr,2026
5071,173120,S15,5,5,trtr,2026
5072,173184,S15,5,5,trtr,2026
5073,173248,S15,5,5,trtr,2026
5074,173312,S15,5,0,trtr,2026
5075,173376,S15,5,5,trtr,2026
5076,173440,S15,5,5,trtr,2026
5077,173504,S15,5,5,trtr,2026
5078,173568,S15,5,5,trtr,2026
5079,173632,S15,5,5,trtr,2026
5080,173696,S15,5,5,trtr,2026
5081,173760,S15,5,5,trtr,2026
5082,173824,S15,5,4,trtr,2026
5083,173888,S15,5,0,trtr,2026
5084,173952,S15,5,5,trtr,2026
5085,174016,S15,5,5,trtr,2026
5086,174080,S15,5,5,trtr,2026
5087,174144,S15,5,7,trtr,2026
5088,174208,S15,5,0,trtr,2026
5089,174272,S15,5,5,trtr,2026
5090,174336,S15,5,5,trtr,2026
5091,174400,S15,5,7,trtr,2026
5092,174464,S15,5,5,trtr,2026
5093,174528,S15,5,5,trtr,2026
5094,174592,S15,5,5,trtr,2026
5095,174656,S15,5,5,trtr,2026
5096,174720,S15,5,4,trtr,2026
5097,174784,S15,5,5,trtr,2026
5098,174848,S15,5,0,trtr,2026
5099,174912,S15,5,7,trtr,2026
5100,174976,S15,5,5,trtr,2026
5101,175040,S15,5,5,trtr,2026
5102,175104,S15,5,5,trtr,2026
5103,175168,S15,5,5,trtr,2026
5104,175232,S15,5,5,trtr,2026
5105,175296,S15,5,5,trtr,2026
5106,175360,S15,5,5,trtr,2026
5107,175424,S15,5,5,trtr,2026
5108,175488,S15,5,5,trtr,2026
5109,175552,S15,5,5,trtr,2026
5110,175616,S15,5,0,trtr,2026
5111,175680,S15,5,5,trtr,2026
5112,175744,S15,5,5,trtr,2026
5113,175808,S15,5,5,trtr,2026
5114,175872,S15,5,5,trtr,2026
5115,175936,S15,5,5,trtr,2026
5116,176000,S15,5,2,trtr,2026
5117,176064,S15,5,5,trtr,2026
5118,176128,S15,5,7,trtr,2026
5119,176192,S15,5,2,trtr,2026
5120,176256,S15,5,5,trtr,2026
5121,176320,S15,5,7,trtr,2026
5122,176384,S15,5,5,trtr,2026
5123,176448,S15,5,5,trtr,2026
5124,176512,S15,5,5,trtr,2026
5125,176576,S15,5,5,trtr,2026
5126,176640,S15,5,4,trtr,2026
5127,176704,S15,5,5,trtr,2026
5128,176768,S15,5,5,trtr,2026
5129,176832,S15,5,7,trtr,2026
5130,176896,S15,5,7,trtr,2026
5131,176960,S15,5,5,trtr,2026
5132,177024,S15,5,4,trtr,2026
5133,177088,S15,5,4,trtr,2026
5134,177152,S15,5,4,trtr,2026
5135,177216,S15,5,5,trtr,2026
5136,177280,S15,5,5,trtr,2026
5137,177344,S15,5,5,trtr,2026
5138,177408,S15,5,5,trtr,2026
5139,177472,S15,5,7,trtr,2026
5140,177536,S15,5,5,trtr,2026
5141,177600,S15,5,5,trtr,2026
5142,177664,S15,5,4,trtr,2026
5143,177728,S15,5,5,trtr,2026
5144,177792,S15,5,5,trtr,2026
5145,177856,S15,5,5,trtr,2026
5146,177920,S15,5,5,trtr,2026
5147,177984,S15,5,5,trtr,2026
5148,178048,S15,5,5,trtr,2026
5149,178112,S15,5,5,trtr,2026
5150,178176,S15,5,5,trtr,2026
5151,178240,S15,5,5,trtr,2026
5152,178304,S15,5,5,trtr,2026
5153,178368,S15,5,5,trtr,2026
5154,178432,S15,5,5,trtr,2026
5155,178496,S15,5,5,trtr,2026
5156,178560,S15,5,4,trtr,2026
5157,178624,S15,5,5,trtr,2026
5158,178688,S15,5,7,trtr,2026
5159,178752,S15,5,5,trtr,2026
5160,178816,S15,5,7,trtr,2026
5161,178880,S15,5,5,trtr,2026
5162,178944,S15,5,5,trtr,2026
5163,179008,S15,5,5,trtr,2026
5164,179072,S15,5,5,trtr,2026
5165,179136,S15,5,7,trtr,2026
5166,179200,S15,5,5,trtr,2026
5167,179264,S15,5,7,trtr,2026
5168,179328,S15,5,4,trtr,2026
5169,179392,S15,5,5,trtr,2026
5170,179456,S15,5,5,trtr,2026
5171,179520,S15,5,5,trtr,2026
5172,179584,S15,5,0,trtr,2026
5173,179648,S15,5,5,trtr,2026
5174,179712,S15,5,2,trtr,2026
5175,179776,S15,5,7,trtr,2026
5176,179840,S15,5,5,trtr,2026
5177,179904,S15,5,5,trtr,2026
5178,179968,S15,5,7,trtr,2026
5179,180032,S15,5,5,trtr,2026
5180,180096,S15,5,2,trtr,2026
5181,180160,S15,5,5,trtr,2026
5182,180224,S15,5,5,trtr,2026
5183,180480,S15,6,1,trtr,2026
5184,180544,S15,6,5,trtr,2026
5185,180608,S15,6,5,trtr,2026
5186,180672,S15,6,6,trtr,2026
5187,180736,S15,6,5,trtr,2026
5188,180800,S15,6,5,trtr,2026
5189,180864,S15,6,5,trtr,2026
5190,180928,S15,6,5,trtr,2026
5191,180992,S15,6,0,trtr,2026
5192,181056,S15,6,0,trtr,2026
5193,181120,S15,6,5,trtr,2026
5194,181184,S15,6,5,trtr,2026
5195,181248,S15,6,5,trtr,2026
5196,181312,S15,6,5,trtr,2026
5197,181376,S15,6,5,trtr,2026
5198,181440,S15,6,1,trtr,2026
5199,181504,S15,6,7,trtr,2026
5200,181568,S15,6,1,trtr,2026
5201,181632,S15,6,0,trtr,2026
5202,181696,S15,6,5,trtr,2026
5203,181760,S15,6,7,trtr,2026
5204,181824,S15,6,5,trtr,2026
5205,181888,S15,6,6,trtr,2026
5206,181952,S15,6,1,trtr,2026
5207,182016,S15,6,5,trtr,2026
5208,182080,S15,6,1,trtr,2026
5209,182144,S15,6,5,trtr,2026
5210,182208,S15,6,1,trtr,2026
5211,182272,S15,6,1,trtr,2026
5212,182336,S15,6,5,trtr,2026
5213,182400,S15,6,7,trtr,2026
5214,182464,S15,6,6,trtr,2026
5215,182528,S15,6,5,trtr,2026
5216,182592,S15,6,6,trtr,2026
5217,182656,S15,6,5,trtr,2026
5218,182720,S15,6,6,trtr,2026
5219,182784,S15,6,6,trtr,2026
5220,182848,S15,6,2,trtr,2026
5221,182912,S15,6,5,trtr,2026
5222,182976,S15,6,4,trtr,2026
5223,183040,S15,6,5,trtr,2026
5224,183104,S15,6,5,trtr,2026
5225,183168,S15,6,5,trtr,2026
5226,183232,S15,6,5,trtr,2026
5227,183296,S15,6,5,trtr,2026
5228,183360,S15,6,5,trtr,2026
5229,183424,S15,6,1,trtr,2026
5230,183488,S15,6,5,trtr,2026
5231,183552,S15,6,1,trtr,2026
5232,183616,S15,6,6,trtr,2026
5233,183680,S15,6,1,trtr,2026
5234,183744,S15,6,5,trtr,2026
5235,183808,S15,6,5,trtr,2026
5236,183872,S15,6,5,trtr,2026
5237,183936,S15,6,5,trtr,2026
5238,184000,S15,6,5,trtr,2026
5239,184064,S15,6,5,trtr,2026
5240,184128,S15,6,1,trtr,2026
5241,184192,S15,6,5,trtr,2026
5242,184256,S15,6,7,trtr,2026
5243,184320,S15,6,1,trtr,2026
5244,184384,S15,6,0,trtr,2026
5245,184448,S15,6,2,trtr,2026
5246,184512,S15,6,1,trtr,2026
5247,184576,S15,6,6,trtr,2026
5248,184640,S15,6,5,trtr,2026
5249,184704,S15,6,5,trtr,2026
5250,184768,S15,6,5,trtr,2026
5251,184832,S15,6,5,trtr,2026
5252,184896,S15,6,6,trtr,2026
5253,184960,S15,6,5,trtr,2026
5254,185024,S15,6,5,trtr,2026
5255,185088,S15,6,7,trtr,2026
5256,185152,S15,6,5,trtr,2026
5257,185216,S15,6,6,trtr,2026
5258,185280,S15,6,6,trtr,2026
5259,185344,S15,6,5,trtr,2026
5260,185408,S15,6,5,trtr,2026
5261,185472,S15,6,2,trtr,2026
5262,185536,S15,6,5,trtr,2026
5263,185600,S15,6,5,trtr,2026
5264,185664,S15,6,6,trtr,2026
5265,185728,S15,6,6,trtr,2026
5266,185792,S15,6,1,trtr,2026
5267,185856,S15,6,5,trtr,2026
5268,185920,S15,6,1,trtr,2026
5269,185984,S15,6,1,trtr,2026
5270,186048,S15,6,1,trtr,2026
5271,186112,S15,6,1,trtr,2026
5272,186176,S15,6,5,trtr,2026
5273,186240,S15,6,5,trtr,2026
5274,186304,S15,6,5,trtr,2026
5275,186368,S15,6,1,trtr,2026
5276,186432,S15,6,5,trtr,2026
5277,186496,S15,6,5,trtr,2026
5278,186560,S15,6,1,trtr,2026
5279,186624,S15,6,6,trtr,2026
5280,186688,S15,6,1,trtr,2026
5281,186752,S15,6,0,trtr,2026
5282,186816,S15,6,5,trtr,2026
5283,186880,S15,6,5,trtr,2026
5284,186944,S15,6,5,trtr,2026
5285,187008,S15,6,6,trtr,2026
5286,187072,S15,6,1,trtr,2026
5287,187136,S15,6,5,trtr,2026
5288,187200,S15,6,5,trtr,2026
5289,187264,S15,6,5,trtr,2026
5290,187328,S15,6,5,trtr,2026
5291,187392,S15,6,5,trtr,2026
5292,187456,S15,6,5,trtr,2026
5293,187520,S15,6,5,trtr,2026
5294,187584,S15,6,5,trtr,2026
5295,187648,S15,6,0,trtr,2026
5296,187712,S15,6,1,trtr,2026
5297,187776,S15,6,1,trtr,2026
5298,187840,S15,6,1,trtr,2026
5299,187904,S15,6,1,trtr,2026
5300,187968,S15,6,5,trtr,2026
5301,188032,S15,6,1,trtr,2026
5302,188096,S15,6,6,trtr,2026
5303,188160,S15,6,5,trtr,2026
5304,188224,S15,6,5,trtr,2026
5305,188288,S15,6,5,trtr,2026
5306,188352,S15,6,2,trtr,2026
5307,188416,S15,6,1,trtr,2026
5308,188480,S15,6,6,trtr,2026
5309,188544,S15,6,1,trtr,2026
5310,188608,S15,6,6,trtr,2026
5311,188672,S15,6,6,trtr,2026
5312,188736,S15,6,1,trtr,2026
5313,188800,S15,6,5,trtr,2026
5314,188864,S15,6,5,trtr,2026
5315,188928,S15,6,6,trtr,2026
5316,188992,S15,6,5,trtr,2026
5317,189056,S15,6,0,trtr,2026
5318,189120,S15,6,5,trtr,2026
5319,189184,S15,6,5,trtr,2026
5320,189248,S15,6,1,trtr,2026
5321,189312,S15,6,5,trtr,2026
5322,189376,S15,6,5,trtr,2026
5323,189440,S15,6,5,trtr,2026
5324,189504,S15,6,5,trtr,2026
5325,189568,S15,6,5,trtr,2026
5326,189632,S15,6,5,trtr,2026
5327,189696,S15,6,5,trtr,2026
5328,189760,S15,6,1,trtr,2026
5329,189824,S15,6,5,trtr,2026
5330,189888,S15,6,5,trtr,2026
5331,189952,S15,6,6,trtr,2026
5332,190016,S15,6,6,trtr,2026
5333,190080,S15,6,5,trtr,2026
5334,190144,S15,6,6,trtr,2026
5335,190208,S15,6,1,trtr,2026
5336,190272,S15,6,5,trtr,2026
5337,190336,S15,6,6,trtr,2026
5338,190400,S15,6,5,trtr,2026
5339,190464,S15,6,5,trtr,2026
5340,190528,S15,6,0,trtr,2026
5341,190592,S15,6,5,trtr,2026
5342,190656,S15,6,0,trtr,2026
5343,190720,S15,6,6,trtr,2026
5344,190784,S15,6,1,trtr,2026
5345,190848,S15,6,5,trtr,2026
5346,190912,S15,6,6,trtr,2026
5347,190976,S15,6,1,trtr,2026
5348,191040,S15,6,5,trtr,2026
5349,191104,S15,6,5,trtr,2026
5350,191168,S15,6,6,trtr,2026
5351,191232,S15,6,5,trtr,2026
5352,191296,S15,6,5,trtr,2026
5353,191360,S15,6,6,trtr,2026
5354,191424,S15,6,0,trtr,2026
5355,191488,S15,6,6,trtr,2026
5356,191552,S15,6,1,trtr,2026
5357,191616,S15,6,6,trtr,2026
5358,191680,S15,6,6,trtr,2026
5359,191744,S15,6,5,trtr,2026
5360,191808,S15,6,2,trtr,2026
5361,191872,S15,6,5,trtr,2026
5362,191936,S15,6,1,trtr,2026
5363,192000,S15,6,5,trtr,2026
5364,192064,S15,6,5,trtr,2026
5365,192128,S15,6,5,trtr,2026
5366,192192,S15,6,6,trtr,2026
5367,192256,S15,6,5,trtr,2026
5368,192320,S15,6,2,trtr,2026
5369,192384,S15,6,4,trtr,2026
5370,192448,S15,6,1,trtr,2026
5371,192512,S15,6,5,trtr,2026
5372,192576,S15,6,6,trtr,2026
5373,192640,S15,6,1,trtr,2026
5374,192704,S15,6,5,trtr,2026
5375,192768,S15,6,5,trtr,2026
5376,192832,S15,6,6,trtr,2026
5377,192896,S15,6,5,trtr,2026
5378,192960,S15,6,5,trtr,2026
5379,193024,S15,6,5,trtr,2026
5380,193088,S15,6,5,trtr,2026
5381,193152,S15,6,5,trtr,2026
5382,193216,S15,6,5,trtr,2026
5383,193280,S15,6,5,trtr,2026
5384,193344,S15,6,5,trtr,2026
5385,193408,S15,6,5,trtr,2026
5386,193472,S15,6,5,trtr,2026
5387,193536,S15,6,6,trtr,2026
5388,193600,S15,6,5,trtr,2026
5389,193664,S15,6,5,trtr,2026
5390,193728,S15,6,5,trtr,2026
5391,193792,S15,6,5,trtr,2026
5392,193856,S15,6,1,trtr,2026
5393,193920,S15,6,5,trtr,2026
5394,193984,S15,6,7,trtr,2026
5395,194048,S15,6,1,trtr,2026
5396,194112,S15,6,1,trtr,2026
5397,194176,S15,6,5,trtr,2026
5398,194240,S15,6,2,trtr,2026
5399,194304,S15,6,6,trtr,2026
5400,194368,S15,6,1,trtr,2026
5401,194432,S15,6,1,trtr,2026
5402,194496,S15,6,1,trtr,2026
5403,194560,S15,6,5,trtr,2026
5404,194624,S15,6,1,trtr,2026
5405,194688,S15,6,1,trtr,2026
5406,194752,S15,6,5,trtr,2026
5407,194816,S15,6,5,trtr,2026
5408,194880,S15,6,0,trtr,2026
5409,194944,S15,6,5,trtr,2026
5410,195008,S15,6,5,trtr,2026
5411,195072,S15,6,5,trtr,2026
5412,195136,S15,6,5,trtr,2026
5413,195200,S15,6,5,trtr,2026
5414,195264,S15,6,5,trtr,2026
5415,195328,S15,6,0,trtr,2026
5416,195392,S15,6,1,trtr,2026
5417,195456,S15,6,6,trtr,2026
5418,195520,S15,6,5,trtr,2026
5419,195584,S15,6,5,trtr,2026
5420,195648,S15,6,5,trtr,2026
5421,195712,S15,6,6,trtr,2026
5422,195776,S15,6,5,trtr,2026
5423,195840,S15,6,5,trtr,2026
5424,195904,S15,6,5,trtr,2026
5425,195968,S15,6,5,trtr,2026
5426,196032,S15,6,7,trtr,2026
5427,196096,S15,6,5,trtr,2026
5428,196160,S15,6,6,trtr,2026
5429,196224,S15,6,0,trtr,2026
5430,196288,S15,6,5,trtr,2026
5431,196352,S15,6,6,trtr,2026
5432,196416,S15,6,5,trtr,2026
5433,196480,S15,6,6,trtr,2026
5434,196544,S15,6,1,trtr,2026
5435,196608,S15,6,0,trtr,2026
5436,196672,S15,6,5,trtr,2026
5437,196736,S15,6,1,trtr,2026
5438,196800,S15,6,5,trtr,2026
5439,196864,S15,6,0,trtr,2026
5440,196928,S15,6,1,trtr,2026
5441,196992,S15,6,5,trtr,2026
5442,197056,S15,6,5,trtr,2026
5443,197120,S15,6,5,trtr,2026
5444,197184,S15,6,5,trtr,2026
5445,197248,S15,6,6,trtr,2026
5446,197312,S15,6,6,trtr,2026
5447,197376,S15,6,5,trtr,2026
5448,197440,S15,6,6,trtr,2026
5449,197504,S15,6,1,trtr,2026
5450,197568,S15,6,5,trtr,2026
5451,197632,S15,6,5,trtr,2026
5452,197696,S15,6,1,trtr,2026
5453,197760,S15,6,1,trtr,2026
5454,197824,S15,6,6,trtr,2026
5455,197888,S15,6,5,trtr,2026
5456,197952,S15,6,5,trtr,2026
5457,198016,S15,6,6,trtr,2026
5458,198080,S15,6,5,trtr,2026
5459,198144,S15,6,5,trtr,2026
5460,198208,S15,6,2,trtr,2026
5461,198272,S15,6,5,trtr,2026
5462,198336,S15,6,4,trtr,2026
5463,198400,S15,6,1,trtr,2026
5464,198464,S15,6,1,trtr,2026
5465,198528,S15,6,0,trtr,2026
5466,198592,S15,6,1,trtr,2026
5467,198656,S15,6,5,trtr,2026
5468,198720,S15,6,5,trtr,2026
5469,198784,S15,6,5,trtr,2026
5470,198848,S15,6,5,trtr,2026
5471,198912,S15,6,5,trtr,2026
5472,198976,S15,6,5,trtr,2026
5473,199040,S15,6,5,trtr,2026
5474,199104,S15,6,5,trtr,2026
5475,199168,S15,6,6,trtr,2026
5476,199232,S15,6,5,trtr,2026
5477,199296,S15,6,1,trtr,2026
5478,199360,S15,6,5,trtr,2026
5479,199424,S15,6,5,trtr,2026
5480,199488,S15,6,5,trtr,2026
5481,199552,S15,6,6,trtr,2026
5482,199616,S15,6,0,trtr,2026
5483,199680,S15,6,5,trtr,2026
5484,199744,S15,6,5,trtr,2026
5485,199808,S15,6,1,trtr,2026
5486,199872,S15,6,5,trtr,2026
5487,199936,S15,6,7,trtr,2026
5488,200000,S15,6,2,trtr,2026
5489,200064,S15,6,1,trtr,2026
5490,200128,S15,6,6,trtr,2026
5491,200192,S15,6,5,trtr,2026
5492,200256,S15,6,5,trtr,2026
5493,200320,S15,6,6,trtr,2026
5494,200384,S15,6,1,trtr,2026
5495,200448,S15,6,1,trtr,2026
5496,200512,S15,6,6,trtr,2026
5497,200576,S15,6,5,trtr,2026
5498,200640,S15,6,5,trtr,2026
5499,200704,S15,6,6,trtr,2026
5500,200768,S15,6,1,trtr,2026
5501,200832,S15,6,5,trtr,2026
5502,200896,S15,6,5,trtr,2026
5503,200960,S15,6,1,trtr,2026
5504,201024,S15,6,6,trtr,2026
5505,201088,S15,6,1,trtr,2026
5506,201152,S15,6,5,trtr,2026
5507,201216,S15,6,5,trtr,2026
5508,201280,S15,6,6,trtr,2026
5509,201344,S15,6,5,trtr,2026
5510,209280,S15,7,3,trtr,2026
5511,209344,S15,7,7,trtr,2026
5512,209408,S15,7,5,trtr,2026
5513,209472,S15,7,7,trtr,2026
5514,209536,S15,7,7,trtr,2026
5515,209600,S15,7,5,trtr,2026
5516,209664,S15,7,5,trtr,2026
5517,209728,S15,7,7,trtr,2026
5518,209792,S15,7,5,trtr,2026
5519,209856,S15,7,5,trtr,2026
5520,209920,S15,7,5,trtr,2026
5521,209984,S15,7,7,trtr,2026
5522,210048,S15,7,5,trtr,2026
5523,210112,S15,7,5,trtr,2026
5524,210176,S15,7,5,trtr,2026
5525,210240,S15,7,7,trtr,2026
5526,210304,S15,7,5,trtr,2026
5527,210368,S15,7,5,trtr,2026
5528,210432,S15,7,0,trtr,2026
5529,210496,S15,7,5,trtr,2026
5530,210560,S15,7,7,trtr,2026
5531,210624,S15,7,5,trtr,2026
5532,210688,S15,7,5,trtr,2026
5533,210752,S15,7,5,trtr,2026
5534,210816,S15,7,5,trtr,2026
5535,210880,S15,7,4,trtr,2026
5536,210944,S15,7,4,trtr,2026
5537,211008,S15,7,7,trtr,2026
5538,211072,S15,7,5,trtr,2026
5539,211136,S15,7,5,trtr,2026
5540,211200,S15,7,2,trtr,2026
5541,211264,S15,7,7,trtr,2026
5542,211328,S15,7,5,trtr,2026
5543,211392,S15,7,7,trtr,2026
5544,211456,S15,7,7,trtr,2026
5545,211520,S15,7,4,trtr,2026
5546,211584,S15,7,4,trtr,2026
5547,211648,S15,7,5,trtr,2026
5548,211712,S15,7,7,trtr,2026
5549,211776,S15,7,7,trtr,2026
5550,211840,S15,7,5,trtr,2026
5551,211904,S15,7,5,trtr,2026
5552,211968,S15,7,5,trtr,2026
5553,212032,S15,7,5,trtr,2026
5554,212096,S15,7,5,trtr,2026
5555,212160,S15,7,7,trtr,2026
5556,212224,S15,7,5,trtr,2026
5557,212288,S15,7,5,trtr,2026
5558,212352,S15,7,4,trtr,2026
5559,212416,S15,7,5,trtr,2026
5560,212480,S15,7,7,trtr,2026
5561,212544,S15,7,5,trtr,2026
5562,212608,S15,7,5,trtr,2026
5563,212672,S15,7,5,trtr,2026
5564,212736,S15,7,7,trtr,2026
5565,212800,S15,7,5,trtr,2026
5566,212864,S15,7,7,trtr,2026
5567,212928,S15,7,0,trtr,2026
5568,212992,S15,7,5,trtr,2026
5569,213056,S15,7,5,trtr,2026
5570,213120,S15,7,5,trtr,2026
5571,213184,S15,7,5,trtr,2026
5572,213248,S15,7,7,trtr,2026
5573,213312,S15,7,5,trtr,2026
5574,213376,S15,7,7,trtr,2026
5575,213440,S15,7,5,trtr,2026
5576,213504,S15,7,5,trtr,2026
5577,213568,S15,7,7,trtr,2026
5578,213632,S15,7,5,trtr,2026
5579,213696,S15,7,7,trtr,2026
5580,213760,S15,7,7,trtr,2026
5581,213824,S15,7,5,trtr,2026
5582,213888,S15,7,5,trtr,2026
5583,213952,S15,7,7,trtr,2026
5584,214016,S15,7,5,trtr,2026
5585,214080,S15,7,7,trtr,2026
5586,214144,S15,7,5,trtr,2026
5587,214208,S15,7,7,trtr,2026
5588,214272,S15,7,4,trtr,2026
5589,214336,S15,7,7,trtr,2026
5590,214400,S15,7,4,trtr,2026
5591,214464,S15,7,7,trtr,2026
5592,214528,S15,7,5,trtr,2026
5593,214592,S15,7,7,trtr,2026
5594,214656,S15,7,5,trtr,2026
5595,214720,S15,7,5,trtr,2026
5596,214784,S15,7,7,trtr,2026
5597,214848,S15,7,7,trtr,2026
5598,214912,S15,7,7,trtr,2026
5599,214976,S15,7,5,trtr,2026
5600,215040,S15,7,5,trtr,2026
5601,215104,S15,7,5,trtr,2026
5602,215168,S15,7,5,trtr,2026
5603,215232,S15,7,7,trtr,2026
5604,215296,S15,7,5,trtr,2026
5605,215360,S15,7,5,trtr,2026
5606,215424,S15,7,5,trtr,2026
5607,215488,S15,7,5,trtr,2026
5608,215552,S15,7,5,trtr,2026
5609,215616,S15,7,5,trtr,2026
5610,215680,S15,7,7,trtr,2026
5611,215744,S15,7,7,trtr,2026
5612,215808,S15,7,5,trtr,2026
5613,215872,S15,7,7,trtr,2026
5614,215936,S15,7,7,trtr,2026
5615,216000,S15,7,7,trtr,2026
5616,216064,S15,7,5,trtr,2026
5617,216128,S15,7,5,trtr,2026
5618,216192,S15,7,5,trtr,2026
5619,216256,S15,7,5,trtr,2026
5620,216320,S15,7,7,trtr,2026
5621,216384,S15,7,0,trtr,2026
5622,216448,S15,7,5,trtr,2026
5623,216512,S15,7,7,trtr,2026
5624,216576,S15,7,5,trtr,2026
5625,216640,S15,7,5,trtr,2026
5626,216704,S15,7,5,trtr,2026
5627,216768,S15,7,5,trtr,2026
5628,216832,S15,7,4,trtr,2026
5629,216896,S15,7,5,trtr,2026
5630,216960,S15,7,7,trtr,2026
5631,217024,S15,7,0,trtr,2026
5632,217088,S15,7,5,trtr,2026
5633,217152,S15,7,2,trtr,2026
5634,217216,S15,7,5,trtr,2026
5635,217280,S15,7,7,trtr,2026
5636,217344,S15,7,2,trtr,2026
5637,217408,S15,7,5,trtr,2026
5638,217472,S15,7,5,trtr,2026
5639,217536,S15,7,7,trtr,2026
5640,217600,S15,7,5,trtr,2026
5641,217664,S15,7,7,trtr,2026
5642,217728,S15,7,7,trtr,2026
5643,217792,S15,7,7,trtr,2026
5644,217856,S15,7,5,trtr,2026
5645,217920,S15,7,5,trtr,2026
5646,217984,S15,7,5,trtr,2026
5647,218048,S15,7,7,trtr,2026
5648,218112,S15,7,5,trtr,2026
5649,218176,S15,7,5,trtr,2026
5650,218240,S15,7,5,trtr,2026
5651,218304,S15,7,5,trtr,2026
5652,218368,S15,7,5,trtr,2026
5653,218432,S15,7,7,trtr,2026
5654,218496,S15,7,7,trtr,2026
5655,218560,S15,7,5,trtr,2026
5656,218624,S15,7,7,trtr,2026
5657,218688,S15,7,5,trtr,2026
5658,218752,S15,7,5,trtr,2026
5659,218816,S15,7,5,trtr,2026
5660,218880,S15,7,5,trtr,2026
5661,218944,S15,7,4,trtr,2026
5662,219008,S15,7,5,trtr,2026
5663,219072,S15,7,5,trtr,2026
5664,219136,S15,7,7,trtr,2026
5665,219200,S15,7,4,trtr,2026
5666,219264,S15,7,7,trtr,2026
5667,219328,S15,7,7,trtr,2026
5668,219392,S15,7,5,trtr,2026
5669,219456,S15,7,5,trtr,2026
5670,219520,S15,7,7,trtr,2026
5671,219584,S15,7,5,trtr,2026
5672,219648,S15,7,7,trtr,2026
5673,219712,S15,7,5,trtr,2026
5674,219776,S15,7,5,trtr,2026
5675,219840,S15,7,7,trtr,2026
5676,219904,S15,7,7,trtr,2026
5677,219968,S15,7,5,trtr,2026
5678,220032,S15,7,5,trtr,2026
5679,220096,S15,7,7,trtr,2026
5680,220160,S15,7,5,trtr,2026
5681,220224,S15,7,7,trtr,2026
5682,220288,S15,7,5,trtr,2026
5683,220352,S15,7,5,trtr,2026
5684,220416,S15,7,5,trtr,2026
5685,220480,S15,7,5,trtr,2026
5686,220544,S15,7,5,trtr,2026
5687,220608,S15,7,5,trtr,2026
5688,220672,S15,7,5,trtr,2026
5689,220736,S15,7,3,trtr,2026
5690,220800,S15,7,5,trtr,2026
5691,220864,S15,7,5,trtr,2026
5692,220928,S15,7,5,trtr,2026
5693,220992,S15,7,0,trtr,2026
5694,221056,S15,7,5,trtr,2026
5695,221120,S15,7,5,trtr,2026
5696,221184,S15,7,7,trtr,2026
5697,221248,S15,7,5,trtr,2026
5698,221312,S15,7,7,trtr,2026
5699,221376,S15,7,5,trtr,2026
5700,221440,S15,7,5,trtr,2026
5701,221504,S15,7,7,trtr,2026
5702,221568,S15,7,5,trtr,2026
5703,221632,S15,7,5,trtr,2026
5704,221696,S15,7,2,trtr,2026
5705,221760,S15,7,4,trtr,2026
5706,221824,S15,7,5,trtr,2026
5707,221888,S15,7,7,trtr,2026
5708,221952,S15,7,7,trtr,2026
5709,222016,S15,7,5,trtr,2026
5710,222080,S15,7,5,trtr,2026
5711,222144,S15,7,5,trtr,2026
5712,222208,S15,7,7,trtr,2026
5713,222272,S15,7,0,trtr,2026
5714,222336,S15,7,5,trtr,2026
5715,222400,S15,7,7,trtr,2026
5716,222464,S15,7,7,trtr,2026
5717,222528,S15,7,5,trtr,2026
5718,222592,S15,7,5,trtr,2026
5719,222656,S15,7,5,trtr,2026
5720,222720,S15,7,7,trtr,2026
5721,222784,S15,7,7,trtr,2026
5722,222848,S15,7,5,trtr,2026
5723,222912,S15,7,5,trtr,2026
5724,222976,S15,7,4,trtr,2026
5725,223040,S15,7,5,trtr,2026
5726,223104,S15,7,7,trtr,2026
5727,223168,S15,7,5,trtr,2026
5728,223232,S15,7,7,trtr,2026
5729,223296,S15,7,5,trtr,2026
5730,223360,S15,7,7,trtr,2026
5731,223424,S15,7,5,trtr,2026
5732,223488,S15,7,7,trtr,2026
5733,223552,S15,7,7,trtr,2026
5734,223616,S15,7,7,trtr,2026
5735,223680,S15,7,5,trtr,2026
5736,223744,S15,7,5,trtr,2026
5737,223808,S15,7,5,trtr,2026
5738,223872,S15,7,5,trtr,2026
5739,223936,S15,7,5,trtr,2026
5740,224000,S15,7,5,trtr,2026
5741,224064,S15,7,5,trtr,2026
5742,224128,S15,7,5,trtr,2026
5743,224192,S15,7,5,trtr,2026
5744,224256,S15,7,5,trtr,2026
5745,224320,S15,7,5,trtr,2026
5746,224384,S15,7,5,trtr,2026
5747,224448,S15,7,7,trtr,2026
5748,224512,S15,7,5,trtr,2026
5749,224576,S15,7,5,trtr,2026
5750,224640,S15,7,7,trtr,2026
5751,224704,S15,7,7,trtr,2026
5752,224768,S15,7,5,trtr,2026
5753,224832,S15,7,5,trtr,2026
5754,224896,S15,7,5,trtr,2026
5755,224960,S15,7,7,trtr,2026
5756,225024,S15,7,5,trtr,2026
5757,225088,S15,7,5,trtr,2026
5758,225152,S15,7,5,trtr,2026
5759,225216,S15,7,5,trtr,2026
5760,225280,S15,7,7,trtr,2026
5761,225344,S15,7,7,trtr,2026
5762,225408,S15,7,5,trtr,2026
5763,225472,S15,7,5,trtr,2026
5764,225536,S15,7,7,trtr,2026
5765,225600,S15,7,7,trtr,2026
5766,225664,S15,7,0,trtr,2026
5767,225728,S15,7,7,trtr,2026
5768,225792,S15,7,5,trtr,2026
5769,225856,S15,7,7,trtr,2026
5770,225920,S15,7,5,trtr,2026
5771,225984,S15,7,7,trtr,2026
5772,226048,S15,7,5,trtr,2026
5773,226112,S15,7,5,trtr,2026
5774,226176,S15,7,5,trtr,2026
5775,226240,S15,7,5,trtr,2026
5776,226304,S15,7,5,trtr,2026
5777,226368,S15,7,5,trtr,2026
5778,226432,S15,7,5,trtr,2026
5779,226496,S15,7,5,trtr,2026
5780,226560,S15,7,7,trtr,2026
5781,226624,S15,7,5,trtr,2026
5782,226688,S15,7,4,trtr,2026
5783,226752,S15,7,5,trtr,2026
5784,226816,S15,7,5,trtr,2026
5785,226880,S15,7,5,trtr,2026
5786,226944,S15,7,7,trtr,2026
5787,227008,S15,7,7,trtr,2026
5788,227072,S15,7,5,trtr,2026
5789,227136,S15,7,7,trtr,2026
5790,227200,S15,7,4,trtr,2026
5791,227264,S15,7,5,trtr,2026
5792,227328,S15,7,5,trtr,2026
5793,227392,S15,7,7,trtr,2026
5794,227456,S15,7,5,trtr,2026
5795,227520,S15,7,5,trtr,2026
5796,227584,S15,7,5,trtr,2026
5797,227648,S15,7,5,trtr,2026
5798,227712,S15,7,5,trtr,2026
5799,227776,S15,7,5,trtr,2026
5800,227840,S15,7,5,trtr,2026
5801,227904,S15,7,4,trtr,2026
5802,227968,S15,7,5,trtr,2026
5803,228032,S15,7,7,trtr,2026
5804,228096,S15,7,5,trtr,2026
5805,228160,S15,7,5,trtr,2026
5806,228224,S15,7,7,trtr,2026
5807,228288,S15,7,5,trtr,2026
5808,228352,S15,7,5,trtr,2026
5809,228416,S15,7,5,trtr,2026
5810,228480,S15,7,5,trtr,2026
5811,228544,S15,7,7,trtr,2026
5812,228608,S15,7,7,trtr,2026
5813,228672,S15,7,5,trtr,2026
5814,228736,S15,7,5,trtr,2026
5815,228800,S15,7,2,trtr,2026
5816,228864,S15,7,7,trtr,2026
5817,228928,S15,7,2,trtr,2026
5818,228992,S15,7,7,trtr,2026
5819,229056,S15,7,5,trtr,2026
5820,229120,S15,7,5,trtr,2026
5821,229184,S15,7,0,trtr,2026
5822,229248,S15,7,5,trtr,2026
5823,229312,S15,7,5,trtr,2026
5824,229376,S15,7,7,trtr,2026
5825,229440,S15,7,5,trtr,2026
5826,229504,S15,7,5,trtr,2026
5827,229568,S15,7,7,trtr,2026
5828,229632,S15,7,5,trtr,2026
5829,229696,S15,7,7,trtr,2026
5830,229760,S15,7,4,trtr,2026
5831,229824,S15,7,2,trtr,2026
5832,229888,S15,7,5,trtr,2026
5833,229952,S15,7,5,trtr,2026
5834,230016,S15,7,7,trtr,2026
5835,230080,S15,7,5,trtr,2026
5836,230144,S15,7,4,trtr,2026
5837,230208,S15,7,5,trtr,2026
5838,230272,S15,7,7,trtr,2026
5839,230336,S15,7,5,trtr,2026
5840,230400,S15,7,5,trtr,2026
5841,230464,S15,7,5,trtr,2026
5842,230528,S15,7,0,trtr,2026
5843,230592,S15,7,5,trtr,2026
5844,230656,S15,7,5,trtr,2026
5845,230720,S15,7,4,trtr,2026
5846,230784,S15,7,7,trtr,2026
5847,230848,S15,7,2,trtr,2026
5848,230912,S15,7,5,trtr,2026
5849,230976,S15,7,5,trtr,2026
5850,231040,S15,7,5,trtr,2026
5851,231104,S15,7,7,trtr,2026
5852,231168,S15,7,5,trtr,2026
5853,231232,S15,7,5,trtr,2026
5854,231296,S15,7,5,trtr,2026
5855,231360,S15,7,4,trtr,2026
5856,231424,S15,7,7,trtr,2026
5857,231488,S15,7,5,trtr,2026
5858,231552,S15,7,7,trtr,2026
5859,231616,S15,7,5,trtr,2026
5860,231680,S15,7,5,trtr,2026
5861,231744,S15,7,5,trtr,2026
5862,231808,S15,7,4,trtr,2026
5863,231872,S15,7,4,trtr,2026
5864,231936,S15,7,4,trtr,2026
5865,232000,S15,7,5,trtr,2026
5866,232064,S15,7,7,trtr,2026
5867,232128,S15,7,4,trtr,2026
5868,232192,S15,7,5,trtr,2026
5869,232256,S15,7,2,trtr,2026
5870,232320,S15,7,4,trtr,2026
5871,232384,S15,7,7,trtr,2026
5872,232448,S15,7,7,trtr,2026
5873,232512,S15,7,5,trtr,2026
5874,232576,S15,7,2,trtr,2026
5875,232640,S15,7,5,trtr,2026
5876,232704,S15,7,5,trtr,2026
5877,232768,S15,7,5,trtr,2026
5878,232832,S15,7,7,trtr,2026
5879,232896,S15,7,5,trtr,2026
5880,232960,S15,7,5,trtr,2026
5881,233024,S15,7,4,trtr,2026
5882,233088,S15,7,5,trtr,2026
5883,233152,S15,7,5,trtr,2026
5884,233216,S15,7,7,trtr,2026
5885,233280,S15,7,4,trtr,2026
5886,233344,S15,7,5,trtr,2026
5887,233408,S15,7,7,trtr,2026
5888,233472,S15,7,5,trtr,2026
5889,233536,S15,7,5,trtr,2026
5890,233600,S15,7,5,trtr,2026
5891,233664,S15,7,5,trtr,2026
5892,233728,S15,7,5,trtr,2026
5893,233792,S15,7,5,trtr,2026
5894,233856,S15,7,7,trtr,2026
5895,233920,S15,7,5,trtr,2026
5896,233984,S15,7,4,trtr,2026
5897,234048,S15,7,7,trtr,2026
5898,234112,S15,7,4,trtr,2026
5899,234176,S15,7,5,trtr,2026
5900,234240,S15,7,5,trtr,2026
5901,234304,S15,7,4,trtr,2026
5902,234368,S15,7,7,trtr,2026
5903,234432,S15,7,4,trtr,2026
5904,234496,S15,7,4,trtr,2026
5905,234560,S15,7,2,trtr,2026
5906,234624,S15,7,4,trtr,2026
5907,234688,S15,7,5,trtr,2026
5908,234752,S15,7,0,trtr,2026
5909,234816,S15,7,4,trtr,2026
5910,234880,S15,7,5,trtr,2026
5911,234944,S15,7,5,trtr,2026
5912,235008,S15,7,5,trtr,2026
5913,235072,S15,7,5,trtr,2026
5914,235136,S15,7,7,trtr,2026
5915,235200,S15,7,4,trtr,2026
5916,235264,S15,7,5,trtr,2026
5917,235328,S15,7,5,trtr,2026
5918,235392,S15,7,5,trtr,2026
5919,235456,S15,7,5,trtr,2026
5920,235520,S15,7,4,trtr,2026
5921,235584,S15,7,5,trtr,2026
5922,235648,S15,7,5,trtr,2026
5923,235712,S15,7,7,trtr,2026
5924,235776,S15,7,4,trtr,2026
5925,235840,S15,7,7,trtr,2026
5926,235904,S15,7,5,trtr,2026
5927,235968,S15,7,4,trtr,2026
5928,236032,S15,7,5,trtr,2026
5929,236096,S15,7,5,trtr,2026
5930,236160,S15,7,7,trtr,2026
5931,236224,S15,7,4,trtr,2026
5932,236288,S15,7,5,trtr,2026
5933,236352,S15,7,5,trtr,2026
5934,236416,S15,7,5,trtr,2026
5935,236480,S15,7,7,trtr,2026
5936,236544,S15,7,7,trtr,2026
5937,236608,S15,7,5,trtr,2026
5938,236672,S15,7,5,trtr,2026
5939,236736,S15,7,2,trtr,2026
5940,236800,S15,7,5,trtr,2026
5941,236864,S15,7,5,trtr,2026
5942,236928,S15,7,0,trtr,2026
5943,236992,S15,7,5,trtr,2026
5944,237056,S15,7,7,trtr,2026
5945,237120,S15,7,7,trtr,2026
5946,237184,S15,7,5,trtr,2026
5947,237248,S15,7,5,trtr,2026
5948,237312,S15,7,7,trtr,2026
5949,237376,S15,7,5,trtr,2026
5950,237440,S15,7,5,trtr,2026
5951,237504,S15,7,7,trtr,2026
5952,237568,S15,7,5,trtr,2026
5953,237632,S15,7,4,trtr,2026
5954,237696,S15,7,5,trtr,2026
5955,237760,S15,7,5,trtr,2026
5956,237824,S15,7,5,trtr,2026
5957,237888,S15,7,5,trtr,2026
5958,237952,S15,7,5,trtr,2026
5959,238016,S15,7,5,trtr,2026
5960,238080,S15,7,5,trtr,2026
5961,238144,S15,7,5,trtr,2026
5962,238208,S15,7,0,trtr,2026
5963,238272,S15,7,5,trtr,2026
5964,238336,S15,7,7,trtr,2026
5965,238400,S15,7,5,trtr,2026
5966,238464,S15,7,5,trtr,2026
5967,238528,S15,7,5,trtr,2026
5968,238592,S15,7,5,trtr,2026
5969,238656,S15,7,7,trtr,2026
5970,238720,S15,7,7,trtr,2026
5971,238784,S15,7,4,trtr,2026
5972,238848,S15,7,5,trtr,2026
5973,238912,S15,7,5,trtr,2026
5974,238976,S15,7,7,trtr,2026
5975,239040,S15,7,4,trtr,2026
5976,239104,S15,7,5,trtr,2026
5977,239168,S15,7,7,trtr,2026
5978,239232,S15,7,7,trtr,2026
5979,239296,S15,7,4,trtr,2026
5980,239360,S15,7,5,trtr,2026
5981,239424,S15,7,4,trtr,2026
5982,239488,S15,7,5,trtr,2026
5983,239552,S15,7,5,trtr,2026
5984,239616,S15,7,5,trtr,2026
5985,239680,S15,7,7,trtr,2026
5986,239744,S15,7,5,trtr,2026
5987,239808,S15,7,5,trtr,2026
5988,239872,S15,7,5,trtr,2026
5989,239936,S15,7,7,trtr,2026
5990,240000,S15,7,5,trtr,2026
5991,240064,S15,7,7,trtr,2026
5992,240128,S15,7,5,trtr,2026
5993,240192,S15,7,7,trtr,2026
5994,240256,S15,7,5,trtr,2026
5995,240320,S15,7,4,trtr,2026
5996,240384,S15,7,5,trtr,2026
5997,240448,S15,7,5,trtr,2026
5998,240512,S15,7,5,trtr,2026
5999,240576,S15,7,5,trtr,2026
6000,240640,S15,7,7,trtr,2026
6001,240704,S15,7,5,trtr,2026
6002,240768,S15,7,7,trtr,2026
6003,240832,S15,7,7,trtr,2026
6004,240896,S15,7,7,trtr,2026
6005,240960,S15,7,5,trtr,2026
6006,241024,S15,7,5,trtr,2026
6007,241088,S15,7,4,trtr,2026
6008,241152,S15,7,5,trtr,2026
6009,241216,S15,7,0,trtr,2026
6010,241280,S15,7,4,trtr,2026
6011,241344,S15,7,7,trtr,2026
6012,241408,S15,7,5,trtr,2026
6013,241472,S15,7,5,trtr,2026
6014,241536,S15,7,5,trtr,2026
6015,241600,S15,7,5,trtr,2026
6016,241664,S15,7,5,trtr,2026
6017,241728,S15,7,4,trtr,2026
6018,241792,S15,7,5,trtr,2026
6019,241856,S15,7,5,trtr,2026
6020,241920,S15,7,5,trtr,2026
6021,241984,S15,7,0,trtr,2026
6022,242048,S15,7,7,trtr,2026
6023,242112,S15,7,7,trtr,2026
6024,242176,S15,7,5,trtr,2026
6025,242240,S15,7,7,trtr,2026
6026,242304,S15,7,5,trtr,2026
6027,242368,S15,7,5,trtr,2026
6028,242432,S15,7,5,trtr,2026
6029,242496,S15,7,7,trtr,2026
6030,242560,S15,7,7,trtr,2026
6031,242624,S15,7,5,trtr,2026
6032,242688,S15,7,7,trtr,2026
6033,242752,S15,7,7,trtr,2026
6034,242816,S15,7,7,trtr,2026
6035,242880,S15,7,2,trtr,2026
6036,242944,S15,7,5,trtr,2026
6037,243008,S15,7,5,trtr,2026
6038,243072,S15,7,5,trtr,2026
6039,243136,S15,7,4,trtr,2026
6040,243200,S15,7,7,trtr,2026
6041,243264,S15,7,5,trtr,2026
6042,243328,S15,7,5,trtr,2026
6043,243392,S15,7,0,trtr,2026
6044,243456,S15,7,7,trtr,2026
6045,243520,S15,7,7,trtr,2026
6046,243584,S15,7,5,trtr,2026
6047,243648,S15,7,5,trtr,2026
6048,243712,S15,7,3,trtr,2026
6049,243776,S15,7,5,trtr,2026
6050,243840,S15,7,5,trtr,2026
6051,243904,S15,7,0,trtr,2026
6052,243968,S15,7,7,trtr,2026
6053,244032,S15,7,4,trtr,2026
6054,244096,S15,7,7,trtr,2026
6055,244160,S15,7,5,trtr,2026
6056,244224,S15,7,5,trtr,2026
6057,244288,S15,7,7,trtr,2026
6058,244352,S15,7,5,trtr,2026
6059,244416,S15,7,4,trtr,2026
6060,244480,S15,7,5,trtr,2026
6061,244544,S15,7,7,trtr,2026
6062,244608,S15,7,7,trtr,2026
6063,244672,S15,7,4,trtr,2026
6064,244736,S15,7,4,trtr,2026
6065,244800,S15,7,2,trtr,2026
6066,244864,S15,7,7,trtr,2026
6067,244928,S15,7,5,trtr,2026
6068,244992,S15,7,5,trtr,2026
6069,245056,S15,7,4,trtr,2026
6070,245120,S15,7,7,trtr,2026
6071,245184,S15,7,5,trtr,2026
6072,245248,S15,7,5,trtr,2026
6073,245312,S15,7,5,trtr,2026
6074,245376,S15,7,5,trtr,2026
6075,245440,S15,7,5,trtr,2026
6076,245504,S15,7,4,trtr,2026
6077,245568,S15,7,7,trtr,2026
6078,245632,S15,7,5,trtr,2026
6079,245696,S15,7,7,trtr,2026
6080,245760,S15,7,5,trtr,2026
6081,245824,S15,7,5,trtr,2026
6082,245888,S15,7,7,trtr,2026
6083,245952,S15,7,4,trtr,2026
6084,246016,S15,7,7,trtr,2026
6085,246080,S15,7,2,trtr,2026
6086,246144,S15,7,5,trtr,2026
6087,246208,S15,7,5,trtr,2026
6088,246272,S15,7,5,trtr,2026
6089,246336,S15,7,5,trtr,2026
6090,246400,S15,7,5,trtr,2026
6091,246464,S15,7,5,trtr,2026
6092,246528,S15,7,5,trtr,2026
6093,246592,S15,7,5,trtr,2026
6094,246656,S15,7,5,trtr,2026
6095,246720,S15,7,5,trtr,2026
6096,246784,S15,7,7,trtr,2026
6097,246848,S15,7,5,trtr,2026
6098,246912,S15,7,5,trtr,2026
6099,246976,S15,7,7,trtr,2026
6100,247040,S15,7,5,trtr,2026
6101,247104,S15,7,5,trtr,2026
6102,247168,S15,7,4,trtr,2026
6103,247232,S15,7,5,trtr,2026
6104,247296,S15,7,2,trtr,2026
6105,247360,S15,7,7,trtr,2026
6106,247424,S15,7,5,trtr,2026
6107,247488,S15,7,4,trtr,2026
6108,247552,S15,7,5,trtr,2026
6109,247616,S15,7,5,trtr,2026
0,1984,S14,0,5,ros,2026
1,2048,S14,0,7,ros,2026
2,2112,S14,0,5,ros,2026
3,2176,S14,0,5,ros,2026
4,2240,S14,0,5,ros,2026
5,2304,S14,0,5,ros,2026
6,2368,S14,0,0,ros,2026
7,2432,S14,0,5,ros,2026
8,2496,S14,0,5,ros,2026
9,2560,S14,0,2,ros,2026
10,2624,S14,0,5,ros,2026
11,2688,S14,0,5,ros,2026
12,2752,S14,0,5,ros,2026
13,2816,S14,0,5,ros,2026
14,2880,S14,0,0,ros,2026
15,2944,S14,0,7,ros,2026
16,3008,S14,0,4,ros,2026
17,3072,S14,0,5,ros,2026
18,3136,S14,0,4,ros,2026
19,3200,S14,0,5,ros,2026
20,3264,S14,0,7,ros,2026
21,3328,S14,0,5,ros,2026
22,3392,S14,0,5,ros,2026
23,3456,S14,0,5,ros,2026
24,3520,S14,0,5,ros,2026
25,3584,S14,0,5,ros,2026
26,3648,S14,0,5,ros,2026
27,3712,S14,0,5,ros,2026
28,3776,S14,0,0,ros,2026
29,3840,S14,0,5,ros,2026
30,3904,S14,0,5,ros,2026
31,3968,S14,0,4,ros,2026
32,4032,S14,0,0,ros,2026
33,4096,S14,0,7,ros,2026
34,4160,S14,0,5,ros,2026
35,4224,S14,0,5,ros,2026
36,4288,S14,0,5,ros,2026
37,4352,S14,0,5,ros,2026
38,4416,S14,0,5,ros,2026
39,4480,S14,0,5,ros,2026
40,4544,S14,0,5,ros,2026
41,4608,S14,0,5,ros,2026
42,4672,S14,0,5,ros,2026
43,4736,S14,0,7,ros,2026
44,4800,S14,0,5,ros,2026
45,4864,S14,0,4,ros,2026
46,4928,S14,0,5,ros,2026
47,4992,S14,0,0,ros,2026
48,5056,S14,0,5,ros,2026
49,5120,S14,0,5,ros,2026
50,5184,S14,0,7,ros,2026
51,5248,S14,0,5,ros,2026
52,5312,S14,0,7,ros,2026
53,5376,S14,0,7,ros,2026
54,5440,S14,0,5,ros,2026
55,5504,S14,0,5,ros,2026
56,5568,S14,0,5,ros,2026
57,5632,S14,0,4,ros,2026
58,5696,S14,0,5,ros,2026
59,5760,S14,0,5,ros,2026
60,5824,S14,0,5,ros,2026
61,5888,S14,0,5,ros,2026
62,5952,S14,0,5,ros,2026
63,6016,S14,0,5,ros,2026
64,6080,S14,0,5,ros,2026
65,6144,S14,0,5,ros,2026
66,6208,S14,0,5,ros,2026
67,6272,S14,0,5,ros,2026
68,6336,S14,0,5,ros,2026
69,6400,S14,0,0,ros,2026
70,6464,S14,0,5,ros,2026
71,6528,S14,0,5,ros,2026
72,6592,S14,0,2,ros,2026
73,6656,S14,0,5,ros,2026
74,6720,S14,0,7,ros,2026
75,6784,S14,0,5,ros,2026
76,6848,S14,0,0,ros,2026
77,6912,S14,0,0,ros,2026
78,6976,S14,0,7,ros,2026
79,7040,S14,0,5,ros,2026
80,7104,S14,0,5,ros,2026
81,7168,S14,0,2,ros,2026
82,7232,S14,0,5,ros,2026
83,7296,S14,0,5,ros,2026
84,7360,S14,0,5,ros,2026
85,7424,S14,0,5,ros,2026
86,7488,S14,0,5,ros,2026
87,7552,S14,0,5,ros,2026
88,7616,S14,0,5,ros,2026
89,7680,S14,0,4,ros,2026
90,7744,S14,0,5,ros,2026
91,7808,S14,0,5,ros,2026
92,7872,S14,0,5,ros,2026
93,7936,S14,0,5,ros,2026
94,8000,S14,0,5,ros,2026
95,8064,S14,0,5,ros,2026
96,8128,S14,0,5,ros,2026
97,8192,S14,0,0,ros,2026
98,8256,S14,0,2,ros,2026
99,8320,S14,0,5,ros,2026
100,8384,S14,0,5,ros,2026
101,8448,S14,0,5,ros,2026
102,8512,S14,0,5,ros,2026
103,8576,S14,0,5,ros,2026
104,8640,S14,0,5,ros,2026
105,8704,S14,0,5,ros,2026
106,8768,S14,0,5,ros,2026
107,8832,S14,0,5,ros,2026
108,8896,S14,0,7,ros,2026
109,8960,S14,0,5,ros,2026
110,9024,S14,0,5,ros,2026
111,9088,S14,0,7,ros,2026
112,9152,S14,0,5,ros,2026
113,9216,S14,0,7,ros,2026
114,9280,S14,0,5,ros,2026
115,9344,S14,0,5,ros,2026
116,9408,S14,0,7,ros,2026
117,9472,S14,0,7,ros,2026
118,9536,S14,0,5,ros,2026
119,9600,S14,0,5,ros,2026
120,9664,S14,0,5,ros,2026
121,9728,S14,0,5,ros,2026
122,9792,S14,0,5,ros,2026
123,9856,S14,0,2,ros,2026
124,9920,S14,0,5,ros,2026
125,9984,S14,0,5,ros,2026
126,10048,S14,0,5,ros,2026
127,10112,S14,0,5,ros,2026
128,10176,S14,0,5,ros,2026
129,10240,S14,0,5,ros,2026
130,10304,S14,0,0,ros,2026
131,10368,S14,0,5,ros,2026
132,10432,S14,0,5,ros,2026
133,10496,S14,0,4,ros,2026
134,10560,S14,0,4,ros,2026
135,10624,S14,0,4,ros,2026
136,10688,S14,0,5,ros,2026
137,10752,S14,0,5,ros,2026
138,10816,S14,0,0,ros,2026
139,10880,S14,0,5,ros,2026
140,10944,S14,0,4,ros,2026
141,11008,S14,0,7,ros,2026
142,11072,S14,0,5,ros,2026
143,11136,S14,0,4,ros,2026
144,11200,S14,0,0,ros,2026
145,11264,S14,0,5,ros,2026
146,11328,S14,0,5,ros,2026
147,11392,S14,0,7,ros,2026
148,11456,S14,0,7,ros,2026
149,11520,S14,0,5,ros,2026
150,11584,S14,0,5,ros,2026
151,11648,S14,0,5,ros,2026
152,11712,S14,0,5,ros,2026
153,11776,S14,0,0,ros,2026
154,11840,S14,0,5,ros,2026
155,11904,S14,0,5,ros,2026
156,11968,S14,0,5,ros,2026
157,12032,S14,0,7,ros,2026
158,12096,S14,0,5,ros,2026
159,12160,S14,0,5,ros,2026
160,12224,S14,0,0,ros,2026
161,12288,S14,0,5,ros,2026
162,12352,S14,0,7,ros,2026
163,12416,S14,0,5,ros,2026
164,12480,S14,0,4,ros,2026
165,12544,S14,0,5,ros,2026
166,12608,S14,0,5,ros,2026
167,12672,S14,0,5,ros,2026
168,12736,S14,0,5,ros,2026
169,12800,S14,0,5,ros,2026
170,12864,S14,0,7,ros,2026
171,12928,S14,0,5,ros,2026
172,12992,S14,0,5,ros,2026
173,13056,S14,0,5,ros,2026
174,13120,S14,0,7,ros,2026
175,13184,S14,0,4,ros,2026
176,13248,S14,0,5,ros,2026
177,13312,S14,0,5,ros,2026
178,13376,S14,0,5,ros,2026
179,13440,S14,0,0,ros,2026
180,13504,S14,0,7,ros,2026
181,13568,S14,0,4,ros,2026
182,13632,S14,0,5,ros,2026
183,13696,S14,0,5,ros,2026
184,13760,S14,0,5,ros,2026
185,13824,S14,0,5,ros,2026
186,13888,S14,0,5,ros,2026
187,13952,S14,0,5,ros,2026
188,14016,S14,0,0,ros,2026
189,14080,S14,0,5,ros,2026
190,14144,S14,0,5,ros,2026
191,14208,S14,0,4,ros,2026
192,14272,S14,0,5,ros,2026
193,14336,S14,0,5,ros,2026
194,14400,S14,0,0,ros,2026
195,14464,S14,0,5,ros,2026
196,14528,S14,0,5,ros,2026
197,14592,S14,0,5,ros,2026
198,14656,S14,0,5,ros,2026
199,14720,S14,0,5,ros,2026
200,14784,S14,0,5,ros,2026
201,14848,S14,0,5,ros,2026
202,14912,S14,0,5,ros,2026
203,14976,S14,0,4,ros,2026
204,15040,S14,0,5,ros,2026
205,15104,S14,0,5,ros,2026
206,15168,S14,0,5,ros,2026
207,15232,S14,0,5,ros,2026
208,15296,S14,0,7,ros,2026
209,15360,S14,0,5,ros,2026
210,15424,S14,0,5,ros,2026
211,15488,S14,0,4,ros,2026
212,15552,S14,0,5,ros,2026
213,15616,S14,0,4,ros,2026
214,15680,S14,0,4,ros,2026
215,15744,S14,0,4,ros,2026
216,15808,S14,0,5,ros,2026
217,15872,S14,0,5,ros,2026
218,15936,S14,0,4,ros,2026
219,16000,S14,0,4,ros,2026
220,16064,S14,0,5,ros,2026
221,16128,S14,0,5,ros,2026
222,16192,S14,0,5,ros,2026
223,16256,S14,0,5,ros,2026
224,16320,S14,0,5,ros,2026
225,16384,S14,0,4,ros,2026
226,16448,S14,0,7,ros,2026
227,16512,S14,0,4,ros,2026
228,16576,S14,0,5,ros,2026
229,16640,S14,0,5,ros,2026
230,16704,S14,0,0,ros,2026
231,16768,S14,0,4,ros,2026
232,16832,S14,0,5,ros,2026
233,16896,S14,0,5,ros,2026
234,16960,S14,0,5,ros,2026
235,17024,S14,0,5,ros,2026
236,17088,S14,0,5,ros,2026
237,17152,S14,0,4,ros,2026
238,17216,S14,0,7,ros,2026
239,17280,S14,0,4,ros,2026
240,17344,S14,0,5,ros,2026
241,17408,S14,0,5,ros,2026
242,17472,S14,0,5,ros,2026
243,17536,S14,0,7,ros,2026
244,17600,S14,0,4,ros,2026
245,17664,S14,0,7,ros,2026
246,17728,S14,0,5,ros,2026
247,17792,S14,0,5,ros,2026
248,17856,S14,0,5,ros,2026
249,17920,S14,0,5,ros,2026
250,17984,S14,0,4,ros,2026
251,18048,S14,0,2,ros,2026
252,18112,S14,0,5,ros,2026
253,18176,S14,0,5,ros,2026
254,18240,S14,0,4,ros,2026
255,18304,S14,0,4,ros,2026
256,18368,S14,0,4,ros,2026
257,18432,S14,0,5,ros,2026
258,18496,S14,0,5,ros,2026
259,18560,S14,0,7,ros,2026
260,18624,S14,0,5,ros,2026
261,18688,S14,0,5,ros,2026
262,18752,S14,0,5,ros,2026
263,18816,S14,0,5,ros,2026
264,18880,S14,0,5,ros,2026
265,18944,S14,0,5,ros,2026
266,19008,S14,0,5,ros,2026
267,19072,S14,0,5,ros,2026
268,19136,S14,0,5,ros,2026
269,19200,S14,0,5,ros,2026
270,19264,S14,0,5,ros,2026
271,19328,S14,0,4,ros,2026
272,19392,S14,0,5,ros,2026
273,19456,S14,0,7,ros,2026
274,19520,S14,0,5,ros,2026
275,19584,S14,0,0,ros,2026
276,19648,S14,0,5,ros,2026
277,19712,S14,0,5,ros,2026
278,19776,S14,0,4,ros,2026
279,19840,S14,0,0,ros,2026
280,19904,S14,0,4,ros,2026
281,19968,S14,0,5,ros,2026
282,20032,S14,0,5,ros,2026
283,20096,S14,0,5,ros,2026
284,20160,S14,0,5,ros,2026
285,20224,S14,0,5,ros,2026
286,20288,S14,0,5,ros,2026
287,20352,S14,0,0,ros,2026
288,20416,S14,0,5,ros,2026
289,20480,S14,0,5,ros,2026
290,20544,S14,0,7,ros,2026
291,20608,S14,0,7,ros,2026
292,20672,S14,0,7,ros,2026
293,20736,S14,0,2,ros,2026
294,20800,S14,0,7,ros,2026
295,20864,S14,0,0,ros,2026
296,20928,S14,0,4,ros,2026
297,20992,S14,0,5,ros,2026
298,21056,S14,0,5,ros,2026
299,21120,S14,0,7,ros,2026
300,21184,S14,0,5,ros,2026
301,21248,S14,0,5,ros,2026
302,21312,S14,0,5,ros,2026
303,26048,S14,1,6,ros,2026
304,26112,S14,1,5,ros,2026
305,26176,S14,1,5,ros,2026
306,26240,S14,1,4,ros,2026
307,26304,S14,1,6,ros,2026
308,26368,S14,1,5,ros,2026
309,26432,S14,1,1,ros,2026
310,26496,S14,1,5,ros,2026
311,26560,S14,1,1,ros,2026
312,26624,S14,1,5,ros,2026
313,26688,S14,1,5,ros,2026
314,26752,S14,1,6,ros,2026
315,26816,S14,1,5,ros,2026
316,26880,S14,1,1,ros,2026
317,26944,S14,1,7,ros,2026
318,27008,S14,1,1,ros,2026
319,27072,S14,1,1,ros,2026
320,27136,S14,1,4,ros,2026
321,27200,S14,1,1,ros,2026
322,27264,S14,1,1,ros,2026
323,27328,S14,1,5,ros,2026
324,27392,S14,1,5,ros,2026
325,27456,S14,1,5,ros,2026
326,27520,S14,1,5,ros,2026
327,27584,S14,1,5,ros,2026
328,27648,S14,1,5,ros,2026
329,27712,S14,1,5,ros,2026
330,27776,S14,1,5,ros,2026
331,27840,S14,1,1,ros,2026
332,27904,S14,1,5,ros,2026
333,27968,S14,1,1,ros,2026
334,28032,S14,1,5,ros,2026
335,28096,S14,1,5,ros,2026
336,28160,S14,1,0,ros,2026
337,28224,S14,1,5,ros,2026
338,28288,S14,1,5,ros,2026
339,28352,S14,1,5,ros,2026
340,28416,S14,1,5,ros,2026
341,28480,S14,1,5,ros,2026
342,28544,S14,1,5,ros,2026
343,28608,S14,1,5,ros,2026
344,28672,S14,1,5,ros,2026
345,28736,S14,1,5,ros,2026
346,28800,S14,1,5,ros,2026
347,28864,S14,1,5,ros,2026
348,28928,S14,1,1,ros,2026
349,28992,S14,1,5,ros,2026
350,29056,S14,1,1,ros,2026
351,29120,S14,1,5,ros,2026
352,29184,S14,1,5,ros,2026
353,29248,S14,1,1,ros,2026
354,29312,S14,1,5,ros,2026
355,29376,S14,1,5,ros,2026
356,29440,S14,1,1,ros,2026
357,29504,S14,1,6,ros,2026
358,29568,S14,1,5,ros,2026
359,29632,S14,1,5,ros,2026
360,29696,S14,1,0,ros,2026
361,29760,S14,1,5,ros,2026
362,29824,S14,1,5,ros,2026
363,29888,S14,1,1,ros,2026
364,29952,S14,1,5,ros,2026
365,30016,S14,1,6,ros,2026
366,30080,S14,1,5,ros,2026
367,30144,S14,1,5,ros,2026
368,30208,S14,1,1,ros,2026
369,30272,S14,1,5,ros,2026
370,30336,S14,1,5,ros,2026
371,30400,S14,1,1,ros,2026
372,30464,S14,1,5,ros,2026
373,30528,S14,1,6,ros,2026
374,30592,S14,1,5,ros,2026
375,30656,S14,1,6,ros,2026
376,30720,S14,1,1,ros,2026
377,30784,S14,1,5,ros,2026
378,30848,S14,1,0,ros,2026
379,30912,S14,1,5,ros,2026
380,30976,S14,1,5,ros,2026
381,31040,S14,1,5,ros,2026
382,31104,S14,1,5,ros,2026
383,31168,S14,1,5,ros,2026
384,31232,S14,1,4,ros,2026
385,31296,S14,1,1,ros,2026
386,31360,S14,1,5,ros,2026
387,31424,S14,1,5,ros,2026
388,31488,S14,1,5,ros,2026
389,31552,S14,1,5,ros,2026
390,31616,S14,1,6,ros,2026
391,31680,S14,1,5,ros,2026
392,31744,S14,1,5,ros,2026
393,31808,S14,1,1,ros,2026
394,31872,S14,1,5,ros,2026
395,31936,S14,1,5,ros,2026
396,32000,S14,1,6,ros,2026
397,32064,S14,1,5,ros,2026
398,32128,S14,1,5,ros,2026
399,32192,S14,1,5,ros,2026
400,32256,S14,1,0,ros,2026
401,32320,S14,1,5,ros,2026
402,32384,S14,1,1,ros,2026
403,32448,S14,1,1,ros,2026
404,32512,S14,1,5,ros,2026
405,32576,S14,1,1,ros,2026
406,32640,S14,1,5,ros,2026
407,32704,S14,1,5,ros,2026
408,32768,S14,1,5,ros,2026
409,32832,S14,1,1,ros,2026
410,32896,S14,1,0,ros,2026
411,32960,S14,1,5,ros,2026
412,33024,S14,1,1,ros,2026
413,33088,S14,1,5,ros,2026
414,33152,S14,1,5,ros,2026
415,33216,S14,1,5,ros,2026
416,33280,S14,1,5,ros,2026
417,33344,S14,1,5,ros,2026
418,33408,S14,1,1,ros,2026
419,33472,S14,1,5,ros,2026
420,33536,S14,1,5,ros,2026
421,33600,S14,1,5,ros,2026
422,33664,S14,1,5,ros,2026
423,33728,S14,1,5,ros,2026
424,33792,S14,1,5,ros,2026
425,33856,S14,1,1,ros,2026
426,33920,S14,1,5,ros,2026
427,33984,S14,1,5,ros,2026
428,34048,S14,1,5,ros,2026
429,34112,S14,1,5,ros,2026
430,34176,S14,1,5,ros,2026
431,34240,S14,1,5,ros,2026
432,34304,S14,1,6,ros,2026
433,34368,S14,1,1,ros,2026
434,34432,S14,1,5,ros,2026
435,34496,S14,1,5,ros,2026
436,34560,S14,1,6,ros,2026
437,34624,S14,1,5,ros,2026
438,34688,S14,1,5,ros,2026
439,34752,S14,1,5,ros,2026
440,34816,S14,1,5,ros,2026
441,34880,S14,1,1,ros,2026
442,34944,S14,1,5,ros,2026
443,35008,S14,1,5,ros,2026
444,35072,S14,1,7,ros,2026
445,35136,S14,1,7,ros,2026
446,35200,S14,1,5,ros,2026
447,35264,S14,1,6,ros,2026
448,35328,S14,1,5,ros,2026
449,35392,S14,1,2,ros,2026
450,35456,S14,1,5,ros,2026
451,35520,S14,1,5,ros,2026
452,35584,S14,1,5,ros,2026
453,35648,S14,1,5,ros,2026
454,35712,S14,1,0,ros,2026
455,35776,S14,1,1,ros,2026
456,35840,S14,1,1,ros,2026
457,35904,S14,1,5,ros,2026
458,35968,S14,1,5,ros,2026
459,36032,S14,1,5,ros,2026
460,36096,S14,1,1,ros,2026
461,36160,S14,1,6,ros,2026
462,36224,S14,1,7,ros,2026
463,36288,S14,1,5,ros,2026
464,36352,S14,1,1,ros,2026
465,36416,S14,1,5,ros,2026
466,36480,S14,1,5,ros,2026
467,36544,S14,1,1,ros,2026
468,36608,S14,1,6,ros,2026
469,36672,S14,1,1,ros,2026
470,36736,S14,1,5,ros,2026
471,36800,S14,1,1,ros,2026
472,36864,S14,1,6,ros,2026
473,36928,S14,1,5,ros,2026
474,36992,S14,1,5,ros,2026
475,37056,S14,1,5,ros,2026
476,37120,S14,1,5,ros,2026
477,37184,S14,1,5,ros,2026
478,37248,S14,1,5,ros,2026
479,37312,S14,1,5,ros,2026
480,37376,S14,1,1,ros,2026
481,37440,S14,1,5,ros,2026
482,37504,S14,1,5,ros,2026
483,37568,S14,1,6,ros,2026
484,37632,S14,1,5,ros,2026
485,37696,S14,1,6,ros,2026
486,37760,S14,1,5,ros,2026
487,37824,S14,1,6,ros,2026
488,37888,S14,1,5,ros,2026
489,37952,S14,1,5,ros,2026
490,38016,S14,1,1,ros,2026
491,38080,S14,1,5,ros,2026
492,38144,S14,1,5,ros,2026
493,38208,S14,1,5,ros,2026
494,38272,S14,1,1,ros,2026
495,38336,S14,1,5,ros,2026
496,38400,S14,1,5,ros,2026
497,38464,S14,1,5,ros,2026
498,38528,S14,1,1,ros,2026
499,38592,S14,1,5,ros,2026
500,38656,S14,1,5,ros,2026
501,38720,S14,1,5,ros,2026
502,38784,S14,1,5,ros,2026
503,38848,S14,1,5,ros,2026
504,38912,S14,1,6,ros,2026
505,38976,S14,1,5,ros,2026
506,39040,S14,1,5,ros,2026
507,39104,S14,1,5,ros,2026
508,39168,S14,1,5,ros,2026
509,39232,S14,1,1,ros,2026
510,39296,S14,1,5,ros,2026
511,39360,S14,1,5,ros,2026
512,39424,S14,1,1,ros,2026
513,39488,S14,1,5,ros,2026
514,39552,S14,1,5,ros,2026
515,39616,S14,1,1,ros,2026
516,39680,S14,1,6,ros,2026
517,39744,S14,1,1,ros,2026
518,39808,S14,1,5,ros,2026
519,39872,S14,1,7,ros,2026
520,39936,S14,1,5,ros,2026
521,40000,S14,1,1,ros,2026
522,40064,S14,1,5,ros,2026
523,40128,S14,1,1,ros,2026
524,40192,S14,1,5,ros,2026
525,40256,S14,1,1,ros,2026
526,40320,S14,1,1,ros,2026
527,40384,S14,1,5,ros,2026
528,40448,S14,1,1,ros,2026
529,40512,S14,1,5,ros,2026
530,44800,S14,2,4,ros,2026
531,44864,S14,2,7,ros,2026
532,44928,S14,2,5,ros,2026
533,44992,S14,2,5,ros,2026
534,45056,S14,2,5,ros,2026
535,45120,S14,2,5,ros,2026
536,45184,S14,2,5,ros,2026
537,45248,S14,2,5,ros,2026
538,45312,S14,2,2,ros,2026
539,45376,S14,2,5,ros,2026
540,45440,S14,2,5,ros,2026
541,45504,S14,2,5,ros,2026
542,45568,S14,2,5,ros,2026
543,45632,S14,2,5,ros,2026
544,45696,S14,2,5,ros,2026
545,45760,S14,2,5,ros,2026
546,45824,S14,2,5,ros,2026
547,45888,S14,2,5,ros,2026
548,45952,S14,2,5,ros,2026
549,46016,S14,2,7,ros,2026
550,46080,S14,2,2,ros,2026
551,46144,S14,2,7,ros,2026
552,46208,S14,2,2,ros,2026
553,46272,S14,2,5,ros,2026
554,46336,S14,2,5,ros,2026
555,46400,S14,2,5,ros,2026
556,46464,S14,2,7,ros,2026
557,46528,S14,2,5,ros,2026
558,46592,S14,2,7,ros,2026
559,46656,S14,2,5,ros,2026
560,46720,S14,2,5,ros,2026
561,46784,S14,2,5,ros,2026
562,46848,S14,2,7,ros,2026
563,46912,S14,2,5,ros,2026
564,46976,S14,2,5,ros,2026
565,47040,S14,2,5,ros,2026
566,47104,S14,2,5,ros,2026
567,47168,S14,2,5,ros,2026
568,47232,S14,2,7,ros,2026
569,47296,S14,2,5,ros,2026
570,47360,S14,2,5,ros,2026
571,47424,S14,2,2,ros,2026
572,47488,S14,2,5,ros,2026
573,47552,S14,2,5,ros,2026
574,47616,S14,2,5,ros,2026
575,47680,S14,2,7,ros,2026
576,47744,S14,2,5,ros,2026
577,47808,S14,2,5,ros,2026
578,47872,S14,2,5,ros,2026
579,47936,S14,2,5,ros,2026
580,48000,S14,2,5,ros,2026
581,48064,S14,2,5,ros,2026
582,48128,S14,2,5,ros,2026
583,48192,S14,2,5,ros,2026
584,48256,S14,2,5,ros,2026
585,48320,S14,2,5,ros,2026
586,48384,S14,2,2,ros,2026
587,48448,S14,2,2,ros,2026
588,48512,S14,2,2,ros,2026
589,48576,S14,2,5,ros,2026
590,48640,S14,2,5,ros,2026
591,48704,S14,2,5,ros,2026
592,48768,S14,2,5,ros,2026
593,48832,S14,2,5,ros,2026
594,48896,S14,2,2,ros,2026
595,48960,S14,2,6,ros,2026
596,49024,S14,2,4,ros,2026
597,49088,S14,2,4,ros,2026
598,49152,S14,2,5,ros,2026
599,49216,S14,2,5,ros,2026
600,49280,S14,2,5,ros,2026
601,49344,S14,2,5,ros,2026
602,49408,S14,2,7,ros,2026
603,49472,S14,2,5,ros,2026
604,49536,S14,2,5,ros,2026
605,49600,S14,2,2,ros,2026
606,49664,S14,2,5,ros,2026
607,49728,S14,2,2,ros,2026
608,49792,S14,2,2,ros,2026
609,49856,S14,2,5,ros,2026
610,49920,S14,2,5,ros,2026
611,49984,S14,2,5,ros,2026
612,50048,S14,2,5,ros,2026
613,50112,S14,2,7,ros,2026
614,50176,S14,2,2,ros,2026
615,50240,S14,2,5,ros,2026
616,50304,S14,2,5,ros,2026
617,50368,S14,2,7,ros,2026
618,50432,S14,2,5,ros,2026
619,50496,S14,2,5,ros,2026
620,50560,S14,2,5,ros,2026
621,50624,S14,2,5,ros,2026
622,50688,S14,2,0,ros,2026
623,50752,S14,2,5,ros,2026
624,50816,S14,2,5,ros,2026
625,50880,S14,2,5,ros,2026
626,50944,S14,2,5,ros,2026
627,51008,S14,2,2,ros,2026
628,51072,S14,2,5,ros,2026
629,51136,S14,2,7,ros,2026
630,51200,S14,2,5,ros,2026
631,51264,S14,2,5,ros,2026
632,51328,S14,2,5,ros,2026
633,51392,S14,2,5,ros,2026
634,51456,S14,2,5,ros,2026
635,51520,S14,2,5,ros,2026
636,51584,S14,2,5,ros,2026
637,51648,S14,2,5,ros,2026
638,51712,S14,2,5,ros,2026
639,51776,S14,2,5,ros,2026
640,51840,S14,2,4,ros,2026
641,51904,S14,2,5,ros,2026
642,51968,S14,2,5,ros,2026
643,52032,S14,2,5,ros,2026
644,52096,S14,2,5,ros,2026
645,52160,S14,2,2,ros,2026
646,52224,S14,2,5,ros,2026
647,52288,S14,2,5,ros,2026
648,52352,S14,2,5,ros,2026
649,52416,S14,2,5,ros,2026
650,52480,S14,2,5,ros,2026
651,52544,S14,2,2,ros,2026
652,52608,S14,2,5,ros,2026
653,52672,S14,2,5,ros,2026
654,52736,S14,2,2,ros,2026
655,52800,S14,2,2,ros,2026
656,52864,S14,2,5,ros,2026
657,52928,S14,2,5,ros,2026
658,52992,S14,2,5,ros,2026
659,53056,S14,2,5,ros,2026
660,53120,S14,2,7,ros,2026
661,53184,S14,2,2,ros,2026
662,53248,S14,2,5,ros,2026
663,53312,S14,2,5,ros,2026
664,53376,S14,2,5,ros,2026
665,53440,S14,2,5,ros,2026
666,53504,S14,2,5,ros,2026
667,53568,S14,2,5,ros,2026
668,53632,S14,2,5,ros,2026
669,53696,S14,2,2,ros,2026
670,53760,S14,2,5,ros,2026
671,53824,S14,2,5,ros,2026
672,53888,S14,2,5,ros,2026
673,53952,S14,2,5,ros,2026
674,54016,S14,2,2,ros,2026
675,54080,S14,2,4,ros,2026
676,54144,S14,2,5,ros,2026
677,54208,S14,2,5,ros,2026
678,54272,S14,2,5,ros,2026
679,54336,S14,2,5,ros,2026
680,54400,S14,2,5,ros,2026
681,54464,S14,2,5,ros,2026
682,54528,S14,2,5,ros,2026
683,54592,S14,2,7,ros,2026
684,54656,S14,2,5,ros,2026
685,54720,S14,2,7,ros,2026
686,54784,S14,2,5,ros,2026
687,54848,S14,2,5,ros,2026
688,54912,S14,2,5,ros,2026
689,54976,S14,2,5,ros,2026
690,55040,S14,2,5,ros,2026
691,70720,S14,3,3,ros,2026
692,70784,S14,3,3,ros,2026
693,70848,S14,3,3,ros,2026
694,70912,S14,3,3,ros,2026
695,70976,S14,3,3,ros,2026
696,71040,S14,3,3,ros,2026
697,71104,S14,3,3,ros,2026
698,71168,S14,3,3,ros,2026
699,71232,S14,3,3,ros,2026
700,71296,S14,3,3,ros,2026
701,71360,S14,3,3,ros,2026
702,71424,S14,3,3,ros,2026
703,71488,S14,3,3,ros,2026
704,71552,S14,3,3,ros,2026
705,71616,S14,3,3,ros,2026
706,71680,S14,3,3,ros,2026
707,71744,S14,3,5,ros,2026
708,71808,S14,3,3,ros,2026
709,71872,S14,3,3,ros,2026
710,71936,S14,3,3,ros,2026
711,72000,S14,3,3,ros,2026
712,72064,S14,3,3,ros,2026
713,72128,S14,3,3,ros,2026
714,72192,S14,3,3,ros,2026
715,72256,S14,3,3,ros,2026
716,72320,S14,3,5,ros,2026
717,72384,S14,3,3,ros,2026
718,72448,S14,3,4,ros,2026
719,72512,S14,3,3,ros,2026
720,72576,S14,3,3,ros,2026
721,72640,S14,3,3,ros,2026
722,72704,S14,3,3,ros,2026
723,72768,S14,3,3,ros,2026
724,72832,S14,3,3,ros,2026
725,72896,S14,3,3,ros,2026
726,72960,S14,3,3,ros,2026
727,73024,S14,3,3,ros,2026
728,73088,S14,3,3,ros,2026
729,73152,S14,3,3,ros,2026
730,73216,S14,3,3,ros,2026
731,73280,S14,3,3,ros,2026
732,73344,S14,3,3,ros,2026
733,73408,S14,3,3,ros,2026
734,73472,S14,3,3,ros,2026
735,73536,S14,3,3,ros,2026
736,73600,S14,3,3,ros,2026
737,73664,S14,3,3,ros,2026
738,73728,S14,3,3,ros,2026
739,73792,S14,3,3,ros,2026
740,73856,S14,3,3,ros,2026
741,73920,S14,3,4,ros,2026
742,73984,S14,3,3,ros,2026
743,74048,S14,3,3,ros,2026
744,74112,S14,3,3,ros,2026
745,74176,S14,3,3,ros,2026
746,74240,S14,3,3,ros,2026
747,74304,S14,3,3,ros,2026
748,74368,S14,3,3,ros,2026
749,74432,S14,3,3,ros,2026
750,74496,S14,3,3,ros,2026
751,74560,S14,3,3,ros,2026
752,74624,S14,3,3,ros,2026
753,74688,S14,3,3,ros,2026
754,74752,S14,3,3,ros,2026
755,74816,S14,3,3,ros,2026
756,74880,S14,3,3,ros,2026
757,74944,S14,3,3,ros,2026
758,75008,S14,3,3,ros,2026
759,75072,S14,3,3,ros,2026
760,75136,S14,3,2,ros,2026
761,75200,S14,3,3,ros,2026
762,75264,S14,3,3,ros,2026
763,75328,S14,3,3,ros,2026
764,75392,S14,3,3,ros,2026
765,75456,S14,3,3,ros,2026
766,75520,S14,3,3,ros,2026
767,75584,S14,3,3,ros,2026
768,75648,S14,3,3,ros,2026
769,75712,S14,3,3,ros,2026
770,75776,S14,3,3,ros,2026
771,75840,S14,3,3,ros,2026
772,75904,S14,3,3,ros,2026
773,75968,S14,3,3,ros,2026
774,76032,S14,3,3,ros,2026
775,76096,S14,3,3,ros,2026
776,76160,S14,3,3,ros,2026
777,76224,S14,3,3,ros,2026
778,76288,S14,3,3,ros,2026
779,76352,S14,3,3,ros,2026
780,76416,S14,3,3,ros,2026
781,76480,S14,3,3,ros,2026
782,76544,S14,3,3,ros,2026
783,76608,S14,3,3,ros,2026
784,76672,S14,3,3,ros,2026
785,76736,S14,3,3,ros,2026
786,76800,S14,3,3,ros,2026
787,76864,S14,3,3,ros,2026
788,76928,S14,3,3,ros,2026
789,76992,S14,3,3,ros,2026
790,77056,S14,3,3,ros,2026
791,77120,S14,3,4,ros,2026
792,77184,S14,3,3,ros,2026
793,77248,S14,3,3,ros,2026
794,77312,S14,3,3,ros,2026
795,77376,S14,3,2,ros,2026
796,77440,S14,3,3,ros,2026
797,77504,S14,3,3,ros,2026
798,77568,S14,3,3,ros,2026
799,77632,S14,3,3,ros,2026
800,77696,S14,3,3,ros,2026
801,77760,S14,3,3,ros,2026
802,77824,S14,3,3,ros,2026
803,77888,S14,3,3,ros,2026
804,77952,S14,3,5,ros,2026
805,78016,S14,3,3,ros,2026
806,78080,S14,3,3,ros,2026
807,78144,S14,3,3,ros,2026
808,78208,S14,3,3,ros,2026
809,78272,S14,3,3,ros,2026
810,78336,S14,3,3,ros,2026
811,78400,S14,3,3,ros,2026
812,78464,S14,3,3,ros,2026
813,78528,S14,3,3,ros,2026
814,78592,S14,3,3,ros,2026
815,78656,S14,3,3,ros,2026
816,78720,S14,3,3,ros,2026
817,78784,S14,3,3,ros,2026
818,78848,S14,3,3,ros,2026
819,78912,S14,3,3,ros,2026
820,78976,S14,3,3,ros,2026
821,79040,S14,3,0,ros,2026
822,79104,S14,3,3,ros,2026
823,79168,S14,3,3,ros,2026
824,79232,S14,3,3,ros,2026
825,79296,S14,3,3,ros,2026
826,79360,S14,3,3,ros,2026
827,79424,S14,3,3,ros,2026
828,79488,S14,3,3,ros,2026
829,79552,S14,3,3,ros,2026
830,79616,S14,3,3,ros,2026
831,79680,S14,3,3,ros,2026
832,79744,S14,3,3,ros,2026
833,79808,S14,3,3,ros,2026
834,79872,S14,3,3,ros,2026
835,79936,S14,3,3,ros,2026
836,80000,S14,3,3,ros,2026
837,80064,S14,3,3,ros,2026
838,80128,S14,3,3,ros,2026
839,80192,S14,3,3,ros,2026
840,80256,S14,3,3,ros,2026
841,80320,S14,3,3,ros,2026
842,80384,S14,3,3,ros,2026
843,80448,S14,3,3,ros,2026
844,80512,S14,3,3,ros,2026
845,80576,S14,3,3,ros,2026
846,80640,S14,3,3,ros,2026
847,80704,S14,3,3,ros,2026
848,80768,S14,3,3,ros,2026
849,80832,S14,3,3,ros,2026
850,80896,S14,3,3,ros,2026
851,80960,S14,3,3,ros,2026
852,81024,S14,3,3,ros,2026
853,81088,S14,3,3,ros,2026
854,81152,S14,3,3,ros,2026
855,81216,S14,3,3,ros,2026
856,81280,S14,3,3,ros,2026
857,81344,S14,3,3,ros,2026
858,81408,S14,3,3,ros,2026
859,81472,S14,3,3,ros,2026
860,81536,S14,3,3,ros,2026
861,81600,S14,3,3,ros,2026
862,81664,S14,3,3,ros,2026
863,81728,S14,3,3,ros,2026
864,81792,S14,3,3,ros,2026
865,81856,S14,3,3,ros,2026
866,81920,S14,3,3,ros,2026
867,81984,S14,3,4,ros,2026
868,82048,S14,3,4,ros,2026
869,82112,S14,3,3,ros,2026
870,82176,S14,3,3,ros,2026
871,82240,S14,3,3,ros,2026
872,82304,S14,3,3,ros,2026
873,82368,S14,3,3,ros,2026
874,82432,S14,3,3,ros,2026
875,82496,S14,3,3,ros,2026
876,82560,S14,3,3,ros,2026
877,82624,S14,3,3,ros,2026
878,82688,S14,3,3,ros,2026
879,82752,S14,3,3,ros,2026
880,82816,S14,3,3,ros,2026
881,82880,S14,3,3,ros,2026
882,82944,S14,3,3,ros,2026
883,83008,S14,3,3,ros,2026
884,83072,S14,3,3,ros,2026
885,83136,S14,3,3,ros,2026
886,83200,S14,3,3,ros,2026
887,83264,S14,3,3,ros,2026
888,83328,S14,3,4,ros,2026
889,83392,S14,3,3,ros,2026
890,83456,S14,3,3,ros,2026
891,83520,S14,3,3,ros,2026
892,83584,S14,3,3,ros,2026
893,83648,S14,3,3,ros,2026
894,83712,S14,3,3,ros,2026
895,83776,S14,3,3,ros,2026
896,83840,S14,3,3,ros,2026
897,83904,S14,3,3,ros,2026
898,83968,S14,3,3,ros,2026
899,84032,S14,3,3,ros,2026
900,84096,S14,3,3,ros,2026
901,84160,S14,3,3,ros,2026
902,84224,S14,3,3,ros,2026
903,84288,S14,3,3,ros,2026
904,84352,S14,3,3,ros,2026
905,84416,S14,3,3,ros,2026
906,84480,S14,3,3,ros,2026
907,84544,S14,3,3,ros,2026
908,84608,S14,3,3,ros,2026
909,84672,S14,3,3,ros,2026
910,84736,S14,3,2,ros,2026
911,84800,S14,3,3,ros,2026
912,84864,S14,3,3,ros,2026
913,84928,S14,3,3,ros,2026
914,84992,S14,3,3,ros,2026
915,85056,S14,3,3,ros,2026
916,85120,S14,3,3,ros,2026
917,85184,S14,3,3,ros,2026
918,85248,S14,3,3,ros,2026
919,85312,S14,3,3,ros,2026
920,85376,S14,3,3,ros,2026
921,85440,S14,3,3,ros,2026
922,85504,S14,3,3,ros,2026
923,85568,S14,3,3,ros,2026
924,85632,S14,3,3,ros,2026
925,85696,S14,3,3,ros,2026
926,85760,S14,3,3,ros,2026
927,85824,S14,3,3,ros,2026
928,85888,S14,3,3,ros,2026
929,85952,S14,3,3,ros,2026
930,86016,S14,3,3,ros,2026
931,86080,S14,3,3,ros,2026
932,86144,S14,3,3,ros,2026
933,86208,S14,3,3,ros,2026
934,86272,S14,3,3,ros,2026
935,86336,S14,3,3,ros,2026
936,86400,S14,3,3,ros,2026
937,86464,S14,3,4,ros,2026
938,86528,S14,3,3,ros,2026
939,86592,S14,3,3,ros,2026
940,86656,S14,3,3,ros,2026
941,106944,S14,4,4,ros,2026
942,107008,S14,4,5,ros,2026
943,107072,S14,4,4,ros,2026
944,107136,S14,4,2,ros,2026
945,107200,S14,4,7,ros,2026
946,107264,S14,4,4,ros,2026
947,107328,S14,4,4,ros,2026
948,107392,S14,4,5,ros,2026
949,107456,S14,4,5,ros,2026
950,107520,S14,4,5,ros,2026
951,107584,S14,4,5,ros,2026
952,107648,S14,4,5,ros,2026
953,107712,S14,4,5,ros,2026
954,107776,S14,4,5,ros,2026
955,107840,S14,4,5,ros,2026
956,107904,S14,4,5,ros,2026
957,107968,S14,4,0,ros,2026
958,108032,S14,4,5,ros,2026
959,108096,S14,4,0,ros,2026
960,108160,S14,4,5,ros,2026
961,108224,S14,4,4,ros,2026
962,108288,S14,4,4,ros,2026
963,108352,S14,4,4,ros,2026
964,108416,S14,4,5,ros,2026
965,108480,S14,4,7,ros,2026
966,108544,S14,4,5,ros,2026
967,108608,S14,4,4,ros,2026
968,108672,S14,4,4,ros,2026
969,108736,S14,4,7,ros,2026
970,108800,S14,4,4,ros,2026
971,108864,S14,4,5,ros,2026
972,108928,S14,4,4,ros,2026
973,108992,S14,4,5,ros,2026
974,109056,S14,4,5,ros,2026
975,109120,S14,4,4,ros,2026
976,109184,S14,4,5,ros,2026
977,109248,S14,4,4,ros,2026
978,109312,S14,4,5,ros,2026
979,109376,S14,4,5,ros,2026
980,109440,S14,4,4,ros,2026
981,109504,S14,4,5,ros,2026
982,109568,S14,4,7,ros,2026
983,109632,S14,4,5,ros,2026
984,109696,S14,4,5,ros,2026
985,109760,S14,4,5,ros,2026
986,109824,S14,4,4,ros,2026
987,109888,S14,4,7,ros,2026
988,109952,S14,4,5,ros,2026
989,110016,S14,4,7,ros,2026
990,110080,S14,4,5,ros,2026
991,110144,S14,4,5,ros,2026
992,110208,S14,4,5,ros,2026
993,110272,S14,4,2,ros,2026
994,110336,S14,4,5,ros,2026
995,110400,S14,4,5,ros,2026
996,110464,S14,4,5,ros,2026
997,110528,S14,4,5,ros,2026
998,110592,S14,4,4,ros,2026
999,110656,S14,4,4,ros,2026
1000,110720,S14,4,4,ros,2026
1001,110784,S14,4,5,ros,2026
1002,110848,S14,4,4,ros,2026
1003,110912,S14,4,5,ros,2026
1004,110976,S14,4,7,ros,2026
1005,111040,S14,4,5,ros,2026
1006,111104,S14,4,7,ros,2026
1007,111168,S14,4,5,ros,2026
1008,111232,S14,4,5,ros,2026
1009,111296,S14,4,4,ros,2026
1010,111360,S14,4,5,ros,2026
1011,111424,S14,4,5,ros,2026
1012,111488,S14,4,7,ros,2026
1013,111552,S14,4,5,ros,2026
1014,111616,S14,4,4,ros,2026
1015,111680,S14,4,5,ros,2026
1016,111744,S14,4,5,ros,2026
1017,111808,S14,4,5,ros,2026
1018,111872,S14,4,5,ros,2026
1019,111936,S14,4,5,ros,2026
1020,112000,S14,4,5,ros,2026
1021,112064,S14,4,5,ros,2026
1022,112128,S14,4,5,ros,2026
1023,112192,S14,4,5,ros,2026
1024,112256,S14,4,5,ros,2026
1025,112320,S14,4,4,ros,2026
1026,112384,S14,4,4,ros,2026
1027,112448,S14,4,5,ros,2026
1028,112512,S14,4,5,ros,2026
1029,112576,S14,4,5,ros,2026
1030,112640,S14,4,5,ros,2026
1031,112704,S14,4,7,ros,2026
1032,112768,S14,4,5,ros,2026
1033,112832,S14,4,5,ros,2026
1034,112896,S14,4,5,ros,2026
1035,112960,S14,4,5,ros,2026
1036,113024,S14,4,5,ros,2026
1037,113088,S14,4,5,ros,2026
1038,113152,S14,4,7,ros,2026
1039,113216,S14,4,4,ros,2026
1040,113280,S14,4,7,ros,2026
1041,113344,S14,4,7,ros,2026
1042,113408,S14,4,5,ros,2026
1043,113472,S14,4,5,ros,2026
1044,113536,S14,4,5,ros,2026
1045,113600,S14,4,4,ros,2026
1046,113664,S14,4,4,ros,2026
1047,113728,S14,4,5,ros,2026
1048,113792,S14,4,5,ros,2026
1049,113856,S14,4,5,ros,2026
1050,113920,S14,4,4,ros,2026
1051,113984,S14,4,4,ros,2026
1052,114048,S14,4,5,ros,2026
1053,114112,S14,4,4,ros,2026
1054,114176,S14,4,5,ros,2026
1055,114240,S14,4,5,ros,2026
1056,114304,S14,4,5,ros,2026
1057,114368,S14,4,5,ros,2026
1058,114432,S14,4,4,ros,2026
1059,114496,S14,4,5,ros,2026
1060,114560,S14,4,5,ros,2026
1061,114624,S14,4,5,ros,2026
1062,114688,S14,4,4,ros,2026
1063,114752,S14,4,4,ros,2026
1064,114816,S14,4,7,ros,2026
1065,114880,S14,4,5,ros,2026
1066,114944,S14,4,5,ros,2026
1067,115008,S14,4,5,ros,2026
1068,115072,S14,4,5,ros,2026
1069,115136,S14,4,7,ros,2026
1070,115200,S14,4,5,ros,2026
1071,115264,S14,4,5,ros,2026
1072,115328,S14,4,4,ros,2026
1073,115392,S14,4,4,ros,2026
1074,115456,S14,4,5,ros,2026
1075,115520,S14,4,5,ros,2026
1076,115584,S14,4,5,ros,2026
1077,115648,S14,4,5,ros,2026
1078,115712,S14,4,4,ros,2026
1079,115776,S14,4,4,ros,2026
1080,115840,S14,4,7,ros,2026
1081,115904,S14,4,5,ros,2026
1082,115968,S14,4,5,ros,2026
1083,116032,S14,4,7,ros,2026
1084,116096,S14,4,4,ros,2026
1085,116160,S14,4,5,ros,2026
1086,116224,S14,4,7,ros,2026
1087,116288,S14,4,5,ros,2026
1088,116352,S14,4,4,ros,2026
1089,116416,S14,4,5,ros,2026
1090,116480,S14,4,5,ros,2026
1091,116544,S14,4,5,ros,2026
1092,116608,S14,4,5,ros,2026
1093,116672,S14,4,4,ros,2026
1094,116736,S14,4,5,ros,2026
1095,116800,S14,4,5,ros,2026
1096,116864,S14,4,5,ros,2026
1097,116928,S14,4,4,ros,2026
1098,116992,S14,4,5,ros,2026
1099,117056,S14,4,7,ros,2026
1100,117120,S14,4,4,ros,2026
1101,117184,S14,4,0,ros,2026
1102,117248,S14,4,5,ros,2026
1103,117312,S14,4,5,ros,2026
1104,117376,S14,4,5,ros,2026
1105,117440,S14,4,4,ros,2026
1106,117504,S14,4,5,ros,2026
1107,117568,S14,4,5,ros,2026
1108,117632,S14,4,0,ros,2026
1109,117696,S14,4,5,ros,2026
1110,117760,S14,4,4,ros,2026
1111,117824,S14,4,7,ros,2026
1112,117888,S14,4,5,ros,2026
1113,117952,S14,4,4,ros,2026
1114,118016,S14,4,5,ros,2026
1115,118080,S14,4,5,ros,2026
1116,118144,S14,4,5,ros,2026
1117,118208,S14,4,7,ros,2026
1118,118272,S14,4,5,ros,2026
1119,118336,S14,4,7,ros,2026
1120,118400,S14,4,4,ros,2026
1121,118464,S14,4,4,ros,2026
1122,118528,S14,4,4,ros,2026
1123,118592,S14,4,5,ros,2026
1124,118656,S14,4,5,ros,2026
1125,118720,S14,4,5,ros,2026
1126,118784,S14,4,5,ros,2026
1127,118848,S14,4,5,ros,2026
1128,118912,S14,4,7,ros,2026
1129,118976,S14,4,4,ros,2026
1130,119040,S14,4,5,ros,2026
1131,119104,S14,4,4,ros,2026
1132,119168,S14,4,4,ros,2026
1133,119232,S14,4,5,ros,2026
1134,119296,S14,4,4,ros,2026
1135,119360,S14,4,4,ros,2026
1136,119424,S14,4,5,ros,2026
1137,119488,S14,4,4,ros,2026
1138,119552,S14,4,5,ros,2026
1139,119616,S14,4,4,ros,2026
1140,119680,S14,4,7,ros,2026
1141,119744,S14,4,5,ros,2026
1142,119808,S14,4,5,ros,2026
1143,119872,S14,4,4,ros,2026
1144,119936,S14,4,5,ros,2026
1145,120000,S14,4,5,ros,2026
1146,120064,S14,4,4,ros,2026
1147,120128,S14,4,5,ros,2026
1148,120192,S14,4,4,ros,2026
1149,120256,S14,4,4,ros,2026
1150,120320,S14,4,4,ros,2026
1151,120384,S14,4,5,ros,2026
1152,120448,S14,4,5,ros,2026
1153,120512,S14,4,5,ros,2026
1154,120576,S14,4,7,ros,2026
1155,120640,S14,4,5,ros,2026
1156,120704,S14,4,5,ros,2026
1157,120768,S14,4,4,ros,2026
1158,120832,S14,4,5,ros,2026
1159,120896,S14,4,5,ros,2026
1160,120960,S14,4,1,ros,2026
1161,121024,S14,4,5,ros,2026
1162,121088,S14,4,4,ros,2026
1163,121152,S14,4,5,ros,2026
1164,121216,S14,4,5,ros,2026
1165,121280,S14,4,4,ros,2026
1166,121344,S14,4,4,ros,2026
1167,121408,S14,4,5,ros,2026
1168,121472,S14,4,5,ros,2026
1169,121536,S14,4,4,ros,2026
1170,121600,S14,4,5,ros,2026
1171,121664,S14,4,5,ros,2026
1172,121728,S14,4,5,ros,2026
1173,121792,S14,4,5,ros,2026
1174,121856,S14,4,5,ros,2026
1175,121920,S14,4,5,ros,2026
1176,121984,S14,4,4,ros,2026
1177,122048,S14,4,5,ros,2026
1178,122112,S14,4,5,ros,2026
1179,122176,S14,4,5,ros,2026
1180,122240,S14,4,5,ros,2026
1181,122304,S14,4,5,ros,2026
1182,122368,S14,4,5,ros,2026
1183,122432,S14,4,5,ros,2026
1184,122496,S14,4,5,ros,2026
1185,122560,S14,4,5,ros,2026
1186,122624,S14,4,2,ros,2026
1187,122688,S14,4,4,ros,2026
1188,122752,S14,4,5,ros,2026
1189,122816,S14,4,7,ros,2026
1190,122880,S14,4,5,ros,2026
1191,122944,S14,4,5,ros,2026
1192,123008,S14,4,5,ros,2026
1193,123072,S14,4,7,ros,2026
1194,123136,S14,4,5,ros,2026
1195,123200,S14,4,5,ros,2026
1196,123264,S14,4,5,ros,2026
1197,123328,S14,4,7,ros,2026
1198,123392,S14,4,4,ros,2026
1199,123456,S14,4,5,ros,2026
1200,123520,S14,4,4,ros,2026
1201,123584,S14,4,5,ros,2026
1202,123648,S14,4,5,ros,2026
1203,123712,S14,4,7,ros,2026
1204,123776,S14,4,5,ros,2026
1205,123840,S14,4,5,ros,2026
1206,123904,S14,4,5,ros,2026
1207,123968,S14,4,5,ros,2026
1208,124032,S14,4,4,ros,2026
1209,124096,S14,4,4,ros,2026
1210,124160,S14,4,4,ros,2026
1211,124224,S14,4,4,ros,2026
1212,124288,S14,4,7,ros,2026
1213,124352,S14,4,4,ros,2026
1214,124416,S14,4,5,ros,2026
1215,124480,S14,4,5,ros,2026
1216,124544,S14,4,5,ros,2026
1217,124608,S14,4,4,ros,2026
1218,124672,S14,4,5,ros,2026
1219,124736,S14,4,5,ros,2026
1220,124800,S14,4,4,ros,2026
1221,124864,S14,4,4,ros,2026
1222,124928,S14,4,7,ros,2026
1223,124992,S14,4,4,ros,2026
1224,125056,S14,4,7,ros,2026
1225,125120,S14,4,5,ros,2026
1226,125184,S14,4,5,ros,2026
1227,125248,S14,4,7,ros,2026
1228,125312,S14,4,5,ros,2026
1229,125376,S14,4,4,ros,2026
1230,125440,S14,4,5,ros,2026
1231,125504,S14,4,0,ros,2026
1232,125568,S14,4,5,ros,2026
1233,125632,S14,4,5,ros,2026
1234,125696,S14,4,4,ros,2026
1235,125760,S14,4,5,ros,2026
1236,125824,S14,4,5,ros,2026
1237,125888,S14,4,5,ros,2026
1238,125952,S14,4,5,ros,2026
1239,126016,S14,4,4,ros,2026
1240,126080,S14,4,5,ros,2026
1241,126144,S14,4,7,ros,2026
1242,126208,S14,4,5,ros,2026
1243,126272,S14,4,5,ros,2026
1244,126336,S14,4,4,ros,2026
1245,126400,S14,4,4,ros,2026
1246,126464,S14,4,5,ros,2026
1247,126528,S14,4,5,ros,2026
1248,126592,S14,4,4,ros,2026
1249,126656,S14,4,7,ros,2026
1250,126720,S14,4,5,ros,2026
1251,126784,S14,4,4,ros,2026
1252,126848,S14,4,2,ros,2026
1253,126912,S14,4,5,ros,2026
1254,126976,S14,4,5,ros,2026
1255,127040,S14,4,0,ros,2026
1256,127104,S14,4,5,ros,2026
1257,127168,S14,4,7,ros,2026
1258,127232,S14,4,4,ros,2026
1259,127296,S14,4,7,ros,2026
1260,127360,S14,4,5,ros,2026
1261,127424,S14,4,4,ros,2026
1262,127488,S14,4,7,ros,2026
1263,127552,S14,4,5,ros,2026
1264,127616,S14,4,5,ros,2026
1265,127680,S14,4,7,ros,2026
1266,127744,S14,4,2,ros,2026
1267,127808,S14,4,0,ros,2026
1268,127872,S14,4,5,ros,2026
1269,127936,S14,4,4,ros,2026
1270,128000,S14,4,5,ros,2026
1271,128064,S14,4,5,ros,2026
1272,128128,S14,4,7,ros,2026
1273,128192,S14,4,4,ros,2026
1274,128256,S14,4,7,ros,2026
1275,128320,S14,4,5,ros,2026
1276,128384,S14,4,4,ros,2026
1277,128448,S14,4,4,ros,2026
1278,128512,S14,4,7,ros,2026
1279,128576,S14,4,7,ros,2026
1280,128640,S14,4,5,ros,2026
1281,128704,S14,4,5,ros,2026
1282,128768,S14,4,5,ros,2026
1283,128832,S14,4,5,ros,2026
1284,128896,S14,4,5,ros,2026
1285,128960,S14,4,5,ros,2026
1286,129024,S14,4,4,ros,2026
1287,129088,S14,4,7,ros,2026
1288,129152,S14,4,7,ros,2026
1289,129216,S14,4,5,ros,2026
1290,129280,S14,4,5,ros,2026
1291,129344,S14,4,5,ros,2026
1292,129408,S14,4,4,ros,2026
1293,129472,S14,4,4,ros,2026
1294,129536,S14,4,4,ros,2026
1295,129600,S14,4,5,ros,2026
1296,129664,S14,4,5,ros,2026
1297,129728,S14,4,5,ros,2026
1298,129792,S14,4,5,ros,2026
1299,129856,S14,4,5,ros,2026
1300,129920,S14,4,7,ros,2026
1301,129984,S14,4,5,ros,2026
1302,130048,S14,4,5,ros,2026
1303,130112,S14,4,5,ros,2026
1304,130176,S14,4,4,ros,2026
1305,130240,S14,4,5,ros,2026
1306,130304,S14,4,5,ros,2026
1307,130368,S14,4,5,ros,2026
1308,130432,S14,4,5,ros,2026
1309,130496,S14,4,5,ros,2026
1310,130560,S14,4,4,ros,2026
1311,130624,S14,4,4,ros,2026
1312,130688,S14,4,4,ros,2026
1313,130752,S14,4,5,ros,2026
1314,130816,S14,4,4,ros,2026
1315,130880,S14,4,5,ros,2026
1316,130944,S14,4,5,ros,2026
1317,131008,S14,4,5,ros,2026
1318,131072,S14,4,4,ros,2026
1319,131136,S14,4,4,ros,2026
1320,131200,S14,4,5,ros,2026
1321,131264,S14,4,5,ros,2026
1322,131328,S14,4,5,ros,2026
1323,131392,S14,4,5,ros,2026
1324,131456,S14,4,5,ros,2026
1325,131520,S14,4,5,ros,2026
1326,131584,S14,4,4,ros,2026
1327,131648,S14,4,5,ros,2026
1328,131712,S14,4,5,ros,2026
1329,131776,S14,4,4,ros,2026
1330,131840,S14,4,7,ros,2026
1331,131904,S14,4,5,ros,2026
1332,131968,S14,4,4,ros,2026
1333,132032,S14,4,5,ros,2026
1334,132096,S14,4,5,ros,2026
1335,132160,S14,4,7,ros,2026
1336,132224,S14,4,5,ros,2026
1337,132288,S14,4,5,ros,2026
1338,132352,S14,4,7,ros,2026
1339,132416,S14,4,5,ros,2026
1340,132480,S14,4,5,ros,2026
1341,132544,S14,4,5,ros,2026
1342,132608,S14,4,5,ros,2026
1343,132672,S14,4,4,ros,2026
1344,132736,S14,4,5,ros,2026
1345,132800,S14,4,5,ros,2026
1346,132864,S14,4,5,ros,2026
1347,132928,S14,4,5,ros,2026
1348,132992,S14,4,5,ros,2026
1349,133056,S14,4,7,ros,2026
1350,133120,S14,4,7,ros,2026
1351,133184,S14,4,5,ros,2026
1352,133248,S14,4,7,ros,2026
1353,133312,S14,4,7,ros,2026
1354,133376,S14,4,5,ros,2026
1355,133440,S14,4,4,ros,2026
1356,133504,S14,4,5,ros,2026
1357,133568,S14,4,4,ros,2026
1358,133632,S14,4,5,ros,2026
1359,133696,S14,4,4,ros,2026
1360,133760,S14,4,5,ros,2026
1361,133824,S14,4,5,ros,2026
1362,133888,S14,4,5,ros,2026
1363,133952,S14,4,4,ros,2026
1364,134016,S14,4,5,ros,2026
1365,134080,S14,4,4,ros,2026
1366,134144,S14,4,5,ros,2026
1367,134208,S14,4,4,ros,2026
1368,134272,S14,4,4,ros,2026
1369,134336,S14,4,5,ros,2026
1370,134400,S14,4,5,ros,2026
1371,134464,S14,4,5,ros,2026
1372,134528,S14,4,5,ros,2026
1373,134592,S14,4,5,ros,2026
1374,134656,S14,4,5,ros,2026
1375,134720,S14,4,4,ros,2026
1376,134784,S14,4,5,ros,2026
1377,134848,S14,4,7,ros,2026
1378,134912,S14,4,5,ros,2026
1379,134976,S14,4,5,ros,2026
1380,135040,S14,4,5,ros,2026
1381,135104,S14,4,2,ros,2026
1382,135168,S14,4,4,ros,2026
1383,135232,S14,4,5,ros,2026
1384,135296,S14,4,5,ros,2026
1385,135360,S14,4,5,ros,2026
1386,135424,S14,4,4,ros,2026
1387,135488,S14,4,5,ros,2026
1388,135552,S14,4,5,ros,2026
1389,135616,S14,4,5,ros,2026
1390,135680,S14,4,5,ros,2026
1391,135744,S14,4,4,ros,2026
1392,135808,S14,4,7,ros,2026
1393,135872,S14,4,5,ros,2026
1394,135936,S14,4,5,ros,2026
1395,136000,S14,4,5,ros,2026
1396,136064,S14,4,5,ros,2026
1397,136128,S14,4,5,ros,2026
1398,136192,S14,4,7,ros,2026
1399,136256,S14,4,5,ros,2026
1400,136320,S14,4,2,ros,2026
1401,136384,S14,4,7,ros,2026
1402,136448,S14,4,5,ros,2026
1403,136512,S14,4,4,ros,2026
1404,136576,S14,4,5,ros,2026
1405,136640,S14,4,5,ros,2026
1406,136704,S14,4,5,ros,2026
1407,136768,S14,4,4,ros,2026
1408,136832,S14,4,5,ros,2026
1409,136896,S14,4,5,ros,2026
1410,136960,S14,4,5,ros,2026
1411,137024,S14,4,5,ros,2026
1412,137088,S14,4,5,ros,2026
1413,137152,S14,4,4,ros,2026
1414,137216,S14,4,5,ros,2026
1415,137280,S14,4,5,ros,2026
1416,151488,S14,5,5,ros,2026
1417,151552,S14,5,5,ros,2026
1418,151616,S14,5,5,ros,2026
1419,151680,S14,5,5,ros,2026
1420,151744,S14,5,4,ros,2026
1421,151808,S14,5,5,ros,2026
1422,151872,S14,5,5,ros,2026
1423,151936,S14,5,7,ros,2026
1424,152000,S14,5,5,ros,2026
1425,152064,S14,5,5,ros,2026
1426,152128,S14,5,5,ros,2026
1427,152192,S14,5,2,ros,2026
1428,152256,S14,5,5,ros,2026
1429,152320,S14,5,5,ros,2026
1430,152384,S14,5,6,ros,2026
1431,152448,S14,5,5,ros,2026
1432,152512,S14,5,5,ros,2026
1433,152576,S14,5,5,ros,2026
1434,152640,S14,5,5,ros,2026
1435,152704,S14,5,5,ros,2026
1436,152768,S14,5,0,ros,2026
1437,152832,S14,5,5,ros,2026
1438,152896,S14,5,0,ros,2026
1439,152960,S14,5,5,ros,2026
1440,153024,S14,5,5,ros,2026
1441,153088,S14,5,2,ros,2026
1442,153152,S14,5,5,ros,2026
1443,153216,S14,5,5,ros,2026
1444,153280,S14,5,5,ros,2026
1445,153344,S14,5,5,ros,2026
1446,153408,S14,5,5,ros,2026
1447,153472,S14,5,5,ros,2026
1448,153536,S14,5,5,ros,2026
1449,153600,S14,5,5,ros,2026
1450,153664,S14,5,5,ros,2026
1451,153728,S14,5,7,ros,2026
1452,153792,S14,5,5,ros,2026
1453,153856,S14,5,5,ros,2026
1454,153920,S14,5,5,ros,2026
1455,153984,S14,5,5,ros,2026
1456,154048,S14,5,5,ros,2026
1457,154112,S14,5,4,ros,2026
1458,154176,S14,5,5,ros,2026
1459,154240,S14,5,5,ros,2026
1460,154304,S14,5,5,ros,2026
1461,154368,S14,5,5,ros,2026
1462,154432,S14,5,5,ros,2026
1463,154496,S14,5,4,ros,2026
1464,154560,S14,5,5,ros,2026
1465,154624,S14,5,5,ros,2026
1466,154688,S14,5,5,ros,2026
1467,154752,S14,5,5,ros,2026
1468,154816,S14,5,4,ros,2026
1469,154880,S14,5,5,ros,2026
1470,154944,S14,5,4,ros,2026
1471,155008,S14,5,5,ros,2026
1472,155072,S14,5,5,ros,2026
1473,155136,S14,5,5,ros,2026
1474,155200,S14,5,5,ros,2026
1475,155264,S14,5,4,ros,2026
1476,155328,S14,5,5,ros,2026
1477,155392,S14,5,0,ros,2026
1478,155456,S14,5,7,ros,2026
1479,155520,S14,5,5,ros,2026
1480,155584,S14,5,5,ros,2026
1481,155648,S14,5,5,ros,2026
1482,155712,S14,5,5,ros,2026
1483,155776,S14,5,5,ros,2026
1484,155840,S14,5,2,ros,2026
1485,155904,S14,5,2,ros,2026
1486,155968,S14,5,5,ros,2026
1487,156032,S14,5,7,ros,2026
1488,156096,S14,5,7,ros,2026
1489,156160,S14,5,7,ros,2026
1490,156224,S14,5,5,ros,2026
1491,156288,S14,5,5,ros,2026
1492,156352,S14,5,7,ros,2026
1493,156416,S14,5,5,ros,2026
1494,156480,S14,5,5,ros,2026
1495,156544,S14,5,7,ros,2026
1496,156608,S14,5,5,ros,2026
1497,156672,S14,5,5,ros,2026
1498,156736,S14,5,5,ros,2026
1499,156800,S14,5,7,ros,2026
1500,156864,S14,5,7,ros,2026
1501,156928,S14,5,5,ros,2026
1502,156992,S14,5,5,ros,2026
1503,157056,S14,5,5,ros,2026
1504,157120,S14,5,4,ros,2026
1505,157184,S14,5,5,ros,2026
1506,157248,S14,5,5,ros,2026
1507,157312,S14,5,7,ros,2026
1508,157376,S14,5,0,ros,2026
1509,157440,S14,5,0,ros,2026
1510,157504,S14,5,5,ros,2026
1511,157568,S14,5,5,ros,2026
1512,157632,S14,5,5,ros,2026
1513,157696,S14,5,7,ros,2026
1514,157760,S14,5,5,ros,2026
1515,157824,S14,5,5,ros,2026
1516,157888,S14,5,5,ros,2026
1517,157952,S14,5,5,ros,2026
1518,158016,S14,5,5,ros,2026
1519,158080,S14,5,5,ros,2026
1520,158144,S14,5,0,ros,2026
1521,158208,S14,5,5,ros,2026
1522,158272,S14,5,5,ros,2026
1523,158336,S14,5,5,ros,2026
1524,158400,S14,5,7,ros,2026
1525,158464,S14,5,5,ros,2026
1526,158528,S14,5,5,ros,2026
1527,158592,S14,5,5,ros,2026
1528,158656,S14,5,5,ros,2026
1529,158720,S14,5,5,ros,2026
1530,158784,S14,5,5,ros,2026
1531,158848,S14,5,5,ros,2026
1532,158912,S14,5,5,ros,2026
1533,158976,S14,5,5,ros,2026
1534,159040,S14,5,2,ros,2026
1535,159104,S14,5,5,ros,2026
1536,159168,S14,5,5,ros,2026
1537,159232,S14,5,5,ros,2026
1538,159296,S14,5,7,ros,2026
1539,159360,S14,5,5,ros,2026
1540,159424,S14,5,5,ros,2026
1541,159488,S14,5,5,ros,2026
1542,159552,S14,5,5,ros,2026
1543,159616,S14,5,5,ros,2026
1544,159680,S14,5,5,ros,2026
1545,159744,S14,5,5,ros,2026
1546,159808,S14,5,5,ros,2026
1547,159872,S14,5,5,ros,2026
1548,159936,S14,5,5,ros,2026
1549,160000,S14,5,5,ros,2026
1550,160064,S14,5,5,ros,2026
1551,160128,S14,5,5,ros,2026
1552,160192,S14,5,4,ros,2026
1553,160256,S14,5,7,ros,2026
1554,160320,S14,5,5,ros,2026
1555,160384,S14,5,5,ros,2026
1556,160448,S14,5,2,ros,2026
1557,160512,S14,5,5,ros,2026
1558,160576,S14,5,5,ros,2026
1559,160640,S14,5,5,ros,2026
1560,160704,S14,5,5,ros,2026
1561,160768,S14,5,2,ros,2026
1562,160832,S14,5,5,ros,2026
1563,160896,S14,5,7,ros,2026
1564,160960,S14,5,7,ros,2026
1565,161024,S14,5,5,ros,2026
1566,161088,S14,5,5,ros,2026
1567,161152,S14,5,2,ros,2026
1568,161216,S14,5,4,ros,2026
1569,161280,S14,5,5,ros,2026
1570,161344,S14,5,5,ros,2026
1571,161408,S14,5,5,ros,2026
1572,161472,S14,5,5,ros,2026
1573,161536,S14,5,5,ros,2026
1574,161600,S14,5,2,ros,2026
1575,161664,S14,5,0,ros,2026
1576,161728,S14,5,4,ros,2026
1577,161792,S14,5,4,ros,2026
1578,161856,S14,5,5,ros,2026
1579,161920,S14,5,5,ros,2026
1580,161984,S14,5,5,ros,2026
1581,162048,S14,5,5,ros,2026
1582,162112,S14,5,5,ros,2026
1583,162176,S14,5,5,ros,2026
1584,162240,S14,5,5,ros,2026
1585,162304,S14,5,5,ros,2026
1586,162368,S14,5,5,ros,2026
1587,162432,S14,5,5,ros,2026
1588,162496,S14,5,7,ros,2026
1589,162560,S14,5,4,ros,2026
1590,162624,S14,5,5,ros,2026
1591,162688,S14,5,5,ros,2026
1592,162752,S14,5,5,ros,2026
1593,162816,S14,5,5,ros,2026
1594,162880,S14,5,7,ros,2026
1595,162944,S14,5,7,ros,2026
1596,163008,S14,5,5,ros,2026
1597,163072,S14,5,5,ros,2026
1598,163136,S14,5,5,ros,2026
1599,163200,S14,5,5,ros,2026
1600,163264,S14,5,5,ros,2026
1601,163328,S14,5,4,ros,2026
1602,163392,S14,5,5,ros,2026
1603,163456,S14,5,5,ros,2026
1604,163520,S14,5,4,ros,2026
1605,163584,S14,5,5,ros,2026
1606,163648,S14,5,5,ros,2026
1607,163712,S14,5,4,ros,2026
1608,163776,S14,5,4,ros,2026
1609,163840,S14,5,5,ros,2026
1610,163904,S14,5,5,ros,2026
1611,163968,S14,5,5,ros,2026
1612,164032,S14,5,4,ros,2026
1613,164096,S14,5,5,ros,2026
1614,164160,S14,5,5,ros,2026
1615,164224,S14,5,5,ros,2026
1616,164288,S14,5,5,ros,2026
1617,164352,S14,5,2,ros,2026
1618,164416,S14,5,5,ros,2026
1619,164480,S14,5,5,ros,2026
1620,164544,S14,5,5,ros,2026
1621,164608,S14,5,5,ros,2026
1622,164672,S14,5,5,ros,2026
1623,164736,S14,5,5,ros,2026
1624,164800,S14,5,5,ros,2026
1625,164864,S14,5,5,ros,2026
1626,164928,S14,5,5,ros,2026
1627,164992,S14,5,5,ros,2026
1628,165056,S14,5,5,ros,2026
1629,165120,S14,5,5,ros,2026
1630,165184,S14,5,5,ros,2026
1631,165248,S14,5,5,ros,2026
1632,165312,S14,5,5,ros,2026
1633,165376,S14,5,5,ros,2026
1634,165440,S14,5,5,ros,2026
1635,165504,S14,5,5,ros,2026
1636,165568,S14,5,5,ros,2026
1637,165632,S14,5,5,ros,2026
1638,165696,S14,5,5,ros,2026
1639,165760,S14,5,5,ros,2026
1640,165824,S14,5,5,ros,2026
1641,165888,S14,5,5,ros,2026
1642,165952,S14,5,5,ros,2026
1643,166016,S14,5,5,ros,2026
1644,166080,S14,5,4,ros,2026
1645,166144,S14,5,5,ros,2026
1646,166208,S14,5,5,ros,2026
1647,166272,S14,5,5,ros,2026
1648,166336,S14,5,7,ros,2026
1649,166400,S14,5,5,ros,2026
1650,166464,S14,5,5,ros,2026
1651,166528,S14,5,5,ros,2026
1652,166592,S14,5,5,ros,2026
1653,166656,S14,5,5,ros,2026
1654,166720,S14,5,4,ros,2026
1655,166784,S14,5,5,ros,2026
1656,166848,S14,5,7,ros,2026
1657,166912,S14,5,4,ros,2026
1658,166976,S14,5,5,ros,2026
1659,167040,S14,5,5,ros,2026
1660,167104,S14,5,5,ros,2026
1661,167168,S14,5,5,ros,2026
1662,167232,S14,5,0,ros,2026
1663,167296,S14,5,5,ros,2026
1664,167360,S14,5,5,ros,2026
1665,167424,S14,5,5,ros,2026
1666,167488,S14,5,7,ros,2026
1667,167552,S14,5,5,ros,2026
1668,167616,S14,5,5,ros,2026
1669,167680,S14,5,4,ros,2026
1670,167744,S14,5,5,ros,2026
1671,167808,S14,5,5,ros,2026
1672,167872,S14,5,5,ros,2026
1673,167936,S14,5,7,ros,2026
1674,168000,S14,5,5,ros,2026
1675,168064,S14,5,0,ros,2026
1676,168128,S14,5,5,ros,2026
1677,168192,S14,5,5,ros,2026
1678,168256,S14,5,4,ros,2026
1679,168320,S14,5,5,ros,2026
1680,168384,S14,5,7,ros,2026
1681,168448,S14,5,7,ros,2026
1682,168512,S14,5,0,ros,2026
1683,168576,S14,5,5,ros,2026
1684,168640,S14,5,0,ros,2026
1685,168704,S14,5,5,ros,2026
1686,168768,S14,5,5,ros,2026
1687,168832,S14,5,5,ros,2026
1688,168896,S14,5,5,ros,2026
1689,168960,S14,5,0,ros,2026
1690,169024,S14,5,5,ros,2026
1691,169088,S14,5,5,ros,2026
1692,169152,S14,5,5,ros,2026
1693,169216,S14,5,7,ros,2026
1694,169280,S14,5,7,ros,2026
1695,169344,S14,5,0,ros,2026
1696,169408,S14,5,7,ros,2026
1697,169472,S14,5,4,ros,2026
1698,169536,S14,5,5,ros,2026
1699,169600,S14,5,4,ros,2026
1700,169664,S14,5,5,ros,2026
1701,169728,S14,5,5,ros,2026
1702,169792,S14,5,7,ros,2026
1703,169856,S14,5,5,ros,2026
1704,169920,S14,5,5,ros,2026
1705,169984,S14,5,5,ros,2026
1706,170048,S14,5,7,ros,2026
1707,170112,S14,5,5,ros,2026
1708,170176,S14,5,5,ros,2026
1709,170240,S14,5,5,ros,2026
1710,170304,S14,5,5,ros,2026
1711,170368,S14,5,5,ros,2026
1712,170432,S14,5,5,ros,2026
1713,170496,S14,5,5,ros,2026
1714,170560,S14,5,5,ros,2026
1715,170624,S14,5,5,ros,2026
1716,170688,S14,5,5,ros,2026
1717,170752,S14,5,5,ros,2026
1718,170816,S14,5,7,ros,2026
1719,170880,S14,5,5,ros,2026
1720,170944,S14,5,7,ros,2026
1721,171008,S14,5,5,ros,2026
1722,171072,S14,5,5,ros,2026
1723,171136,S14,5,5,ros,2026
1724,171200,S14,5,5,ros,2026
1725,171264,S14,5,7,ros,2026
1726,171328,S14,5,7,ros,2026
1727,171392,S14,5,5,ros,2026
1728,171456,S14,5,5,ros,2026
1729,171520,S14,5,2,ros,2026
1730,171584,S14,5,5,ros,2026
1731,171648,S14,5,5,ros,2026
1732,171712,S14,5,5,ros,2026
1733,171776,S14,5,0,ros,2026
1734,171840,S14,5,5,ros,2026
1735,171904,S14,5,5,ros,2026
1736,171968,S14,5,5,ros,2026
1737,172032,S14,5,5,ros,2026
1738,172096,S14,5,0,ros,2026
1739,172160,S14,5,5,ros,2026
1740,172224,S14,5,5,ros,2026
1741,172288,S14,5,7,ros,2026
1742,172352,S14,5,4,ros,2026
1743,172416,S14,5,5,ros,2026
1744,172480,S14,5,4,ros,2026
1745,172544,S14,5,5,ros,2026
1746,172608,S14,5,7,ros,2026
1747,172672,S14,5,4,ros,2026
1748,172736,S14,5,5,ros,2026
1749,172800,S14,5,5,ros,2026
1750,172864,S14,5,5,ros,2026
1751,172928,S14,5,5,ros,2026
1752,172992,S14,5,5,ros,2026
1753,173056,S14,5,5,ros,2026
1754,173120,S14,5,5,ros,2026
1755,173184,S14,5,5,ros,2026
1756,173248,S14,5,7,ros,2026
1757,173312,S14,5,5,ros,2026
1758,173376,S14,5,7,ros,2026
1759,173440,S14,5,5,ros,2026
1760,173504,S14,5,5,ros,2026
1761,173568,S14,5,5,ros,2026
1762,173632,S14,5,7,ros,2026
1763,173696,S14,5,0,ros,2026
1764,173760,S14,5,7,ros,2026
1765,173824,S14,5,0,ros,2026
1766,173888,S14,5,5,ros,2026
1767,173952,S14,5,5,ros,2026
1768,174016,S14,5,5,ros,2026
1769,174080,S14,5,4,ros,2026
1770,174144,S14,5,7,ros,2026
1771,174208,S14,5,5,ros,2026
1772,174272,S14,5,5,ros,2026
1773,174336,S14,5,5,ros,2026
1774,174400,S14,5,4,ros,2026
1775,174464,S14,5,5,ros,2026
1776,174528,S14,5,5,ros,2026
1777,174592,S14,5,5,ros,2026
1778,174656,S14,5,5,ros,2026
1779,174720,S14,5,5,ros,2026
1780,174784,S14,5,0,ros,2026
1781,174848,S14,5,5,ros,2026
1782,174912,S14,5,5,ros,2026
1783,174976,S14,5,5,ros,2026
1784,175040,S14,5,5,ros,2026
1785,175104,S14,5,5,ros,2026
1786,175168,S14,5,5,ros,2026
1787,175232,S14,5,5,ros,2026
1788,175296,S14,5,7,ros,2026
1789,175360,S14,5,5,ros,2026
1790,175424,S14,5,5,ros,2026
1791,175488,S14,5,7,ros,2026
1792,175552,S14,5,4,ros,2026
1793,175616,S14,5,5,ros,2026
1794,175680,S14,5,4,ros,2026
1795,175744,S14,5,5,ros,2026
1796,175808,S14,5,5,ros,2026
1797,175872,S14,5,5,ros,2026
1798,175936,S14,5,5,ros,2026
1799,176000,S14,5,5,ros,2026
1800,176064,S14,5,0,ros,2026
1801,176128,S14,5,5,ros,2026
1802,176192,S14,5,0,ros,2026
1803,176256,S14,5,5,ros,2026
1804,176320,S14,5,5,ros,2026
1805,176384,S14,5,5,ros,2026
1806,176448,S14,5,5,ros,2026
1807,176512,S14,5,5,ros,2026
1808,176576,S14,5,5,ros,2026
1809,176640,S14,5,7,ros,2026
1810,176704,S14,5,5,ros,2026
1811,176768,S14,5,5,ros,2026
1812,176832,S14,5,5,ros,2026
1813,176896,S14,5,4,ros,2026
1814,176960,S14,5,5,ros,2026
1815,177024,S14,5,7,ros,2026
1816,177088,S14,5,5,ros,2026
1817,177152,S14,5,5,ros,2026
1818,177216,S14,5,5,ros,2026
1819,177280,S14,5,5,ros,2026
1820,177344,S14,5,2,ros,2026
1821,177408,S14,5,5,ros,2026
1822,177472,S14,5,5,ros,2026
1823,177536,S14,5,5,ros,2026
1824,177600,S14,5,4,ros,2026
1825,177664,S14,5,7,ros,2026
1826,177728,S14,5,5,ros,2026
1827,177792,S14,5,5,ros,2026
1828,177856,S14,5,5,ros,2026
1829,177920,S14,5,5,ros,2026
1830,177984,S14,5,5,ros,2026
1831,178048,S14,5,5,ros,2026
1832,178112,S14,5,5,ros,2026
1833,178176,S14,5,5,ros,2026
1834,178240,S14,5,5,ros,2026
1835,178304,S14,5,5,ros,2026
1836,178368,S14,5,5,ros,2026
1837,178432,S14,5,5,ros,2026
1838,178496,S14,5,5,ros,2026
1839,178560,S14,5,5,ros,2026
1840,178624,S14,5,4,ros,2026
1841,178688,S14,5,7,ros,2026
1842,178752,S14,5,7,ros,2026
1843,178816,S14,5,5,ros,2026
1844,178880,S14,5,5,ros,2026
1845,178944,S14,5,5,ros,2026
1846,179008,S14,5,5,ros,2026
1847,179072,S14,5,5,ros,2026
1848,179136,S14,5,5,ros,2026
1849,179200,S14,5,5,ros,2026
1850,179264,S14,5,5,ros,2026
1851,179328,S14,5,5,ros,2026
1852,179392,S14,5,7,ros,2026
1853,179456,S14,5,4,ros,2026
1854,179520,S14,5,5,ros,2026
1855,179584,S14,5,4,ros,2026
1856,179648,S14,5,5,ros,2026
1857,179712,S14,5,5,ros,2026
1858,179776,S14,5,5,ros,2026
1859,179840,S14,5,5,ros,2026
1860,179904,S14,5,5,ros,2026
1861,179968,S14,5,5,ros,2026
1862,180032,S14,5,5,ros,2026
1863,180096,S14,5,5,ros,2026
1864,180160,S14,5,5,ros,2026
1865,180224,S14,5,5,ros,2026
1866,180288,S14,5,7,ros,2026
1867,180352,S14,5,0,ros,2026
1868,180416,S14,5,5,ros,2026
1869,180480,S14,5,5,ros,2026
1870,180544,S14,5,5,ros,2026
1871,180608,S14,5,5,ros,2026
1872,180672,S14,5,5,ros,2026
1873,180736,S14,5,5,ros,2026
1874,180800,S14,5,5,ros,2026
1875,180864,S14,5,5,ros,2026
1876,180928,S14,5,5,ros,2026
1877,180992,S14,5,5,ros,2026
1878,181056,S14,5,5,ros,2026
1879,181120,S14,5,5,ros,2026
1880,181184,S14,5,7,ros,2026
1881,181248,S14,5,5,ros,2026
1882,181312,S14,5,5,ros,2026
1883,181376,S14,5,5,ros,2026
1884,181440,S14,5,5,ros,2026
1885,181504,S14,5,5,ros,2026
1886,181568,S14,5,5,ros,2026
1887,181632,S14,5,7,ros,2026
1888,181696,S14,5,5,ros,2026
1889,181760,S14,5,5,ros,2026
1890,181824,S14,5,5,ros,2026
1891,181888,S14,5,5,ros,2026
1892,181952,S14,5,5,ros,2026
1893,182016,S14,5,5,ros,2026
1894,182080,S14,5,7,ros,2026
1895,182144,S14,5,0,ros,2026
1896,182208,S14,5,4,ros,2026
1897,182272,S14,5,5,ros,2026
1898,182336,S14,5,5,ros,2026
1899,182400,S14,5,5,ros,2026
1900,182464,S14,5,0,ros,2026
1901,182528,S14,5,5,ros,2026
1902,182592,S14,5,7,ros,2026
1903,182656,S14,5,7,ros,2026
1904,182720,S14,5,5,ros,2026
1905,182784,S14,5,5,ros,2026
1906,182848,S14,5,5,ros,2026
1907,182912,S14,5,5,ros,2026
1908,182976,S14,5,5,ros,2026
1909,183040,S14,5,5,ros,2026
1910,183104,S14,5,4,ros,2026
1911,183168,S14,5,7,ros,2026
1912,183232,S14,5,5,ros,2026
1913,183296,S14,5,5,ros,2026
1914,183360,S14,5,5,ros,2026
1915,183424,S14,5,4,ros,2026
1916,183488,S14,5,5,ros,2026
1917,183552,S14,5,5,ros,2026
1918,183616,S14,5,4,ros,2026
1919,183680,S14,5,5,ros,2026
1920,183744,S14,5,5,ros,2026
1921,183808,S14,5,5,ros,2026
1922,183872,S14,5,5,ros,2026
1923,183936,S14,5,5,ros,2026
1924,184000,S14,5,5,ros,2026
1925,184064,S14,5,5,ros,2026
1926,184128,S14,5,5,ros,2026
1927,184192,S14,5,7,ros,2026
1928,184256,S14,5,7,ros,2026
1929,184320,S14,5,5,ros,2026
1930,184384,S14,5,7,ros,2026
1931,184448,S14,5,5,ros,2026
1932,184512,S14,5,5,ros,2026
1933,184576,S14,5,5,ros,2026
1934,184640,S14,5,5,ros,2026
1935,184704,S14,5,5,ros,2026
1936,184768,S14,5,4,ros,2026
1937,184832,S14,5,5,ros,2026
1938,184896,S14,5,5,ros,2026
1939,184960,S14,5,7,ros,2026
1940,185024,S14,5,5,ros,2026
1941,185088,S14,5,5,ros,2026
1942,185152,S14,5,0,ros,2026
1943,185216,S14,5,5,ros,2026
1944,185280,S14,5,5,ros,2026
1945,185344,S14,5,7,ros,2026
1946,185408,S14,5,5,ros,2026
1947,185472,S14,5,5,ros,2026
1948,185536,S14,5,4,ros,2026
1949,185600,S14,5,5,ros,2026
1950,185664,S14,5,5,ros,2026
1951,185728,S14,5,5,ros,2026
1952,185792,S14,5,0,ros,2026
1953,185856,S14,5,5,ros,2026
1954,185920,S14,5,5,ros,2026
1955,185984,S14,5,5,ros,2026
1956,186048,S14,5,5,ros,2026
1957,186112,S14,5,7,ros,2026
1958,186176,S14,5,5,ros,2026
1959,186240,S14,5,7,ros,2026
1960,186304,S14,5,4,ros,2026
1961,186368,S14,5,0,ros,2026
1962,186432,S14,5,7,ros,2026
1963,186496,S14,5,5,ros,2026
1964,186560,S14,5,7,ros,2026
1965,186624,S14,5,7,ros,2026
1966,186688,S14,5,5,ros,2026
1967,186752,S14,5,7,ros,2026
1968,186816,S14,5,0,ros,2026
1969,186880,S14,5,5,ros,2026
1970,186944,S14,5,5,ros,2026
1971,187008,S14,5,5,ros,2026
1972,187072,S14,5,7,ros,2026
1973,187136,S14,5,7,ros,2026
1974,187200,S14,5,5,ros,2026
1975,187264,S14,5,5,ros,2026
1976,187328,S14,5,5,ros,2026
1977,187392,S14,5,5,ros,2026
1978,187456,S14,5,5,ros,2026
1979,187520,S14,5,5,ros,2026
1980,187584,S14,5,2,ros,2026
1981,187648,S14,5,2,ros,2026
1982,187712,S14,5,5,ros,2026
1983,187776,S14,5,7,ros,2026
1984,187840,S14,5,5,ros,2026
1985,187904,S14,5,5,ros,2026
1986,187968,S14,5,5,ros,2026
1987,188032,S14,5,5,ros,2026
1988,188096,S14,5,5,ros,2026
1989,188160,S14,5,5,ros,2026
1990,188224,S14,5,7,ros,2026
1991,188288,S14,5,5,ros,2026
1992,188352,S14,5,5,ros,2026
1993,188416,S14,5,4,ros,2026
1994,188480,S14,5,5,ros,2026
1995,188544,S14,5,5,ros,2026
1996,188608,S14,5,5,ros,2026
1997,188672,S14,5,4,ros,2026
1998,188736,S14,5,7,ros,2026
1999,188800,S14,5,4,ros,2026
2000,188864,S14,5,0,ros,2026
2001,188928,S14,5,5,ros,2026
2002,188992,S14,5,5,ros,2026
2003,189056,S14,5,5,ros,2026
2004,189120,S14,5,5,ros,2026
2005,189184,S14,5,5,ros,2026
2006,189248,S14,5,5,ros,2026
2007,189312,S14,5,5,ros,2026
2008,189376,S14,5,0,ros,2026
2009,189440,S14,5,5,ros,2026
2010,189504,S14,5,5,ros,2026
2011,189568,S14,5,5,ros,2026
2012,189632,S14,5,4,ros,2026
2013,189696,S14,5,4,ros,2026
2014,189760,S14,5,7,ros,2026
2015,189824,S14,5,4,ros,2026
2016,189888,S14,5,5,ros,2026
2017,189952,S14,5,5,ros,2026
2018,190016,S14,5,5,ros,2026
2019,190080,S14,5,5,ros,2026
2020,190144,S14,5,5,ros,2026
2021,190208,S14,5,7,ros,2026
2022,190272,S14,5,5,ros,2026
2023,190336,S14,5,5,ros,2026
2024,190400,S14,5,5,ros,2026
2025,190464,S14,5,5,ros,2026
2026,190528,S14,5,5,ros,2026
2027,190592,S14,5,5,ros,2026
2028,190656,S14,5,7,ros,2026
2029,190720,S14,5,7,ros,2026
2030,190784,S14,5,5,ros,2026
2031,190848,S14,5,5,ros,2026
2032,190912,S14,5,4,ros,2026
2033,190976,S14,5,4,ros,2026
2034,191040,S14,5,5,ros,2026
2035,191104,S14,5,5,ros,2026
2036,191168,S14,5,5,ros,2026
2037,191232,S14,5,5,ros,2026
2038,191296,S14,5,4,ros,2026
2039,191360,S14,5,5,ros,2026
2040,191424,S14,5,5,ros,2026
2041,191488,S14,5,5,ros,2026
2042,191552,S14,5,5,ros,2026
2043,191616,S14,5,0,ros,2026
2044,191680,S14,5,5,ros,2026
2045,191744,S14,5,5,ros,2026
2046,191808,S14,5,5,ros,2026
2047,191872,S14,5,5,ros,2026
2048,191936,S14,5,5,ros,2026
2049,192000,S14,5,2,ros,2026
2050,192064,S14,5,2,ros,2026
2051,192128,S14,5,4,ros,2026
2052,192192,S14,5,5,ros,2026
2053,192256,S14,5,5,ros,2026
2054,192320,S14,5,5,ros,2026
2055,192384,S14,5,2,ros,2026
2056,192448,S14,5,5,ros,2026
2057,192512,S14,5,2,ros,2026
2058,192576,S14,5,5,ros,2026
2059,192640,S14,5,5,ros,2026
2060,192704,S14,5,5,ros,2026
2061,192768,S14,5,5,ros,2026
2062,192832,S14,5,5,ros,2026
2063,192896,S14,5,5,ros,2026
2064,192960,S14,5,4,ros,2026
2065,193024,S14,5,7,ros,2026
2066,193088,S14,5,2,ros,2026
2067,193152,S14,5,5,ros,2026
2068,193216,S14,5,5,ros,2026
2069,193280,S14,5,5,ros,2026
2070,193344,S14,5,5,ros,2026
2071,193408,S14,5,0,ros,2026
2072,193472,S14,5,5,ros,2026
2073,193536,S14,5,7,ros,2026
2074,193600,S14,5,0,ros,2026
2075,193664,S14,5,5,ros,2026
2076,193728,S14,5,5,ros,2026
2077,193792,S14,5,5,ros,2026
2078,193856,S14,5,5,ros,2026
2079,193920,S14,5,5,ros,2026
2080,193984,S14,5,7,ros,2026
2081,194048,S14,5,7,ros,2026
2082,194112,S14,5,5,ros,2026
2083,194176,S14,5,5,ros,2026
2084,194240,S14,5,5,ros,2026
2085,194304,S14,5,5,ros,2026
2086,194368,S14,5,5,ros,2026
2087,194432,S14,5,0,ros,2026
2088,194496,S14,5,2,ros,2026
2089,194560,S14,5,5,ros,2026
2090,194624,S14,5,0,ros,2026
2091,194688,S14,5,0,ros,2026
2092,194752,S14,5,5,ros,2026
2093,194816,S14,5,7,ros,2026
2094,194880,S14,5,0,ros,2026
2095,194944,S14,5,5,ros,2026
2096,195008,S14,5,5,ros,2026
2097,195072,S14,5,5,ros,2026
2098,195136,S14,5,5,ros,2026
2099,195200,S14,5,5,ros,2026
2100,195264,S14,5,4,ros,2026
2101,195328,S14,5,5,ros,2026
2102,195392,S14,5,5,ros,2026
2103,195456,S14,5,4,ros,2026
2104,195520,S14,5,7,ros,2026
2105,195584,S14,5,5,ros,2026
2106,195648,S14,5,5,ros,2026
2107,195712,S14,5,5,ros,2026
2108,195776,S14,5,5,ros,2026
2109,195840,S14,5,5,ros,2026
2110,195904,S14,5,5,ros,2026
2111,195968,S14,5,7,ros,2026
2112,196032,S14,5,7,ros,2026
2113,196096,S14,5,4,ros,2026
2114,196160,S14,5,4,ros,2026
2115,196224,S14,5,5,ros,2026
2116,196288,S14,5,5,ros,2026
2117,196352,S14,5,5,ros,2026
2118,196416,S14,5,5,ros,2026
2119,196480,S14,5,7,ros,2026
2120,196544,S14,5,5,ros,2026
2121,196608,S14,5,5,ros,2026
2122,196672,S14,5,5,ros,2026
2123,196736,S14,5,5,ros,2026
2124,196800,S14,5,5,ros,2026
2125,196864,S14,5,5,ros,2026
2126,196928,S14,5,5,ros,2026
2127,196992,S14,5,5,ros,2026
2128,197056,S14,5,5,ros,2026
2129,197120,S14,5,0,ros,2026
2130,197184,S14,5,0,ros,2026
2131,197248,S14,5,5,ros,2026
2132,197312,S14,5,5,ros,2026
2133,197376,S14,5,5,ros,2026
2134,197440,S14,5,5,ros,2026
2135,197504,S14,5,5,ros,2026
2136,197568,S14,5,5,ros,2026
2137,197632,S14,5,5,ros,2026
2138,197696,S14,5,5,ros,2026
2139,197760,S14,5,5,ros,2026
2140,197824,S14,5,4,ros,2026
2141,197888,S14,5,2,ros,2026
2142,197952,S14,5,5,ros,2026
2143,198016,S14,5,5,ros,2026
2144,198080,S14,5,7,ros,2026
2145,198144,S14,5,5,ros,2026
2146,198208,S14,5,5,ros,2026
2147,198272,S14,5,5,ros,2026
2148,198336,S14,5,0,ros,2026
2149,198400,S14,5,5,ros,2026
2150,198464,S14,5,5,ros,2026
2151,198528,S14,5,5,ros,2026
2152,198592,S14,5,5,ros,2026
2153,198656,S14,5,5,ros,2026
2154,198720,S14,5,5,ros,2026
2155,198784,S14,5,7,ros,2026
2156,198848,S14,5,5,ros,2026
2157,198912,S14,5,5,ros,2026
2158,198976,S14,5,5,ros,2026
2159,199040,S14,5,5,ros,2026
2160,199104,S14,5,5,ros,2026
2161,199168,S14,5,5,ros,2026
2162,199232,S14,5,5,ros,2026
2163,199296,S14,5,5,ros,2026
2164,199360,S14,5,5,ros,2026
2165,199424,S14,5,5,ros,2026
2166,199488,S14,5,5,ros,2026
2167,199552,S14,5,7,ros,2026
2168,199616,S14,5,5,ros,2026
2169,199680,S14,5,2,ros,2026
2170,199744,S14,5,5,ros,2026
2171,199808,S14,5,5,ros,2026
2172,199872,S14,5,5,ros,2026
2173,199936,S14,5,5,ros,2026
2174,200000,S14,5,5,ros,2026
2175,200064,S14,5,5,ros,2026
2176,200128,S14,5,0,ros,2026
2177,200192,S14,5,7,ros,2026
2178,200256,S14,5,5,ros,2026
2179,200320,S14,5,5,ros,2026
2180,200384,S14,5,5,ros,2026
2181,200448,S14,5,5,ros,2026
2182,200512,S14,5,4,ros,2026
2183,200576,S14,5,0,ros,2026
2184,200640,S14,5,0,ros,2026
2185,200704,S14,5,5,ros,2026
2186,200768,S14,5,5,ros,2026
2187,200832,S14,5,5,ros,2026
2188,200896,S14,5,7,ros,2026
2189,200960,S14,5,5,ros,2026
2190,201024,S14,5,5,ros,2026
2191,201088,S14,5,7,ros,2026
2192,201152,S14,5,5,ros,2026
2193,201216,S14,5,5,ros,2026
2194,201280,S14,5,5,ros,2026
2195,201344,S14,5,7,ros,2026
2196,201408,S14,5,5,ros,2026
2197,201472,S14,5,5,ros,2026
2198,201536,S14,5,5,ros,2026
2199,201600,S14,5,5,ros,2026
2200,201664,S14,5,5,ros,2026
2201,201728,S14,5,5,ros,2026
2202,201792,S14,5,7,ros,2026
2203,201856,S14,5,5,ros,2026
2204,201920,S14,5,0,ros,2026
2205,201984,S14,5,5,ros,2026
2206,202048,S14,5,7,ros,2026
2207,202112,S14,5,5,ros,2026
2208,202176,S14,5,5,ros,2026
2209,202240,S14,5,5,ros,2026
2210,202304,S14,5,5,ros,2026
2211,202368,S14,5,5,ros,2026
2212,202432,S14,5,5,ros,2026
2213,202496,S14,5,5,ros,2026
2214,202560,S14,5,4,ros,2026
2215,202624,S14,5,5,ros,2026
2216,202688,S14,5,0,ros,2026
2217,202752,S14,5,5,ros,2026
2218,202816,S14,5,5,ros,2026
2219,202880,S14,5,5,ros,2026
2220,202944,S14,5,5,ros,2026
2221,203008,S14,5,5,ros,2026
2222,203072,S14,5,4,ros,2026
2223,203136,S14,5,7,ros,2026
2224,203200,S14,5,5,ros,2026
2225,203264,S14,5,5,ros,2026
2226,203328,S14,5,5,ros,2026
2227,203392,S14,5,5,ros,2026
2228,203456,S14,5,0,ros,2026
2229,203520,S14,5,5,ros,2026
2230,203584,S14,5,5,ros,2026
2231,203648,S14,5,5,ros,2026
2232,203712,S14,5,5,ros,2026
2233,203776,S14,5,4,ros,2026
2234,203840,S14,5,5,ros,2026
2235,203904,S14,5,5,ros,2026
2236,203968,S14,5,4,ros,2026
2237,204032,S14,5,5,ros,2026
2238,204096,S14,5,5,ros,2026
2239,204160,S14,5,4,ros,2026
2240,204224,S14,5,5,ros,2026
2241,204288,S14,5,5,ros,2026
2242,204352,S14,5,5,ros,2026
2243,204416,S14,5,7,ros,2026
2244,204480,S14,5,5,ros,2026
2245,204544,S14,5,5,ros,2026
2246,204608,S14,5,5,ros,2026
2247,204672,S14,5,5,ros,2026
2248,204736,S14,5,7,ros,2026
2249,204800,S14,5,5,ros,2026
2250,204864,S14,5,4,ros,2026
2251,204928,S14,5,4,ros,2026
2252,204992,S14,5,5,ros,2026
2253,205056,S14,5,5,ros,2026
2254,205120,S14,5,5,ros,2026
2255,205184,S14,5,7,ros,2026
2256,205248,S14,5,4,ros,2026
2257,205312,S14,5,4,ros,2026
2258,205376,S14,5,5,ros,2026
2259,205440,S14,5,7,ros,2026
2260,205504,S14,5,7,ros,2026
2261,205568,S14,5,7,ros,2026
2262,205632,S14,5,5,ros,2026
2263,205696,S14,5,5,ros,2026
2264,205760,S14,5,5,ros,2026
2265,205824,S14,5,7,ros,2026
2266,205888,S14,5,7,ros,2026
2267,205952,S14,5,5,ros,2026
2268,206016,S14,5,5,ros,2026
2269,206080,S14,5,4,ros,2026
2270,206144,S14,5,5,ros,2026
2271,206208,S14,5,5,ros,2026
2272,206272,S14,5,5,ros,2026
2273,206336,S14,5,5,ros,2026
2274,206400,S14,5,5,ros,2026
2275,206464,S14,5,5,ros,2026
2276,206528,S14,5,5,ros,2026
2277,206592,S14,5,5,ros,2026
2278,206656,S14,5,5,ros,2026
2279,206720,S14,5,7,ros,2026
2280,206912,S14,6,5,ros,2026
2281,206976,S14,6,5,ros,2026
2282,207040,S14,6,5,ros,2026
2283,207104,S14,6,1,ros,2026
2284,207168,S14,6,2,ros,2026
2285,207232,S14,6,6,ros,2026
2286,207296,S14,6,5,ros,2026
2287,207360,S14,6,5,ros,2026
2288,207424,S14,6,6,ros,2026
2289,207488,S14,6,1,ros,2026
2290,207552,S14,6,1,ros,2026
2291,207616,S14,6,6,ros,2026
2292,207680,S14,6,5,ros,2026
2293,207744,S14,6,5,ros,2026
2294,207808,S14,6,5,ros,2026
2295,207872,S14,6,5,ros,2026
2296,207936,S14,6,5,ros,2026
2297,208000,S14,6,5,ros,2026
2298,208064,S14,6,5,ros,2026
2299,208128,S14,6,5,ros,2026
2300,208192,S14,6,5,ros,2026
2301,208256,S14,6,0,ros,2026
2302,208320,S14,6,5,ros,2026
2303,208384,S14,6,5,ros,2026
2304,208448,S14,6,5,ros,2026
2305,208512,S14,6,5,ros,2026
2306,208576,S14,6,5,ros,2026
2307,208640,S14,6,5,ros,2026
2308,208704,S14,6,5,ros,2026
2309,208768,S14,6,1,ros,2026
2310,208832,S14,6,5,ros,2026
2311,208896,S14,6,5,ros,2026
2312,208960,S14,6,5,ros,2026
2313,209024,S14,6,5,ros,2026
2314,209088,S14,6,5,ros,2026
2315,209152,S14,6,5,ros,2026
2316,209216,S14,6,1,ros,2026
2317,209280,S14,6,6,ros,2026
2318,209344,S14,6,6,ros,2026
2319,209408,S14,6,4,ros,2026
2320,209472,S14,6,5,ros,2026
2321,209536,S14,6,5,ros,2026
2322,209600,S14,6,5,ros,2026
2323,209664,S14,6,5,ros,2026
2324,209728,S14,6,5,ros,2026
2325,209792,S14,6,7,ros,2026
2326,209856,S14,6,0,ros,2026
2327,209920,S14,6,7,ros,2026
2328,209984,S14,6,1,ros,2026
2329,210048,S14,6,5,ros,2026
2330,210112,S14,6,5,ros,2026
2331,210176,S14,6,5,ros,2026
2332,210240,S14,6,0,ros,2026
2333,210304,S14,6,6,ros,2026
2334,210368,S14,6,1,ros,2026
2335,210432,S14,6,5,ros,2026
2336,210496,S14,6,5,ros,2026
2337,210560,S14,6,5,ros,2026
2338,210624,S14,6,2,ros,2026
2339,210688,S14,6,5,ros,2026
2340,210752,S14,6,1,ros,2026
2341,210816,S14,6,5,ros,2026
2342,210880,S14,6,5,ros,2026
2343,210944,S14,6,5,ros,2026
2344,211008,S14,6,5,ros,2026
2345,211072,S14,6,6,ros,2026
2346,211136,S14,6,5,ros,2026
2347,211200,S14,6,5,ros,2026
2348,211264,S14,6,5,ros,2026
2349,211328,S14,6,5,ros,2026
2350,211392,S14,6,6,ros,2026
2351,211456,S14,6,1,ros,2026
2352,211520,S14,6,5,ros,2026
2353,211584,S14,6,5,ros,2026
2354,211648,S14,6,5,ros,2026
2355,211712,S14,6,6,ros,2026
2356,211776,S14,6,6,ros,2026
2357,211840,S14,6,5,ros,2026
2358,211904,S14,6,5,ros,2026
2359,211968,S14,6,1,ros,2026
2360,212032,S14,6,5,ros,2026
2361,212096,S14,6,1,ros,2026
2362,212160,S14,6,5,ros,2026
2363,212224,S14,6,5,ros,2026
2364,212288,S14,6,6,ros,2026
2365,212352,S14,6,4,ros,2026
2366,212416,S14,6,4,ros,2026
2367,212480,S14,6,1,ros,2026
2368,212544,S14,6,6,ros,2026
2369,212608,S14,6,5,ros,2026
2370,212672,S14,6,4,ros,2026
2371,212736,S14,6,4,ros,2026
2372,212800,S14,6,2,ros,2026
2373,212864,S14,6,5,ros,2026
2374,212928,S14,6,0,ros,2026
2375,212992,S14,6,5,ros,2026
2376,213056,S14,6,5,ros,2026
2377,213120,S14,6,6,ros,2026
2378,213184,S14,6,5,ros,2026
2379,213248,S14,6,1,ros,2026
2380,213312,S14,6,0,ros,2026
2381,213376,S14,6,5,ros,2026
2382,213440,S14,6,5,ros,2026
2383,213504,S14,6,5,ros,2026
2384,213568,S14,6,5,ros,2026
2385,213632,S14,6,5,ros,2026
2386,213696,S14,6,5,ros,2026
2387,213760,S14,6,1,ros,2026
2388,213824,S14,6,5,ros,2026
2389,213888,S14,6,5,ros,2026
2390,213952,S14,6,5,ros,2026
2391,214016,S14,6,5,ros,2026
2392,214080,S14,6,5,ros,2026
2393,214144,S14,6,6,ros,2026
2394,214208,S14,6,6,ros,2026
2395,214272,S14,6,6,ros,2026
2396,214336,S14,6,0,ros,2026
2397,214400,S14,6,5,ros,2026
2398,214464,S14,6,5,ros,2026
2399,214528,S14,6,5,ros,2026
2400,214592,S14,6,5,ros,2026
2401,214656,S14,6,5,ros,2026
2402,214720,S14,6,1,ros,2026
2403,214784,S14,6,5,ros,2026
2404,214848,S14,6,5,ros,2026
2405,214912,S14,6,5,ros,2026
2406,214976,S14,6,5,ros,2026
2407,215040,S14,6,1,ros,2026
2408,215104,S14,6,0,ros,2026
2409,215168,S14,6,5,ros,2026
2410,215232,S14,6,5,ros,2026
2411,215296,S14,6,6,ros,2026
2412,215360,S14,6,4,ros,2026
2413,215424,S14,6,5,ros,2026
2414,215488,S14,6,5,ros,2026
2415,215552,S14,6,5,ros,2026
2416,215616,S14,6,5,ros,2026
2417,215680,S14,6,5,ros,2026
2418,215744,S14,6,1,ros,2026
2419,215808,S14,6,5,ros,2026
2420,215872,S14,6,2,ros,2026
2421,215936,S14,6,6,ros,2026
2422,216000,S14,6,5,ros,2026
2423,216064,S14,6,5,ros,2026
2424,216128,S14,6,5,ros,2026
2425,216192,S14,6,5,ros,2026
2426,216256,S14,6,6,ros,2026
2427,216320,S14,6,5,ros,2026
2428,216384,S14,6,6,ros,2026
2429,216448,S14,6,6,ros,2026
2430,216512,S14,6,1,ros,2026
2431,216576,S14,6,0,ros,2026
2432,216640,S14,6,5,ros,2026
2433,216704,S14,6,5,ros,2026
2434,216768,S14,6,5,ros,2026
2435,216832,S14,6,5,ros,2026
2436,216896,S14,6,6,ros,2026
2437,216960,S14,6,5,ros,2026
2438,217024,S14,6,5,ros,2026
2439,217088,S14,6,5,ros,2026
2440,217152,S14,6,5,ros,2026
2441,217216,S14,6,5,ros,2026
2442,217280,S14,6,5,ros,2026
2443,217344,S14,6,1,ros,2026
2444,217408,S14,6,5,ros,2026
2445,217472,S14,6,5,ros,2026
2446,217536,S14,6,5,ros,2026
2447,217600,S14,6,6,ros,2026
2448,217664,S14,6,5,ros,2026
2449,217728,S14,6,5,ros,2026
2450,217792,S14,6,5,ros,2026
2451,217856,S14,6,5,ros,2026
2452,217920,S14,6,6,ros,2026
2453,217984,S14,6,7,ros,2026
2454,218048,S14,6,5,ros,2026
2455,218112,S14,6,6,ros,2026
2456,218176,S14,6,5,ros,2026
2457,218240,S14,6,5,ros,2026
2458,218304,S14,6,5,ros,2026
2459,218368,S14,6,1,ros,2026
2460,218432,S14,6,5,ros,2026
2461,218496,S14,6,5,ros,2026
2462,218560,S14,6,5,ros,2026
2463,218624,S14,6,5,ros,2026
2464,218688,S14,6,6,ros,2026
2465,218752,S14,6,0,ros,2026
2466,218816,S14,6,5,ros,2026
2467,218880,S14,6,5,ros,2026
2468,218944,S14,6,5,ros,2026
2469,219008,S14,6,6,ros,2026
2470,219072,S14,6,6,ros,2026
2471,219136,S14,6,5,ros,2026
2472,219200,S14,6,5,ros,2026
2473,219264,S14,6,5,ros,2026
2474,219328,S14,6,5,ros,2026
2475,219392,S14,6,1,ros,2026
2476,219456,S14,6,1,ros,2026
2477,219520,S14,6,1,ros,2026
2478,219584,S14,6,6,ros,2026
2479,219648,S14,6,5,ros,2026
2480,219712,S14,6,0,ros,2026
2481,219776,S14,6,5,ros,2026
2482,219840,S14,6,5,ros,2026
2483,219904,S14,6,6,ros,2026
2484,219968,S14,6,4,ros,2026
2485,220032,S14,6,5,ros,2026
2486,220096,S14,6,6,ros,2026
2487,220160,S14,6,5,ros,2026
2488,220224,S14,6,5,ros,2026
2489,220288,S14,6,6,ros,2026
2490,220352,S14,6,4,ros,2026
2491,220416,S14,6,1,ros,2026
2492,220480,S14,6,1,ros,2026
2493,220544,S14,6,5,ros,2026
2494,220608,S14,6,5,ros,2026
2495,220672,S14,6,5,ros,2026
2496,220736,S14,6,2,ros,2026
2497,220800,S14,6,0,ros,2026
2498,220864,S14,6,5,ros,2026
2499,220928,S14,6,1,ros,2026
2500,220992,S14,6,5,ros,2026
2501,221056,S14,6,5,ros,2026
2502,221120,S14,6,7,ros,2026
2503,221184,S14,6,5,ros,2026
2504,221248,S14,6,5,ros,2026
2505,221312,S14,6,0,ros,2026
2506,221376,S14,6,5,ros,2026
2507,221440,S14,6,6,ros,2026
2508,221504,S14,6,2,ros,2026
2509,221568,S14,6,5,ros,2026
2510,221632,S14,6,5,ros,2026
2511,221696,S14,6,6,ros,2026
2512,221760,S14,6,5,ros,2026
2513,221824,S14,6,5,ros,2026
2514,221888,S14,6,5,ros,2026
2515,221952,S14,6,1,ros,2026
2516,222016,S14,6,5,ros,2026
2517,222080,S14,6,5,ros,2026
2518,222144,S14,6,1,ros,2026
2519,222208,S14,6,5,ros,2026
2520,222272,S14,6,1,ros,2026
2521,222336,S14,6,2,ros,2026
2522,222400,S14,6,5,ros,2026
2523,222464,S14,6,5,ros,2026
2524,222528,S14,6,0,ros,2026
2525,222592,S14,6,5,ros,2026
2526,222656,S14,6,5,ros,2026
2527,222720,S14,6,5,ros,2026
2528,222784,S14,6,5,ros,2026
2529,222848,S14,6,6,ros,2026
2530,222912,S14,6,5,ros,2026
2531,222976,S14,6,5,ros,2026
2532,223040,S14,6,5,ros,2026
2533,223104,S14,6,5,ros,2026
2534,223168,S14,6,4,ros,2026
2535,223232,S14,6,6,ros,2026
2536,223296,S14,6,5,ros,2026
2537,223360,S14,6,0,ros,2026
2538,223424,S14,6,5,ros,2026
2539,223488,S14,6,5,ros,2026
2540,223552,S14,6,1,ros,2026
2541,223616,S14,6,0,ros,2026
2542,223680,S14,6,5,ros,2026
2543,223744,S14,6,5,ros,2026
2544,223808,S14,6,5,ros,2026
2545,223872,S14,6,1,ros,2026
2546,223936,S14,6,5,ros,2026
2547,224000,S14,6,5,ros,2026
2548,224064,S14,6,1,ros,2026
2549,224128,S14,6,0,ros,2026
2550,224192,S14,6,5,ros,2026
2551,224256,S14,6,5,ros,2026
2552,224320,S14,6,5,ros,2026
2553,224384,S14,6,5,ros,2026
2554,224448,S14,6,5,ros,2026
2555,224512,S14,6,1,ros,2026
2556,224576,S14,6,5,ros,2026
2557,224640,S14,6,6,ros,2026
2558,224704,S14,6,5,ros,2026
2559,224768,S14,6,6,ros,2026
2560,224832,S14,6,1,ros,2026
2561,224896,S14,6,5,ros,2026
2562,224960,S14,6,5,ros,2026
2563,225024,S14,6,5,ros,2026
2564,225088,S14,6,5,ros,2026
2565,225152,S14,6,4,ros,2026
2566,225216,S14,6,5,ros,2026
2567,225280,S14,6,5,ros,2026
2568,225344,S14,6,5,ros,2026
2569,225408,S14,6,6,ros,2026
2570,225472,S14,6,5,ros,2026
2571,225536,S14,6,6,ros,2026
2572,225600,S14,6,5,ros,2026
2573,225664,S14,6,5,ros,2026
2574,225728,S14,6,1,ros,2026
2575,225792,S14,6,1,ros,2026
2576,225856,S14,6,5,ros,2026
2577,225920,S14,6,5,ros,2026
2578,225984,S14,6,6,ros,2026
2579,226048,S14,6,5,ros,2026
2580,226112,S14,6,5,ros,2026
2581,226176,S14,6,5,ros,2026
2582,226240,S14,6,5,ros,2026
2583,226304,S14,6,5,ros,2026
2584,226368,S14,6,5,ros,2026
2585,226432,S14,6,0,ros,2026
2586,228672,S14,7,0,ros,2026
2587,228736,S14,7,4,ros,2026
2588,228800,S14,7,7,ros,2026
2589,228864,S14,7,7,ros,2026
2590,228928,S14,7,7,ros,2026
2591,228992,S14,7,5,ros,2026
2592,229056,S14,7,7,ros,2026
2593,229120,S14,7,5,ros,2026
2594,229184,S14,7,5,ros,2026
2595,229248,S14,7,5,ros,2026
2596,229312,S14,7,4,ros,2026
2597,229376,S14,7,7,ros,2026
2598,229440,S14,7,5,ros,2026
2599,229504,S14,7,5,ros,2026
2600,229568,S14,7,0,ros,2026
2601,229632,S14,7,5,ros,2026
2602,229696,S14,7,5,ros,2026
2603,229760,S14,7,7,ros,2026
2604,229824,S14,7,7,ros,2026
2605,229888,S14,7,5,ros,2026
2606,229952,S14,7,5,ros,2026
2607,230016,S14,7,5,ros,2026
2608,230080,S14,7,5,ros,2026
2609,230144,S14,7,7,ros,2026
2610,230208,S14,7,5,ros,2026
2611,230272,S14,7,5,ros,2026
2612,230336,S14,7,4,ros,2026
2613,230400,S14,7,7,ros,2026
2614,230464,S14,7,5,ros,2026
2615,230528,S14,7,5,ros,2026
2616,230592,S14,7,5,ros,2026
2617,230656,S14,7,4,ros,2026
2618,230720,S14,7,5,ros,2026
2619,230784,S14,7,5,ros,2026
2620,230848,S14,7,5,ros,2026
2621,230912,S14,7,7,ros,2026
2622,230976,S14,7,7,ros,2026
2623,231040,S14,7,5,ros,2026
2624,231104,S14,7,5,ros,2026
2625,231168,S14,7,7,ros,2026
2626,231232,S14,7,5,ros,2026
2627,231296,S14,7,5,ros,2026
2628,231360,S14,7,2,ros,2026
2629,231424,S14,7,7,ros,2026
2630,231488,S14,7,0,ros,2026
2631,231552,S14,7,7,ros,2026
2632,231616,S14,7,5,ros,2026
2633,231680,S14,7,5,ros,2026
2634,231744,S14,7,5,ros,2026
2635,231808,S14,7,5,ros,2026
2636,231872,S14,7,7,ros,2026
2637,231936,S14,7,4,ros,2026
2638,232000,S14,7,4,ros,2026
2639,232064,S14,7,4,ros,2026
2640,232128,S14,7,5,ros,2026
2641,232192,S14,7,7,ros,2026
2642,232256,S14,7,5,ros,2026
2643,232320,S14,7,5,ros,2026
2644,232384,S14,7,7,ros,2026
2645,232448,S14,7,7,ros,2026
2646,232512,S14,7,5,ros,2026
2647,232576,S14,7,7,ros,2026
2648,232640,S14,7,7,ros,2026
2649,232704,S14,7,5,ros,2026
2650,232768,S14,7,4,ros,2026
2651,232832,S14,7,5,ros,2026
2652,232896,S14,7,4,ros,2026
2653,232960,S14,7,7,ros,2026
2654,233024,S14,7,7,ros,2026
2655,233088,S14,7,4,ros,2026
2656,233152,S14,7,7,ros,2026
2657,233216,S14,7,4,ros,2026
2658,233280,S14,7,5,ros,2026
2659,233344,S14,7,4,ros,2026
2660,233408,S14,7,5,ros,2026
2661,233472,S14,7,4,ros,2026
2662,233536,S14,7,5,ros,2026
2663,233600,S14,7,5,ros,2026
2664,233664,S14,7,4,ros,2026
2665,233728,S14,7,5,ros,2026
2666,233792,S14,7,7,ros,2026
2667,233856,S14,7,5,ros,2026
2668,233920,S14,7,4,ros,2026
2669,233984,S14,7,5,ros,2026
2670,234048,S14,7,4,ros,2026
2671,234112,S14,7,5,ros,2026
2672,234176,S14,7,5,ros,2026
2673,234240,S14,7,5,ros,2026
2674,234304,S14,7,7,ros,2026
2675,234368,S14,7,5,ros,2026
2676,234432,S14,7,5,ros,2026
2677,234496,S14,7,5,ros,2026
2678,234560,S14,7,5,ros,2026
2679,234624,S14,7,7,ros,2026
2680,234688,S14,7,5,ros,2026
2681,234752,S14,7,5,ros,2026
2682,234816,S14,7,5,ros,2026
2683,234880,S14,7,7,ros,2026
2684,234944,S14,7,5,ros,2026
2685,235008,S14,7,5,ros,2026
2686,235072,S14,7,5,ros,2026
2687,235136,S14,7,7,ros,2026
2688,235200,S14,7,5,ros,2026
2689,235264,S14,7,5,ros,2026
2690,235328,S14,7,5,ros,2026
2691,235392,S14,7,5,ros,2026
2692,235456,S14,7,5,ros,2026
2693,235520,S14,7,5,ros,2026
2694,235584,S14,7,7,ros,2026
2695,235648,S14,7,4,ros,2026
2696,235712,S14,7,7,ros,2026
2697,235776,S14,7,5,ros,2026
2698,235840,S14,7,5,ros,2026
2699,235904,S14,7,7,ros,2026
2700,235968,S14,7,7,ros,2026
2701,236032,S14,7,5,ros,2026
2702,236096,S14,7,7,ros,2026
2703,236160,S14,7,7,ros,2026
2704,236224,S14,7,7,ros,2026
2705,236288,S14,7,5,ros,2026
2706,236352,S14,7,5,ros,2026
2707,236416,S14,7,5,ros,2026
2708,236480,S14,7,5,ros,2026
2709,236544,S14,7,5,ros,2026
2710,236608,S14,7,5,ros,2026
2711,236672,S14,7,5,ros,2026
2712,236736,S14,7,5,ros,2026
2713,236800,S14,7,5,ros,2026
2714,236864,S14,7,5,ros,2026
2715,236928,S14,7,5,ros,2026
2716,236992,S14,7,5,ros,2026
2717,237056,S14,7,5,ros,2026
2718,237120,S14,7,5,ros,2026
2719,237184,S14,7,5,ros,2026
2720,237248,S14,7,7,ros,2026
2721,237312,S14,7,5,ros,2026
2722,237376,S14,7,2,ros,2026
2723,237440,S14,7,5,ros,2026
2724,237504,S14,7,5,ros,2026
2725,237568,S14,7,7,ros,2026
2726,237632,S14,7,5,ros,2026
2727,237696,S14,7,5,ros,2026
2728,237760,S14,7,5,ros,2026
2729,237824,S14,7,4,ros,2026
2730,237888,S14,7,5,ros,2026
2731,237952,S14,7,7,ros,2026
2732,238016,S14,7,5,ros,2026
2733,238080,S14,7,2,ros,2026
2734,238144,S14,7,7,ros,2026
2735,238208,S14,7,5,ros,2026
2736,238272,S14,7,5,ros,2026
2737,238336,S14,7,5,ros,2026
2738,238400,S14,7,5,ros,2026
2739,238464,S14,7,2,ros,2026
2740,238528,S14,7,5,ros,2026
2741,238592,S14,7,5,ros,2026
2742,238656,S14,7,5,ros,2026
2743,238720,S14,7,5,ros,2026
2744,238784,S14,7,7,ros,2026
2745,238848,S14,7,5,ros,2026
2746,238912,S14,7,5,ros,2026
2747,238976,S14,7,5,ros,2026
2748,239040,S14,7,5,ros,2026
2749,239104,S14,7,5,ros,2026
2750,239168,S14,7,5,ros,2026
2751,239232,S14,7,4,ros,2026
2752,239296,S14,7,4,ros,2026
2753,239360,S14,7,4,ros,2026
2754,239424,S14,7,7,ros,2026
2755,239488,S14,7,7,ros,2026
2756,239552,S14,7,7,ros,2026
2757,239616,S14,7,5,ros,2026
2758,239680,S14,7,5,ros,2026
2759,239744,S14,7,7,ros,2026
2760,239808,S14,7,7,ros,2026
2761,239872,S14,7,7,ros,2026
2762,239936,S14,7,7,ros,2026
2763,240000,S14,7,5,ros,2026
2764,240064,S14,7,7,ros,2026
2765,240128,S14,7,5,ros,2026
2766,240192,S14,7,5,ros,2026
2767,240256,S14,7,5,ros,2026
2768,240320,S14,7,4,ros,2026
2769,240384,S14,7,5,ros,2026
2770,240448,S14,7,5,ros,2026
2771,240512,S14,7,7,ros,2026
2772,240576,S14,7,7,ros,2026
2773,240640,S14,7,7,ros,2026
2774,240704,S14,7,5,ros,2026
2775,240768,S14,7,7,ros,2026
2776,240832,S14,7,4,ros,2026
2777,240896,S14,7,4,ros,2026
2778,240960,S14,7,4,ros,2026
2779,241024,S14,7,4,ros,2026
2780,241088,S14,7,4,ros,2026
2781,241152,S14,7,5,ros,2026
2782,241216,S14,7,5,ros,2026
2783,241280,S14,7,5,ros,2026
2784,241344,S14,7,7,ros,2026
2785,241408,S14,7,5,ros,2026
2786,241472,S14,7,7,ros,2026
2787,241536,S14,7,5,ros,2026
2788,241600,S14,7,5,ros,2026
2789,241664,S14,7,5,ros,2026
2790,241728,S14,7,5,ros,2026
2791,241792,S14,7,5,ros,2026
2792,241856,S14,7,5,ros,2026
2793,241920,S14,7,5,ros,2026
2794,241984,S14,7,5,ros,2026
2795,242048,S14,7,5,ros,2026
2796,242112,S14,7,7,ros,2026
2797,242176,S14,7,5,ros,2026
2798,242240,S14,7,7,ros,2026
2799,242304,S14,7,7,ros,2026
2800,242368,S14,7,7,ros,2026
2801,242432,S14,7,5,ros,2026
2802,242496,S14,7,7,ros,2026
2803,242560,S14,7,5,ros,2026
2804,242624,S14,7,5,ros,2026
2805,242688,S14,7,7,ros,2026
2806,242752,S14,7,4,ros,2026
2807,242816,S14,7,7,ros,2026
2808,242880,S14,7,5,ros,2026
2809,242944,S14,7,5,ros,2026
2810,243008,S14,7,5,ros,2026
2811,243072,S14,7,5,ros,2026
2812,243136,S14,7,5,ros,2026
2813,243200,S14,7,5,ros,2026
2814,243264,S14,7,4,ros,2026
2815,243328,S14,7,7,ros,2026
2816,243392,S14,7,7,ros,2026
2817,243456,S14,7,5,ros,2026
2818,243520,S14,7,5,ros,2026
2819,243584,S14,7,5,ros,2026
2820,243648,S14,7,5,ros,2026
2821,243712,S14,7,7,ros,2026
2822,243776,S14,7,5,ros,2026
2823,243840,S14,7,4,ros,2026
2824,243904,S14,7,5,ros,2026
2825,243968,S14,7,7,ros,2026
2826,244032,S14,7,5,ros,2026
2827,244096,S14,7,4,ros,2026
2828,244160,S14,7,5,ros,2026
2829,244224,S14,7,5,ros,2026
2830,244288,S14,7,5,ros,2026
2831,244352,S14,7,5,ros,2026
2832,244416,S14,7,5,ros,2026
2833,244480,S14,7,7,ros,2026
2834,244544,S14,7,5,ros,2026
2835,244608,S14,7,5,ros,2026
2836,244672,S14,7,5,ros,2026
2837,244736,S14,7,4,ros,2026
2838,244800,S14,7,7,ros,2026
2839,244864,S14,7,5,ros,2026
2840,244928,S14,7,2,ros,2026
2841,244992,S14,7,7,ros,2026
2842,245056,S14,7,7,ros,2026
2843,245120,S14,7,5,ros,2026
2844,245184,S14,7,7,ros,2026
2845,245248,S14,7,4,ros,2026
2846,245312,S14,7,0,ros,2026
2847,245376,S14,7,7,ros,2026
2848,245440,S14,7,5,ros,2026
2849,245504,S14,7,5,ros,2026
2850,245568,S14,7,7,ros,2026
2851,245632,S14,7,5,ros,2026
2852,245696,S14,7,5,ros,2026
2853,245760,S14,7,5,ros,2026
2854,245824,S14,7,5,ros,2026
2855,245888,S14,7,7,ros,2026
2856,245952,S14,7,5,ros,2026
2857,246016,S14,7,5,ros,2026
2858,246080,S14,7,4,ros,2026
2859,246144,S14,7,4,ros,2026
2860,246208,S14,7,2,ros,2026
2861,246272,S14,7,7,ros,2026
2862,246336,S14,7,5,ros,2026
2863,246400,S14,7,7,ros,2026
2864,246464,S14,7,7,ros,2026
2865,246528,S14,7,5,ros,2026
2866,246592,S14,7,5,ros,2026
2867,246656,S14,7,7,ros,2026
2868,246720,S14,7,4,ros,2026
2869,246784,S14,7,5,ros,2026
2870,246848,S14,7,4,ros,2026
2871,246912,S14,7,5,ros,2026
2872,246976,S14,7,5,ros,2026
2873,247040,S14,7,5,ros,2026
2874,247104,S14,7,7,ros,2026
2875,247168,S14,7,7,ros,2026
2876,247232,S14,7,5,ros,2026
2877,247296,S14,7,5,ros,2026
2878,247360,S14,7,5,ros,2026
2879,247424,S14,7,5,ros,2026
2880,247488,S14,7,7,ros,2026
2881,247552,S14,7,5,ros,2026
2882,247616,S14,7,7,ros,2026
2883,247680,S14,7,7,ros,2026
2884,247744,S14,7,7,ros,2026
2885,247808,S14,7,5,ros,2026
2886,247872,S14,7,7,ros,2026
2887,247936,S14,7,5,ros,2026
2888,248000,S14,7,7,ros,2026
2889,248064,S14,7,4,ros,2026
2890,248128,S14,7,7,ros,2026
2891,248192,S14,7,5,ros,2026
2892,248256,S14,7,5,ros,2026
2893,248320,S14,7,7,ros,2026
2894,248384,S14,7,5,ros,2026
2895,248448,S14,7,7,ros,2026
2896,248512,S14,7,5,ros,2026
2897,248576,S14,7,5,ros,2026
2898,248640,S14,7,5,ros,2026
2899,248704,S14,7,7,ros,2026
2900,248768,S14,7,5,ros,2026
2901,248832,S14,7,4,ros,2026
2902,248896,S14,7,5,ros,2026
2903,248960,S14,7,5,ros,2026
2904,249024,S14,7,5,ros,2026
2905,249088,S14,7,4,ros,2026
2906,249152,S14,7,4,ros,2026
2907,249216,S14,7,7,ros,2026
2908,249280,S14,7,7,ros,2026
2909,249344,S14,7,5,ros,2026
2910,249408,S14,7,5,ros,2026
2911,249472,S14,7,5,ros,2026
2912,249536,S14,7,5,ros,2026
2913,249600,S14,7,0,ros,2026
2914,249664,S14,7,5,ros,2026
2915,249728,S14,7,5,ros,2026
2916,249792,S14,7,7,ros,2026
2917,249856,S14,7,7,ros,2026
2918,249920,S14,7,5,ros,2026
2919,249984,S14,7,7,ros,2026
2920,250048,S14,7,5,ros,2026
2921,250112,S14,7,2,ros,2026
2922,250176,S14,7,5,ros,2026
2923,250240,S14,7,5,ros,2026
2924,250304,S14,7,5,ros,2026
2925,250368,S14,7,5,ros,2026
2926,250432,S14,7,5,ros,2026
2927,250496,S14,7,7,ros,2026
2928,250560,S14,7,5,ros,2026
2929,250624,S14,7,7,ros,2026
2930,250688,S14,7,5,ros,2026
2931,250752,S14,7,7,ros,2026
2932,250816,S14,7,5,ros,2026
2933,250880,S14,7,5,ros,2026
2934,250944,S14,7,5,ros,2026
2935,251008,S14,7,7,ros,2026
2936,251072,S14,7,5,ros,2026
2937,251136,S14,7,5,ros,2026
2938,251200,S14,7,7,ros,2026
2939,251264,S14,7,5,ros,2026
2940,251328,S14,7,2,ros,2026
2941,251392,S14,7,5,ros,2026
2942,251456,S14,7,7,ros,2026
2943,251520,S14,7,7,ros,2026
2944,251584,S14,7,5,ros,2026
2945,251648,S14,7,5,ros,2026
2946,251712,S14,7,2,ros,2026
2947,251776,S14,7,7,ros,2026
2948,251840,S14,7,5,ros,2026
2949,251904,S14,7,4,ros,2026
2950,251968,S14,7,4,ros,2026
2951,252032,S14,7,5,ros,2026
2952,252096,S14,7,7,ros,2026
2953,252160,S14,7,7,ros,2026
2954,252224,S14,7,5,ros,2026
2955,252288,S14,7,5,ros,2026
2956,252352,S14,7,5,ros,2026
2957,252416,S14,7,4,ros,2026
2958,252480,S14,7,0,ros,2026
2959,252544,S14,7,7,ros,2026
2960,252608,S14,7,0,ros,2026
2961,252672,S14,7,5,ros,2026
2962,252736,S14,7,7,ros,2026
2963,252800,S14,7,5,ros,2026
2964,252864,S14,7,5,ros,2026
2965,252928,S14,7,5,ros,2026
2966,252992,S14,7,5,ros,2026
2967,253056,S14,7,5,ros,2026
2968,253120,S14,7,5,ros,2026
2969,253184,S14,7,7,ros,2026
2970,253248,S14,7,5,ros,2026
2971,253312,S14,7,4,ros,2026
2972,253376,S14,7,5,ros,2026
2973,253440,S14,7,7,ros,2026
2974,253504,S14,7,5,ros,2026
2975,253568,S14,7,5,ros,2026
2976,253632,S14,7,7,ros,2026
2977,253696,S14,7,7,ros,2026
2978,253760,S14,7,4,ros,2026
2979,253824,S14,7,5,ros,2026
2980,253888,S14,7,7,ros,2026
2981,253952,S14,7,7,ros,2026
2982,254016,S14,7,5,ros,2026
2983,254080,S14,7,7,ros,2026
2984,254144,S14,7,5,ros,2026
2985,254208,S14,7,5,ros,2026
2986,254272,S14,7,4,ros,2026
2987,254336,S14,7,5,ros,2026
2988,254400,S14,7,5,ros,2026
2989,254464,S14,7,5,ros,2026
2990,254528,S14,7,7,ros,2026
2991,254592,S14,7,5,ros,2026
2992,254656,S14,7,0,ros,2026
2993,254720,S14,7,4,ros,2026
2994,254784,S14,7,7,ros,2026
2995,254848,S14,7,5,ros,2026
2996,254912,S14,7,5,ros,2026
2997,254976,S14,7,5,ros,2026
2998,255040,S14,7,5,ros,2026
2999,255104,S14,7,5,ros,2026
3000,255168,S14,7,5,ros,2026
3001,255232,S14,7,7,ros,2026
3002,255296,S14,7,5,ros,2026
3003,255360,S14,7,5,ros,2026
3004,255424,S14,7,5,ros,2026
3005,255488,S14,7,5,ros,2026
3006,255552,S14,7,4,ros,2026
3007,255616,S14,7,5,ros,2026
3008,255680,S14,7,7,ros,2026
3009,255744,S14,7,5,ros,2026
3010,255808,S14,7,4,ros,2026
3011,255872,S14,7,5,ros,2026
3012,255936,S14,7,7,ros,2026
3013,256000,S14,7,5,ros,2026
3014,256064,S14,7,0,ros,2026
3015,256128,S14,7,5,ros,2026
3016,256192,S14,7,5,ros,2026
3017,256256,S14,7,7,ros,2026
3018,256320,S14,7,5,ros,2026
3019,256384,S14,7,7,ros,2026
3020,256448,S14,7,5,ros,2026
3021,256512,S14,7,5,ros,2026
3022,256576,S14,7,5,ros,2026
3023,256640,S14,7,7,ros,2026
3024,256704,S14,7,7,ros,2026
3025,256768,S14,7,7,ros,2026
3026,256832,S14,7,7,ros,2026
3027,256896,S14,7,5,ros,2026
3028,256960,S14,7,5,ros,2026
3029,257024,S14,7,5,ros,2026
3030,257088,S14,7,5,ros,2026
3031,257152,S14,7,5,ros,2026
3032,257216,S14,7,5,ros,2026
3033,257280,S14,7,7,ros,2026
3034,257344,S14,7,5,ros,2026
3035,257408,S14,7,7,ros,2026
3036,257472,S14,7,7,ros,2026
3037,257536,S14,7,4,ros,2026
3038,257600,S14,7,4,ros,2026
3039,257664,S14,7,5,ros,2026
3040,257728,S14,7,7,ros,2026
3041,257792,S14,7,5,ros,2026
3042,257856,S14,7,5,ros,2026
3043,257920,S14,7,5,ros,2026
3044,257984,S14,7,7,ros,2026
3045,258048,S14,7,5,ros,2026
3046,258112,S14,7,7,ros,2026
3047,258176,S14,7,7,ros,2026
3048,258240,S14,7,5,ros,2026
3049,258304,S14,7,0,ros,2026
3050,258368,S14,7,5,ros,2026
3051,258432,S14,7,7,ros,2026
3052,258496,S14,7,4,ros,2026
3053,258560,S14,7,7,ros,2026
3054,258624,S14,7,5,ros,2026
3055,258688,S14,7,7,ros,2026
3056,258752,S14,7,5,ros,2026
3057,258816,S14,7,5,ros,2026
3058,258880,S14,7,2,ros,2026
3059,258944,S14,7,5,ros,2026
3060,259008,S14,7,5,ros,2026
3061,259072,S14,7,7,ros,2026
3062,259136,S14,7,5,ros,2026
3063,259200,S14,7,7,ros,2026
3064,259264,S14,7,5,ros,2026
3065,259328,S14,7,7,ros,2026
3066,259392,S14,7,7,ros,2026
3067,259456,S14,7,7,ros,2026
3068,259520,S14,7,5,ros,2026
3069,259584,S14,7,2,ros,2026
3070,259648,S14,7,5,ros,2026
3071,259712,S14,7,5,ros,2026
3072,259776,S14,7,7,ros,2026
3073,259840,S14,7,0,ros,2026
3074,259904,S14,7,7,ros,2026
3075,259968,S14,7,7,ros,2026
3076,260032,S14,7,5,ros,2026
3077,260096,S14,7,7,ros,2026
3078,260160,S14,7,7,ros,2026
3079,260224,S14,7,5,ros,2026
3080,260288,S14,7,7,ros,2026
3081,260352,S14,7,5,ros,2026
3082,260416,S14,7,5,ros,2026
3083,260480,S14,7,7,ros,2026
3084,260544,S14,7,7,ros,2026
3085,260608,S14,7,2,ros,2026
3086,260672,S14,7,5,ros,2026
3087,260736,S14,7,4,ros,2026
3088,260800,S14,7,5,ros,2026
3089,260864,S14,7,0,ros,2026
3090,260928,S14,7,4,ros,2026
3091,260992,S14,7,5,ros,2026
3092,261056,S14,7,5,ros,2026
3093,261120,S14,7,5,ros,2026
3094,261184,S14,7,5,ros,2026
3095,261248,S14,7,5,ros,2026
3096,261312,S14,7,5,ros,2026
3097,261376,S14,7,7,ros,2026
3098,261440,S14,7,5,ros,2026
3099,261504,S14,7,5,ros,2026
3100,261568,S14,7,7,ros,2026
3101,261632,S14,7,4,ros,2026
3102,261696,S14,7,7,ros,2026
3103,261760,S14,7,5,ros,2026
3104,261824,S14,7,7,ros,2026
3105,261888,S14,7,7,ros,2026
3106,261952,S14,7,5,ros,2026
3107,262016,S14,7,7,ros,2026
3108,262080,S14,7,2,ros,2026
3109,262144,S14,7,5,ros,2026
3110,262208,S14,7,7,ros,2026
3111,262272,S14,7,5,ros,2026
3112,262336,S14,7,7,ros,2026
3113,262400,S14,7,5,ros,2026
3114,262464,S14,7,7,ros,2026
3115,262528,S14,7,4,ros,2026
3116,262592,S14,7,5,ros,2026
3117,262656,S14,7,5,ros,2026
3118,262720,S14,7,7,ros,2026
3119,262784,S14,7,5,ros,2026
3120,262848,S14,7,7,ros,2026
3121,262912,S14,7,4,ros,2026
3122,262976,S14,7,5,ros,2026
3123,263040,S14,7,5,ros,2026
3124,263104,S14,7,5,ros,2026
3125,263168,S14,7,5,ros,2026
3126,263232,S14,7,5,ros,2026
3127,263296,S14,7,7,ros,2026
3128,263360,S14,7,5,ros,2026
3129,263424,S14,7,5,ros,2026
3130,263488,S14,7,4,ros,2026
3131,263552,S14,7,5,ros,2026
3132,263616,S14,7,4,ros,2026
3133,263680,S14,7,5,ros,2026
3134,263744,S14,7,7,ros,2026
3135,263808,S14,7,7,ros,2026
3136,263872,S14,7,5,ros,2026
3137,263936,S14,7,2,ros,2026
3138,264000,S14,7,5,ros,2026
3139,264064,S14,7,5,ros,2026
3140,264128,S14,7,5,ros,2026
3141,264192,S14,7,5,ros,2026
3142,264256,S14,7,4,ros,2026
3143,264320,S14,7,4,ros,2026
3144,264384,S14,7,2,ros,2026
3145,264448,S14,7,4,ros,2026
3146,264512,S14,7,5,ros,2026
3147,264576,S14,7,5,ros,2026
3148,264640,S14,7,7,ros,2026
3149,264704,S14,7,5,ros,2026
3150,264768,S14,7,7,ros,2026
3151,264832,S14,7,5,ros,2026
3152,264896,S14,7,5,ros,2026
3153,264960,S14,7,5,ros,2026
3154,265024,S14,7,5,ros,2026
3155,265088,S14,7,5,ros,2026
3156,265152,S14,7,4,ros,2026
3157,265216,S14,7,5,ros,2026
3158,265280,S14,7,7,ros,2026
3159,265344,S14,7,5,ros,2026
3160,265408,S14,7,5,ros,2026
3161,265472,S14,7,5,ros,2026
3162,265536,S14,7,5,ros,2026
3163,265600,S14,7,4,ros,2026
3164,265664,S14,7,4,ros,2026
3165,265728,S14,7,4,ros,2026
3166,265792,S14,7,7,ros,2026
3167,265856,S14,7,5,ros,2026
3168,265920,S14,7,5,ros,2026
3169,265984,S14,7,5,ros,2026
3170,266048,S14,7,5,ros,2026
3171,266112,S14,7,5,ros,2026
3172,266176,S14,7,7,ros,2026
3173,266240,S14,7,5,ros,2026
3174,266304,S14,7,4,ros,2026
3175,266368,S14,7,5,ros,2026
3176,266432,S14,7,5,ros,2026
3177,266496,S14,7,5,ros,2026
3178,266560,S14,7,7,ros,2026
3179,266624,S14,7,0,ros,2026
3180,266688,S14,7,5,ros,2026
3181,266752,S14,7,7,ros,2026
3182,266816,S14,7,4,ros,2026
3183,266880,S14,7,5,ros,2026
3184,266944,S14,7,7,ros,2026
3185,267008,S14,7,5,ros,2026
3186,267072,S14,7,2,ros,2026
3187,1664,S15,0,5,ros,2026
3188,1728,S15,0,0,ros,2026
3189,1792,S15,0,5,ros,2026
3190,1856,S15,0,5,ros,2026
3191,1920,S15,0,5,ros,2026
3192,1984,S15,0,5,ros,2026
3193,2048,S15,0,7,ros,2026
3194,2112,S15,0,5,ros,2026
3195,2176,S15,0,5,ros,2026
3196,2240,S15,0,5,ros,2026
3197,2304,S15,0,5,ros,2026
3198,2368,S15,0,5,ros,2026
3199,2432,S15,0,5,ros,2026
3200,2496,S15,0,7,ros,2026
3201,2560,S15,0,0,ros,2026
3202,2624,S15,0,5,ros,2026
3203,2688,S15,0,2,ros,2026
3204,2752,S15,0,5,ros,2026
3205,2816,S15,0,5,ros,2026
3206,2880,S15,0,5,ros,2026
3207,2944,S15,0,5,ros,2026
3208,3008,S15,0,4,ros,2026
3209,3072,S15,0,5,ros,2026
3210,3136,S15,0,5,ros,2026
3211,3200,S15,0,5,ros,2026
3212,3264,S15,0,5,ros,2026
3213,3328,S15,0,5,ros,2026
3214,3392,S15,0,5,ros,2026
3215,3456,S15,0,5,ros,2026
3216,3520,S15,0,5,ros,2026
3217,3584,S15,0,0,ros,2026
3218,3648,S15,0,4,ros,2026
3219,3712,S15,0,4,ros,2026
3220,3776,S15,0,5,ros,2026
3221,3840,S15,0,5,ros,2026
3222,3904,S15,0,7,ros,2026
3223,3968,S15,0,5,ros,2026
3224,4032,S15,0,4,ros,2026
3225,4096,S15,0,5,ros,2026
3226,4160,S15,0,4,ros,2026
3227,4224,S15,0,5,ros,2026
3228,4288,S15,0,5,ros,2026
3229,4352,S15,0,5,ros,2026
3230,4416,S15,0,5,ros,2026
3231,4480,S15,0,7,ros,2026
3232,4544,S15,0,5,ros,2026
3233,4608,S15,0,2,ros,2026
3234,4672,S15,0,5,ros,2026
3235,4736,S15,0,5,ros,2026
3236,4800,S15,0,7,ros,2026
3237,4864,S15,0,2,ros,2026
3238,4928,S15,0,4,ros,2026
3239,4992,S15,0,5,ros,2026
3240,5056,S15,0,7,ros,2026
3241,5120,S15,0,7,ros,2026
3242,5184,S15,0,2,ros,2026
3243,5248,S15,0,5,ros,2026
3244,5312,S15,0,5,ros,2026
3245,5376,S15,0,5,ros,2026
3246,5440,S15,0,5,ros,2026
3247,5504,S15,0,7,ros,2026
3248,5568,S15,0,5,ros,2026
3249,5632,S15,0,7,ros,2026
3250,5696,S15,0,5,ros,2026
3251,5760,S15,0,5,ros,2026
3252,5824,S15,0,5,ros,2026
3253,5888,S15,0,4,ros,2026
3254,5952,S15,0,5,ros,2026
3255,6016,S15,0,5,ros,2026
3256,6080,S15,0,5,ros,2026
3257,6144,S15,0,5,ros,2026
3258,6208,S15,0,5,ros,2026
3259,6272,S15,0,5,ros,2026
3260,6336,S15,0,5,ros,2026
3261,6400,S15,0,4,ros,2026
3262,6464,S15,0,5,ros,2026
3263,6528,S15,0,5,ros,2026
3264,6592,S15,0,5,ros,2026
3265,6656,S15,0,4,ros,2026
3266,6720,S15,0,5,ros,2026
3267,6784,S15,0,0,ros,2026
3268,6848,S15,0,5,ros,2026
3269,6912,S15,0,5,ros,2026
3270,6976,S15,0,5,ros,2026
3271,7040,S15,0,0,ros,2026
3272,7104,S15,0,5,ros,2026
3273,7168,S15,0,5,ros,2026
3274,7232,S15,0,5,ros,2026
3275,7296,S15,0,5,ros,2026
3276,7360,S15,0,4,ros,2026
3277,7424,S15,0,0,ros,2026
3278,7488,S15,0,4,ros,2026
3279,7552,S15,0,5,ros,2026
3280,7616,S15,0,5,ros,2026
3281,7680,S15,0,5,ros,2026
3282,7744,S15,0,5,ros,2026
3283,7808,S15,0,4,ros,2026
3284,7872,S15,0,5,ros,2026
3285,7936,S15,0,5,ros,2026
3286,8000,S15,0,5,ros,2026
3287,8064,S15,0,5,ros,2026
3288,8128,S15,0,5,ros,2026
3289,8192,S15,0,5,ros,2026
3290,8256,S15,0,5,ros,2026
3291,8320,S15,0,4,ros,2026
3292,8384,S15,0,5,ros,2026
3293,8448,S15,0,5,ros,2026
3294,8512,S15,0,5,ros,2026
3295,8576,S15,0,5,ros,2026
3296,8640,S15,0,5,ros,2026
3297,8704,S15,0,5,ros,2026
3298,8768,S15,0,5,ros,2026
3299,8832,S15,0,5,ros,2026
3300,8896,S15,0,5,ros,2026
3301,8960,S15,0,2,ros,2026
3302,9024,S15,0,5,ros,2026
3303,9088,S15,0,5,ros,2026
3304,9152,S15,0,0,ros,2026
3305,9216,S15,0,5,ros,2026
3306,9280,S15,0,4,ros,2026
3307,9344,S15,0,0,ros,2026
3308,9408,S15,0,4,ros,2026
3309,9472,S15,0,5,ros,2026
3310,9536,S15,0,5,ros,2026
3311,9600,S15,0,5,ros,2026
3312,9664,S15,0,4,ros,2026
3313,9728,S15,0,5,ros,2026
3314,9792,S15,0,5,ros,2026
3315,9856,S15,0,5,ros,2026
3316,9920,S15,0,5,ros,2026
3317,9984,S15,0,5,ros,2026
3318,10048,S15,0,5,ros,2026
3319,10112,S15,0,5,ros,2026
3320,10176,S15,0,5,ros,2026
3321,10240,S15,0,5,ros,2026
3322,10304,S15,0,5,ros,2026
3323,10368,S15,0,5,ros,2026
3324,10432,S15,0,5,ros,2026
3325,10496,S15,0,5,ros,2026
3326,10560,S15,0,5,ros,2026
3327,10624,S15,0,5,ros,2026
3328,10688,S15,0,5,ros,2026
3329,10752,S15,0,7,ros,2026
3330,10816,S15,0,5,ros,2026
3331,10880,S15,0,5,ros,2026
3332,10944,S15,0,5,ros,2026
3333,11008,S15,0,5,ros,2026
3334,11072,S15,0,4,ros,2026
3335,11136,S15,0,5,ros,2026
3336,11200,S15,0,5,ros,2026
3337,11264,S15,0,0,ros,2026
3338,11328,S15,0,5,ros,2026
3339,11392,S15,0,5,ros,2026
3340,11456,S15,0,5,ros,2026
3341,11520,S15,0,7,ros,2026
3342,11584,S15,0,5,ros,2026
3343,11648,S15,0,5,ros,2026
3344,11712,S15,0,5,ros,2026
3345,11776,S15,0,5,ros,2026
3346,11840,S15,0,5,ros,2026
3347,11904,S15,0,5,ros,2026
3348,11968,S15,0,5,ros,2026
3349,12032,S15,0,5,ros,2026
3350,12096,S15,0,7,ros,2026
3351,12160,S15,0,5,ros,2026
3352,12224,S15,0,4,ros,2026
3353,12288,S15,0,5,ros,2026
3354,12352,S15,0,7,ros,2026
3355,12416,S15,0,5,ros,2026
3356,12480,S15,0,5,ros,2026
3357,12544,S15,0,5,ros,2026
3358,12608,S15,0,5,ros,2026
3359,12672,S15,0,5,ros,2026
3360,12736,S15,0,2,ros,2026
3361,12800,S15,0,2,ros,2026
3362,12864,S15,0,4,ros,2026
3363,12928,S15,0,5,ros,2026
3364,12992,S15,0,7,ros,2026
3365,13056,S15,0,5,ros,2026
3366,13120,S15,0,2,ros,2026
3367,13184,S15,0,4,ros,2026
3368,13248,S15,0,7,ros,2026
3369,13312,S15,0,5,ros,2026
3370,13376,S15,0,7,ros,2026
3371,13440,S15,0,4,ros,2026
3372,13504,S15,0,5,ros,2026
3373,13568,S15,0,5,ros,2026
3374,13632,S15,0,7,ros,2026
3375,13696,S15,0,5,ros,2026
3376,13760,S15,0,7,ros,2026
3377,13824,S15,0,5,ros,2026
3378,13888,S15,0,5,ros,2026
3379,13952,S15,0,4,ros,2026
3380,14016,S15,0,5,ros,2026
3381,14080,S15,0,0,ros,2026
3382,14144,S15,0,5,ros,2026
3383,14208,S15,0,5,ros,2026
3384,14272,S15,0,4,ros,2026
3385,14336,S15,0,7,ros,2026
3386,14400,S15,0,5,ros,2026
3387,14464,S15,0,5,ros,2026
3388,14528,S15,0,0,ros,2026
3389,14592,S15,0,5,ros,2026
3390,14656,S15,0,7,ros,2026
3391,14720,S15,0,5,ros,2026
3392,14784,S15,0,5,ros,2026
3393,14848,S15,0,5,ros,2026
3394,14912,S15,0,5,ros,2026
3395,14976,S15,0,5,ros,2026
3396,15040,S15,0,5,ros,2026
3397,15104,S15,0,5,ros,2026
3398,15168,S15,0,5,ros,2026
3399,15232,S15,0,5,ros,2026
3400,15296,S15,0,0,ros,2026
3401,15360,S15,0,7,ros,2026
3402,15424,S15,0,5,ros,2026
3403,15488,S15,0,0,ros,2026
3404,15552,S15,0,5,ros,2026
3405,15616,S15,0,5,ros,2026
3406,15680,S15,0,7,ros,2026
3407,15744,S15,0,7,ros,2026
3408,15808,S15,0,5,ros,2026
3409,15872,S15,0,5,ros,2026
3410,15936,S15,0,5,ros,2026
3411,16000,S15,0,5,ros,2026
3412,16064,S15,0,5,ros,2026
3413,16128,S15,0,5,ros,2026
3414,16192,S15,0,0,ros,2026
3415,16256,S15,0,4,ros,2026
3416,16320,S15,0,5,ros,2026
3417,16384,S15,0,5,ros,2026
3418,16448,S15,0,5,ros,2026
3419,16512,S15,0,5,ros,2026
3420,16576,S15,0,2,ros,2026
3421,16640,S15,0,4,ros,2026
3422,16704,S15,0,5,ros,2026
3423,16768,S15,0,0,ros,2026
3424,16832,S15,0,5,ros,2026
3425,16896,S15,0,5,ros,2026
3426,16960,S15,0,5,ros,2026
3427,17024,S15,0,4,ros,2026
3428,17088,S15,0,5,ros,2026
3429,17152,S15,0,5,ros,2026
3430,17216,S15,0,5,ros,2026
3431,17280,S15,0,5,ros,2026
3432,17344,S15,0,5,ros,2026
3433,17408,S15,0,5,ros,2026
3434,17472,S15,0,5,ros,2026
3435,17536,S15,0,5,ros,2026
3436,17600,S15,0,5,ros,2026
3437,17664,S15,0,7,ros,2026
3438,17728,S15,0,5,ros,2026
3439,17792,S15,0,5,ros,2026
3440,17856,S15,0,5,ros,2026
3441,17920,S15,0,5,ros,2026
3442,17984,S15,0,5,ros,2026
3443,18048,S15,0,5,ros,2026
3444,18112,S15,0,5,ros,2026
3445,18176,S15,0,5,ros,2026
3446,18240,S15,0,5,ros,2026
3447,18304,S15,0,4,ros,2026
3448,18368,S15,0,5,ros,2026
3449,18432,S15,0,4,ros,2026
3450,18496,S15,0,5,ros,2026
3451,18560,S15,0,5,ros,2026
3452,18624,S15,0,5,ros,2026
3453,18688,S15,0,7,ros,2026
3454,18752,S15,0,5,ros,2026
3455,18816,S15,0,5,ros,2026
3456,18880,S15,0,5,ros,2026
3457,18944,S15,0,7,ros,2026
3458,19008,S15,0,7,ros,2026
3459,19072,S15,0,5,ros,2026
3460,19136,S15,0,5,ros,2026
3461,19200,S15,0,5,ros,2026
3462,19264,S15,0,0,ros,2026
3463,19328,S15,0,4,ros,2026
3464,19392,S15,0,7,ros,2026
3465,19456,S15,0,0,ros,2026
3466,19520,S15,0,5,ros,2026
3467,19584,S15,0,5,ros,2026
3468,19648,S15,0,5,ros,2026
3469,19712,S15,0,5,ros,2026
3470,19776,S15,0,5,ros,2026
3471,19840,S15,0,7,ros,2026
3472,19904,S15,0,7,ros,2026
3473,19968,S15,0,5,ros,2026
3474,20032,S15,0,5,ros,2026
3475,20096,S15,0,4,ros,2026
3476,20160,S15,0,5,ros,2026
3477,20224,S15,0,5,ros,2026
3478,20288,S15,0,5,ros,2026
3479,20352,S15,0,5,ros,2026
3480,20416,S15,0,5,ros,2026
3481,20480,S15,0,0,ros,2026
3482,20544,S15,0,7,ros,2026
3483,20608,S15,0,5,ros,2026
3484,20672,S15,0,0,ros,2026
3485,20736,S15,0,5,ros,2026
3486,20800,S15,0,5,ros,2026
3487,20864,S15,0,7,ros,2026
3488,20928,S15,0,5,ros,2026
3489,20992,S15,0,7,ros,2026
3490,21056,S15,0,5,ros,2026
3491,24896,S15,1,5,ros,2026
3492,24960,S15,1,5,ros,2026
3493,25024,S15,1,5,ros,2026
3494,25088,S15,1,1,ros,2026
3495,25152,S15,1,5,ros,2026
3496,25216,S15,1,5,ros,2026
3497,25280,S15,1,5,ros,2026
3498,25344,S15,1,5,ros,2026
3499,25408,S15,1,5,ros,2026
3500,25472,S15,1,5,ros,2026
3501,25536,S15,1,1,ros,2026
3502,25600,S15,1,1,ros,2026
3503,25664,S15,1,5,ros,2026
3504,25728,S15,1,5,ros,2026
3505,25792,S15,1,5,ros,2026
3506,25856,S15,1,5,ros,2026
3507,25920,S15,1,1,ros,2026
3508,25984,S15,1,5,ros,2026
3509,26048,S15,1,6,ros,2026
3510,26112,S15,1,5,ros,2026
3511,26176,S15,1,6,ros,2026
3512,26240,S15,1,1,ros,2026
3513,26304,S15,1,7,ros,2026
3514,26368,S15,1,5,ros,2026
3515,26432,S15,1,5,ros,2026
3516,26496,S15,1,5,ros,2026
3517,26560,S15,1,1,ros,2026
3518,26624,S15,1,5,ros,2026
3519,26688,S15,1,5,ros,2026
3520,26752,S15,1,7,ros,2026
3521,26816,S15,1,1,ros,2026
3522,26880,S15,1,5,ros,2026
3523,26944,S15,1,5,ros,2026
3524,27008,S15,1,1,ros,2026
3525,27072,S15,1,0,ros,2026
3526,27136,S15,1,2,ros,2026
3527,27200,S15,1,1,ros,2026
3528,27264,S15,1,5,ros,2026
3529,27328,S15,1,5,ros,2026
3530,27392,S15,1,5,ros,2026
3531,27456,S15,1,1,ros,2026
3532,27520,S15,1,1,ros,2026
3533,27584,S15,1,5,ros,2026
3534,27648,S15,1,5,ros,2026
3535,27712,S15,1,7,ros,2026
3536,27776,S15,1,1,ros,2026
3537,27840,S15,1,5,ros,2026
3538,27904,S15,1,5,ros,2026
3539,27968,S15,1,0,ros,2026
3540,28032,S15,1,5,ros,2026
3541,28096,S15,1,5,ros,2026
3542,28160,S15,1,1,ros,2026
3543,28224,S15,1,1,ros,2026
3544,28288,S15,1,5,ros,2026
3545,28352,S15,1,7,ros,2026
3546,28416,S15,1,5,ros,2026
3547,28480,S15,1,5,ros,2026
3548,28544,S15,1,1,ros,2026
3549,28608,S15,1,5,ros,2026
3550,28672,S15,1,7,ros,2026
3551,28736,S15,1,5,ros,2026
3552,28800,S15,1,1,ros,2026
3553,28864,S15,1,5,ros,2026
3554,28928,S15,1,5,ros,2026
3555,28992,S15,1,5,ros,2026
3556,29056,S15,1,5,ros,2026
3557,29120,S15,1,6,ros,2026
3558,29184,S15,1,5,ros,2026
3559,29248,S15,1,5,ros,2026
3560,29312,S15,1,5,ros,2026
3561,29376,S15,1,7,ros,2026
3562,29440,S15,1,5,ros,2026
3563,29504,S15,1,6,ros,2026
3564,29568,S15,1,5,ros,2026
3565,29632,S15,1,5,ros,2026
3566,29696,S15,1,5,ros,2026
3567,29760,S15,1,5,ros,2026
3568,29824,S15,1,6,ros,2026
3569,29888,S15,1,0,ros,2026
3570,29952,S15,1,5,ros,2026
3571,30016,S15,1,5,ros,2026
3572,30080,S15,1,1,ros,2026
3573,30144,S15,1,5,ros,2026
3574,30208,S15,1,6,ros,2026
3575,30272,S15,1,5,ros,2026
3576,30336,S15,1,5,ros,2026
3577,30400,S15,1,5,ros,2026
3578,30464,S15,1,1,ros,2026
3579,30528,S15,1,5,ros,2026
3580,30592,S15,1,5,ros,2026
3581,30656,S15,1,5,ros,2026
3582,30720,S15,1,5,ros,2026
3583,30784,S15,1,6,ros,2026
3584,30848,S15,1,5,ros,2026
3585,30912,S15,1,5,ros,2026
3586,30976,S15,1,1,ros,2026
3587,31040,S15,1,5,ros,2026
3588,31104,S15,1,1,ros,2026
3589,31168,S15,1,5,ros,2026
3590,31232,S15,1,0,ros,2026
3591,31296,S15,1,5,ros,2026
3592,31360,S15,1,5,ros,2026
3593,31424,S15,1,1,ros,2026
3594,31488,S15,1,7,ros,2026
3595,31552,S15,1,1,ros,2026
3596,31616,S15,1,5,ros,2026
3597,31680,S15,1,6,ros,2026
3598,31744,S15,1,2,ros,2026
3599,31808,S15,1,1,ros,2026
3600,31872,S15,1,5,ros,2026
3601,31936,S15,1,6,ros,2026
3602,32000,S15,1,5,ros,2026
3603,32064,S15,1,1,ros,2026
3604,32128,S15,1,5,ros,2026
3605,32192,S15,1,5,ros,2026
3606,32256,S15,1,5,ros,2026
3607,32320,S15,1,7,ros,2026
3608,32384,S15,1,5,ros,2026
3609,32448,S15,1,5,ros,2026
3610,32512,S15,1,5,ros,2026
3611,32576,S15,1,6,ros,2026
3612,32640,S15,1,5,ros,2026
3613,32704,S15,1,1,ros,2026
3614,32768,S15,1,5,ros,2026
3615,32832,S15,1,6,ros,2026
3616,32896,S15,1,6,ros,2026
3617,32960,S15,1,6,ros,2026
3618,33024,S15,1,5,ros,2026
3619,33088,S15,1,1,ros,2026
3620,33152,S15,1,5,ros,2026
3621,33216,S15,1,1,ros,2026
3622,33280,S15,1,5,ros,2026
3623,33344,S15,1,5,ros,2026
3624,33408,S15,1,5,ros,2026
3625,33472,S15,1,5,ros,2026
3626,33536,S15,1,1,ros,2026
3627,33600,S15,1,6,ros,2026
3628,33664,S15,1,5,ros,2026
3629,33728,S15,1,6,ros,2026
3630,33792,S15,1,5,ros,2026
3631,33856,S15,1,1,ros,2026
3632,33920,S15,1,5,ros,2026
3633,33984,S15,1,2,ros,2026
3634,34048,S15,1,0,ros,2026
3635,34112,S15,1,5,ros,2026
3636,34176,S15,1,6,ros,2026
3637,34240,S15,1,5,ros,2026
3638,34304,S15,1,2,ros,2026
3639,34368,S15,1,1,ros,2026
3640,34432,S15,1,0,ros,2026
3641,34496,S15,1,5,ros,2026
3642,34560,S15,1,5,ros,2026
3643,34624,S15,1,6,ros,2026
3644,34688,S15,1,5,ros,2026
3645,34752,S15,1,5,ros,2026
3646,34816,S15,1,5,ros,2026
3647,34880,S15,1,2,ros,2026
3648,34944,S15,1,1,ros,2026
3649,35008,S15,1,5,ros,2026
3650,35072,S15,1,5,ros,2026
3651,35136,S15,1,5,ros,2026
3652,35200,S15,1,0,ros,2026
3653,35264,S15,1,5,ros,2026
3654,35328,S15,1,5,ros,2026
3655,35392,S15,1,5,ros,2026
3656,35456,S15,1,5,ros,2026
3657,35520,S15,1,5,ros,2026
3658,35584,S15,1,5,ros,2026
3659,35648,S15,1,5,ros,2026
3660,35712,S15,1,6,ros,2026
3661,35776,S15,1,5,ros,2026
3662,35840,S15,1,2,ros,2026
3663,35904,S15,1,5,ros,2026
3664,35968,S15,1,5,ros,2026
3665,36032,S15,1,1,ros,2026
3666,36096,S15,1,2,ros,2026
3667,36160,S15,1,1,ros,2026
3668,36224,S15,1,5,ros,2026
3669,36288,S15,1,6,ros,2026
3670,36352,S15,1,5,ros,2026
3671,36416,S15,1,5,ros,2026
3672,36480,S15,1,5,ros,2026
3673,36544,S15,1,1,ros,2026
3674,36608,S15,1,6,ros,2026
3675,36672,S15,1,1,ros,2026
3676,36736,S15,1,5,ros,2026
3677,36800,S15,1,1,ros,2026
3678,36864,S15,1,5,ros,2026
3679,36928,S15,1,6,ros,2026
3680,36992,S15,1,5,ros,2026
3681,37056,S15,1,1,ros,2026
3682,37120,S15,1,5,ros,2026
3683,37184,S15,1,5,ros,2026
3684,37248,S15,1,5,ros,2026
3685,37312,S15,1,1,ros,2026
3686,37376,S15,1,6,ros,2026
3687,37440,S15,1,5,ros,2026
3688,37504,S15,1,1,ros,2026
3689,37568,S15,1,1,ros,2026
3690,37632,S15,1,5,ros,2026
3691,37696,S15,1,5,ros,2026
3692,37760,S15,1,5,ros,2026
3693,37824,S15,1,6,ros,2026
3694,37888,S15,1,5,ros,2026
3695,37952,S15,1,1,ros,2026
3696,38016,S15,1,1,ros,2026
3697,38080,S15,1,5,ros,2026
3698,41280,S15,2,7,ros,2026
3699,41344,S15,2,5,ros,2026
3700,41408,S15,2,5,ros,2026
3701,41472,S15,2,2,ros,2026
3702,41536,S15,2,7,ros,2026
3703,41600,S15,2,5,ros,2026
3704,41664,S15,2,5,ros,2026
3705,41728,S15,2,5,ros,2026
3706,41792,S15,2,6,ros,2026
3707,41856,S15,2,5,ros,2026
3708,41920,S15,2,5,ros,2026
3709,41984,S15,2,5,ros,2026
3710,42048,S15,2,7,ros,2026
3711,42112,S15,2,5,ros,2026
3712,42176,S15,2,5,ros,2026
3713,42240,S15,2,5,ros,2026
3714,42304,S15,2,5,ros,2026
3715,42368,S15,2,5,ros,2026
3716,42432,S15,2,5,ros,2026
3717,42496,S15,2,5,ros,2026
3718,42560,S15,2,5,ros,2026
3719,42624,S15,2,6,ros,2026
3720,42688,S15,2,5,ros,2026
3721,42752,S15,2,0,ros,2026
3722,42816,S15,2,7,ros,2026
3723,42880,S15,2,5,ros,2026
3724,42944,S15,2,5,ros,2026
3725,43008,S15,2,5,ros,2026
3726,43072,S15,2,5,ros,2026
3727,43136,S15,2,5,ros,2026
3728,43200,S15,2,5,ros,2026
3729,43264,S15,2,5,ros,2026
3730,43328,S15,2,5,ros,2026
3731,43392,S15,2,5,ros,2026
3732,43456,S15,2,5,ros,2026
3733,43520,S15,2,2,ros,2026
3734,43584,S15,2,5,ros,2026
3735,43648,S15,2,5,ros,2026
3736,43712,S15,2,5,ros,2026
3737,43776,S15,2,5,ros,2026
3738,43840,S15,2,5,ros,2026
3739,43904,S15,2,7,ros,2026
3740,43968,S15,2,5,ros,2026
3741,44032,S15,2,2,ros,2026
3742,44096,S15,2,5,ros,2026
3743,44160,S15,2,5,ros,2026
3744,44224,S15,2,5,ros,2026
3745,44288,S15,2,5,ros,2026
3746,44352,S15,2,5,ros,2026
3747,44416,S15,2,5,ros,2026
3748,44480,S15,2,5,ros,2026
3749,44544,S15,2,4,ros,2026
3750,44608,S15,2,5,ros,2026
3751,44672,S15,2,5,ros,2026
3752,44736,S15,2,5,ros,2026
3753,44800,S15,2,2,ros,2026
3754,44864,S15,2,5,ros,2026
3755,44928,S15,2,5,ros,2026
3756,44992,S15,2,5,ros,2026
3757,45056,S15,2,5,ros,2026
3758,45120,S15,2,5,ros,2026
3759,45184,S15,2,5,ros,2026
3760,45248,S15,2,5,ros,2026
3761,45312,S15,2,5,ros,2026
3762,45376,S15,2,2,ros,2026
3763,45440,S15,2,5,ros,2026
3764,45504,S15,2,5,ros,2026
3765,45568,S15,2,5,ros,2026
3766,45632,S15,2,5,ros,2026
3767,45696,S15,2,7,ros,2026
3768,45760,S15,2,5,ros,2026
3769,45824,S15,2,5,ros,2026
3770,45888,S15,2,5,ros,2026
3771,45952,S15,2,5,ros,2026
3772,46016,S15,2,3,ros,2026
3773,46080,S15,2,5,ros,2026
3774,46144,S15,2,5,ros,2026
3775,46208,S15,2,5,ros,2026
3776,46272,S15,2,5,ros,2026
3777,46336,S15,2,5,ros,2026
3778,46400,S15,2,5,ros,2026
3779,46464,S15,2,2,ros,2026
3780,46528,S15,2,5,ros,2026
3781,46592,S15,2,4,ros,2026
3782,46656,S15,2,2,ros,2026
3783,46720,S15,2,7,ros,2026
3784,46784,S15,2,5,ros,2026
3785,46848,S15,2,5,ros,2026
3786,46912,S15,2,5,ros,2026
3787,46976,S15,2,5,ros,2026
3788,47040,S15,2,5,ros,2026
3789,47104,S15,2,5,ros,2026
3790,47168,S15,2,2,ros,2026
3791,47232,S15,2,5,ros,2026
3792,47296,S15,2,5,ros,2026
3793,47360,S15,2,5,ros,2026
3794,47424,S15,2,5,ros,2026
3795,47488,S15,2,5,ros,2026
3796,47552,S15,2,5,ros,2026
3797,47616,S15,2,5,ros,2026
3798,47680,S15,2,5,ros,2026
3799,47744,S15,2,5,ros,2026
3800,47808,S15,2,5,ros,2026
3801,47872,S15,2,5,ros,2026
3802,47936,S15,2,5,ros,2026
3803,48000,S15,2,2,ros,2026
3804,48064,S15,2,5,ros,2026
3805,48128,S15,2,5,ros,2026
3806,48192,S15,2,5,ros,2026
3807,48256,S15,2,5,ros,2026
3808,48320,S15,2,2,ros,2026
3809,48384,S15,2,5,ros,2026
3810,48448,S15,2,5,ros,2026
3811,48512,S15,2,2,ros,2026
3812,48576,S15,2,5,ros,2026
3813,48640,S15,2,5,ros,2026
3814,48704,S15,2,5,ros,2026
3815,48768,S15,2,5,ros,2026
3816,48832,S15,2,5,ros,2026
3817,48896,S15,2,5,ros,2026
3818,48960,S15,2,5,ros,2026
3819,49024,S15,2,5,ros,2026
3820,49088,S15,2,5,ros,2026
3821,49152,S15,2,5,ros,2026
3822,49216,S15,2,5,ros,2026
3823,49280,S15,2,5,ros,2026
3824,49344,S15,2,5,ros,2026
3825,49408,S15,2,5,ros,2026
3826,49472,S15,2,5,ros,2026
3827,49536,S15,2,2,ros,2026
3828,49600,S15,2,5,ros,2026
3829,49664,S15,2,7,ros,2026
3830,49728,S15,2,5,ros,2026
3831,49792,S15,2,5,ros,2026
3832,49856,S15,2,5,ros,2026
3833,49920,S15,2,5,ros,2026
3834,49984,S15,2,5,ros,2026
3835,50048,S15,2,7,ros,2026
3836,50112,S15,2,2,ros,2026
3837,50176,S15,2,5,ros,2026
3838,50240,S15,2,2,ros,2026
3839,50304,S15,2,5,ros,2026
3840,50368,S15,2,2,ros,2026
3841,50432,S15,2,5,ros,2026
3842,50496,S15,2,7,ros,2026
3843,50560,S15,2,5,ros,2026
3844,50624,S15,2,5,ros,2026
3845,50688,S15,2,5,ros,2026
3846,50752,S15,2,5,ros,2026
3847,50816,S15,2,5,ros,2026
3848,50880,S15,2,5,ros,2026
3849,50944,S15,2,5,ros,2026
3850,51008,S15,2,5,ros,2026
3851,51072,S15,2,5,ros,2026
3852,51136,S15,2,0,ros,2026
3853,51200,S15,2,5,ros,2026
3854,51264,S15,2,2,ros,2026
3855,51328,S15,2,5,ros,2026
3856,51392,S15,2,5,ros,2026
3857,51456,S15,2,5,ros,2026
3858,51520,S15,2,2,ros,2026
3859,51584,S15,2,6,ros,2026
3860,51648,S15,2,5,ros,2026
3861,51712,S15,2,5,ros,2026
3862,51776,S15,2,7,ros,2026
3863,51840,S15,2,2,ros,2026
3864,51904,S15,2,7,ros,2026
3865,51968,S15,2,2,ros,2026
3866,52032,S15,2,5,ros,2026
3867,52096,S15,2,5,ros,2026
3868,52160,S15,2,5,ros,2026
3869,52224,S15,2,5,ros,2026
3870,52288,S15,2,7,ros,2026
3871,52352,S15,2,2,ros,2026
3872,52416,S15,2,5,ros,2026
3873,68416,S15,3,3,ros,2026
3874,68480,S15,3,3,ros,2026
3875,68544,S15,3,3,ros,2026
3876,68608,S15,3,3,ros,2026
3877,68672,S15,3,3,ros,2026
3878,68736,S15,3,3,ros,2026
3879,68800,S15,3,3,ros,2026
3880,68864,S15,3,3,ros,2026
3881,68928,S15,3,3,ros,2026
3882,68992,S15,3,3,ros,2026
3883,69056,S15,3,3,ros,2026
3884,69120,S15,3,3,ros,2026
3885,69184,S15,3,3,ros,2026
3886,69248,S15,3,3,ros,2026
3887,69312,S15,3,3,ros,2026
3888,69376,S15,3,3,ros,2026
3889,69440,S15,3,3,ros,2026
3890,69504,S15,3,4,ros,2026
3891,69568,S15,3,3,ros,2026
3892,69632,S15,3,3,ros,2026
3893,69696,S15,3,3,ros,2026
3894,69760,S15,3,3,ros,2026
3895,69824,S15,3,3,ros,2026
3896,69888,S15,3,3,ros,2026
3897,69952,S15,3,3,ros,2026
3898,70016,S15,3,3,ros,2026
3899,70080,S15,3,3,ros,2026
3900,70144,S15,3,3,ros,2026
3901,70208,S15,3,3,ros,2026
3902,70272,S15,3,3,ros,2026
3903,70336,S15,3,3,ros,2026
3904,70400,S15,3,3,ros,2026
3905,70464,S15,3,3,ros,2026
3906,70528,S15,3,3,ros,2026
3907,70592,S15,3,3,ros,2026
3908,70656,S15,3,3,ros,2026
3909,70720,S15,3,3,ros,2026
3910,70784,S15,3,3,ros,2026
3911,70848,S15,3,3,ros,2026
3912,70912,S15,3,3,ros,2026
3913,70976,S15,3,3,ros,2026
3914,71040,S15,3,3,ros,2026
3915,71104,S15,3,3,ros,2026
3916,71168,S15,3,3,ros,2026
3917,71232,S15,3,3,ros,2026
3918,71296,S15,3,3,ros,2026
3919,71360,S15,3,3,ros,2026
3920,71424,S15,3,3,ros,2026
3921,71488,S15,3,3,ros,2026
3922,71552,S15,3,3,ros,2026
3923,71616,S15,3,4,ros,2026
3924,71680,S15,3,2,ros,2026
3925,71744,S15,3,3,ros,2026
3926,71808,S15,3,3,ros,2026
3927,71872,S15,3,3,ros,2026
3928,71936,S15,3,3,ros,2026
3929,72000,S15,3,3,ros,2026
3930,72064,S15,3,3,ros,2026
3931,72128,S15,3,3,ros,2026
3932,72192,S15,3,3,ros,2026
3933,72256,S15,3,4,ros,2026
3934,72320,S15,3,3,ros,2026
3935,72384,S15,3,3,ros,2026
3936,72448,S15,3,5,ros,2026
3937,72512,S15,3,3,ros,2026
3938,72576,S15,3,3,ros,2026
3939,72640,S15,3,3,ros,2026
3940,72704,S15,3,3,ros,2026
3941,72768,S15,3,3,ros,2026
3942,72832,S15,3,3,ros,2026
3943,72896,S15,3,3,ros,2026
3944,72960,S15,3,3,ros,2026
3945,73024,S15,3,4,ros,2026
3946,73088,S15,3,3,ros,2026
3947,73152,S15,3,3,ros,2026
3948,73216,S15,3,3,ros,2026
3949,73280,S15,3,3,ros,2026
3950,73344,S15,3,3,ros,2026
3951,73408,S15,3,3,ros,2026
3952,73472,S15,3,3,ros,2026
3953,73536,S15,3,3,ros,2026
3954,73600,S15,3,3,ros,2026
3955,73664,S15,3,3,ros,2026
3956,73728,S15,3,3,ros,2026
3957,73792,S15,3,3,ros,2026
3958,73856,S15,3,3,ros,2026
3959,73920,S15,3,3,ros,2026
3960,73984,S15,3,3,ros,2026
3961,74048,S15,3,3,ros,2026
3962,74112,S15,3,3,ros,2026
3963,74176,S15,3,4,ros,2026
3964,74240,S15,3,4,ros,2026
3965,74304,S15,3,3,ros,2026
3966,74368,S15,3,3,ros,2026
3967,74432,S15,3,3,ros,2026
3968,74496,S15,3,3,ros,2026
3969,74560,S15,3,3,ros,2026
3970,74624,S15,3,3,ros,2026
3971,74688,S15,3,4,ros,2026
3972,74752,S15,3,3,ros,2026
3973,74816,S15,3,3,ros,2026
3974,74880,S15,3,3,ros,2026
3975,74944,S15,3,3,ros,2026
3976,75008,S15,3,3,ros,2026
3977,75072,S15,3,3,ros,2026
3978,75136,S15,3,3,ros,2026
3979,75200,S15,3,3,ros,2026
3980,75264,S15,3,3,ros,2026
3981,75328,S15,3,3,ros,2026
3982,75392,S15,3,3,ros,2026
3983,75456,S15,3,3,ros,2026
3984,75520,S15,3,3,ros,2026
3985,75584,S15,3,3,ros,2026
3986,75648,S15,3,3,ros,2026
3987,75712,S15,3,3,ros,2026
3988,75776,S15,3,3,ros,2026
3989,75840,S15,3,3,ros,2026
3990,75904,S15,3,3,ros,2026
3991,75968,S15,3,3,ros,2026
3992,76032,S15,3,3,ros,2026
3993,76096,S15,3,5,ros,2026
3994,76160,S15,3,2,ros,2026
3995,76224,S15,3,3,ros,2026
3996,76288,S15,3,3,ros,2026
3997,76352,S15,3,3,ros,2026
3998,76416,S15,3,3,ros,2026
3999,76480,S15,3,3,ros,2026
4000,76544,S15,3,3,ros,2026
4001,76608,S15,3,3,ros,2026
4002,76672,S15,3,3,ros,2026
4003,76736,S15,3,3,ros,2026
4004,76800,S15,3,3,ros,2026
4005,76864,S15,3,3,ros,2026
4006,76928,S15,3,3,ros,2026
4007,76992,S15,3,3,ros,2026
4008,77056,S15,3,3,ros,2026
4009,77120,S15,3,3,ros,2026
4010,77184,S15,3,3,ros,2026
4011,77248,S15,3,3,ros,2026
4012,77312,S15,3,3,ros,2026
4013,77376,S15,3,3,ros,2026
4014,77440,S15,3,3,ros,2026
4015,77504,S15,3,3,ros,2026
4016,77568,S15,3,3,ros,2026
4017,77632,S15,3,3,ros,2026
4018,77696,S15,3,3,ros,2026
4019,77760,S15,3,3,ros,2026
4020,77824,S15,3,3,ros,2026
4021,77888,S15,3,3,ros,2026
4022,77952,S15,3,3,ros,2026
4023,78016,S15,3,3,ros,2026
4024,78080,S15,3,3,ros,2026
4025,78144,S15,3,3,ros,2026
4026,78208,S15,3,3,ros,2026
4027,78272,S15,3,3,ros,2026
4028,78336,S15,3,3,ros,2026
4029,78400,S15,3,3,ros,2026
4030,78464,S15,3,3,ros,2026
4031,78528,S15,3,3,ros,2026
4032,78592,S15,3,3,ros,2026
4033,78656,S15,3,3,ros,2026
4034,78720,S15,3,3,ros,2026
4035,78784,S15,3,3,ros,2026
4036,78848,S15,3,3,ros,2026
4037,78912,S15,3,3,ros,2026
4038,78976,S15,3,3,ros,2026
4039,79040,S15,3,3,ros,2026
4040,79104,S15,3,3,ros,2026
4041,79168,S15,3,3,ros,2026
4042,79232,S15,3,3,ros,2026
4043,79296,S15,3,3,ros,2026
4044,79360,S15,3,3,ros,2026
4045,79424,S15,3,3,ros,2026
4046,79488,S15,3,3,ros,2026
4047,79552,S15,3,3,ros,2026
4048,79616,S15,3,3,ros,2026
4049,79680,S15,3,3,ros,2026
4050,79744,S15,3,3,ros,2026
4051,79808,S15,3,3,ros,2026
4052,79872,S15,3,3,ros,2026
4053,79936,S15,3,3,ros,2026
4054,80000,S15,3,3,ros,2026
4055,80064,S15,3,3,ros,2026
4056,80128,S15,3,3,ros,2026
4057,80192,S15,3,3,ros,2026
4058,80256,S15,3,4,ros,2026
4059,80320,S15,3,0,ros,2026
4060,80384,S15,3,3,ros,2026
4061,80448,S15,3,3,ros,2026
4062,80512,S15,3,3,ros,2026
4063,80576,S15,3,3,ros,2026
4064,80640,S15,3,3,ros,2026
4065,80704,S15,3,3,ros,2026
4066,80768,S15,3,3,ros,2026
4067,80832,S15,3,3,ros,2026
4068,80896,S15,3,3,ros,2026
4069,80960,S15,3,3,ros,2026
4070,81024,S15,3,3,ros,2026
4071,81088,S15,3,3,ros,2026
4072,81152,S15,3,3,ros,2026
4073,81216,S15,3,3,ros,2026
4074,95936,S15,4,5,ros,2026
4075,96000,S15,4,4,ros,2026
4076,96064,S15,4,5,ros,2026
4077,96128,S15,4,5,ros,2026
4078,96192,S15,4,4,ros,2026
4079,96256,S15,4,5,ros,2026
4080,96320,S15,4,5,ros,2026
4081,96384,S15,4,4,ros,2026
4082,96448,S15,4,5,ros,2026
4083,96512,S15,4,5,ros,2026
4084,96576,S15,4,5,ros,2026
4085,96640,S15,4,5,ros,2026
4086,96704,S15,4,5,ros,2026
4087,96768,S15,4,5,ros,2026
4088,96832,S15,4,4,ros,2026
4089,96896,S15,4,4,ros,2026
4090,96960,S15,4,7,ros,2026
4091,97024,S15,4,5,ros,2026
4092,97088,S15,4,5,ros,2026
4093,97152,S15,4,7,ros,2026
4094,97216,S15,4,5,ros,2026
4095,97280,S15,4,5,ros,2026
4096,97344,S15,4,5,ros,2026
4097,97408,S15,4,5,ros,2026
4098,97472,S15,4,5,ros,2026
4099,97536,S15,4,5,ros,2026
4100,97600,S15,4,4,ros,2026
4101,97664,S15,4,5,ros,2026
4102,97728,S15,4,5,ros,2026
4103,97792,S15,4,5,ros,2026
4104,97856,S15,4,5,ros,2026
4105,97920,S15,4,4,ros,2026
4106,97984,S15,4,4,ros,2026
4107,98048,S15,4,5,ros,2026
4108,98112,S15,4,5,ros,2026
4109,98176,S15,4,5,ros,2026
4110,98240,S15,4,4,ros,2026
4111,98304,S15,4,5,ros,2026
4112,98368,S15,4,4,ros,2026
4113,98432,S15,4,7,ros,2026
4114,98496,S15,4,5,ros,2026
4115,98560,S15,4,5,ros,2026
4116,98624,S15,4,7,ros,2026
4117,98688,S15,4,4,ros,2026
4118,98752,S15,4,5,ros,2026
4119,98816,S15,4,5,ros,2026
4120,98880,S15,4,5,ros,2026
4121,98944,S15,4,4,ros,2026
4122,99008,S15,4,5,ros,2026
4123,99072,S15,4,5,ros,2026
4124,99136,S15,4,2,ros,2026
4125,99200,S15,4,5,ros,2026
4126,99264,S15,4,5,ros,2026
4127,99328,S15,4,4,ros,2026
4128,99392,S15,4,5,ros,2026
4129,99456,S15,4,5,ros,2026
4130,99520,S15,4,5,ros,2026
4131,99584,S15,4,5,ros,2026
4132,99648,S15,4,5,ros,2026
4133,99712,S15,4,5,ros,2026
4134,99776,S15,4,4,ros,2026
4135,99840,S15,4,5,ros,2026
4136,99904,S15,4,5,ros,2026
4137,99968,S15,4,5,ros,2026
4138,100032,S15,4,5,ros,2026
4139,100096,S15,4,5,ros,2026
4140,100160,S15,4,5,ros,2026
4141,100224,S15,4,7,ros,2026
4142,100288,S15,4,5,ros,2026
4143,100352,S15,4,5,ros,2026
4144,100416,S15,4,5,ros,2026
4145,100480,S15,4,5,ros,2026
4146,100544,S15,4,7,ros,2026
4147,100608,S15,4,5,ros,2026
4148,100672,S15,4,0,ros,2026
4149,100736,S15,4,5,ros,2026
4150,100800,S15,4,5,ros,2026
4151,100864,S15,4,5,ros,2026
4152,100928,S15,4,4,ros,2026
4153,100992,S15,4,5,ros,2026
4154,101056,S15,4,5,ros,2026
4155,101120,S15,4,5,ros,2026
4156,101184,S15,4,4,ros,2026
4157,101248,S15,4,5,ros,2026
4158,101312,S15,4,4,ros,2026
4159,101376,S15,4,5,ros,2026
4160,101440,S15,4,5,ros,2026
4161,101504,S15,4,5,ros,2026
4162,101568,S15,4,5,ros,2026
4163,101632,S15,4,5,ros,2026
4164,101696,S15,4,5,ros,2026
4165,101760,S15,4,4,ros,2026
4166,101824,S15,4,5,ros,2026
4167,101888,S15,4,4,ros,2026
4168,101952,S15,4,4,ros,2026
4169,102016,S15,4,5,ros,2026
4170,102080,S15,4,5,ros,2026
4171,102144,S15,4,5,ros,2026
4172,102208,S15,4,5,ros,2026
4173,102272,S15,4,4,ros,2026
4174,102336,S15,4,4,ros,2026
4175,102400,S15,4,5,ros,2026
4176,102464,S15,4,7,ros,2026
4177,102528,S15,4,4,ros,2026
4178,102592,S15,4,5,ros,2026
4179,102656,S15,4,4,ros,2026
4180,102720,S15,4,4,ros,2026
4181,102784,S15,4,4,ros,2026
4182,102848,S15,4,7,ros,2026
4183,102912,S15,4,7,ros,2026
4184,102976,S15,4,5,ros,2026
4185,103040,S15,4,4,ros,2026
4186,103104,S15,4,5,ros,2026
4187,103168,S15,4,5,ros,2026
4188,103232,S15,4,4,ros,2026
4189,103296,S15,4,5,ros,2026
4190,103360,S15,4,5,ros,2026
4191,103424,S15,4,4,ros,2026
4192,103488,S15,4,5,ros,2026
4193,103552,S15,4,5,ros,2026
4194,103616,S15,4,5,ros,2026
4195,103680,S15,4,5,ros,2026
4196,103744,S15,4,7,ros,2026
4197,103808,S15,4,4,ros,2026
4198,103872,S15,4,4,ros,2026
4199,103936,S15,4,5,ros,2026
4200,104000,S15,4,5,ros,2026
4201,104064,S15,4,5,ros,2026
4202,104128,S15,4,4,ros,2026
4203,104192,S15,4,5,ros,2026
4204,104256,S15,4,4,ros,2026
4205,104320,S15,4,4,ros,2026
4206,104384,S15,4,5,ros,2026
4207,104448,S15,4,5,ros,2026
4208,104512,S15,4,4,ros,2026
4209,104576,S15,4,4,ros,2026
4210,104640,S15,4,5,ros,2026
4211,104704,S15,4,5,ros,2026
4212,104768,S15,4,5,ros,2026
4213,104832,S15,4,7,ros,2026
4214,104896,S15,4,4,ros,2026
4215,104960,S15,4,5,ros,2026
4216,105024,S15,4,7,ros,2026
4217,105088,S15,4,5,ros,2026
4218,105152,S15,4,4,ros,2026
4219,105216,S15,4,5,ros,2026
4220,105280,S15,4,5,ros,2026
4221,105344,S15,4,5,ros,2026
4222,105408,S15,4,5,ros,2026
4223,105472,S15,4,5,ros,2026
4224,105536,S15,4,4,ros,2026
4225,105600,S15,4,7,ros,2026
4226,105664,S15,4,5,ros,2026
4227,105728,S15,4,5,ros,2026
4228,105792,S15,4,5,ros,2026
4229,105856,S15,4,4,ros,2026
4230,105920,S15,4,5,ros,2026
4231,105984,S15,4,7,ros,2026
4232,106048,S15,4,5,ros,2026
4233,106112,S15,4,4,ros,2026
4234,106176,S15,4,5,ros,2026
4235,106240,S15,4,4,ros,2026
4236,106304,S15,4,5,ros,2026
4237,106368,S15,4,7,ros,2026
4238,106432,S15,4,5,ros,2026
4239,106496,S15,4,5,ros,2026
4240,106560,S15,4,7,ros,2026
4241,106624,S15,4,5,ros,2026
4242,106688,S15,4,4,ros,2026
4243,106752,S15,4,5,ros,2026
4244,106816,S15,4,5,ros,2026
4245,106880,S15,4,5,ros,2026
4246,106944,S15,4,5,ros,2026
4247,107008,S15,4,7,ros,2026
4248,107072,S15,4,5,ros,2026
4249,107136,S15,4,5,ros,2026
4250,107200,S15,4,5,ros,2026
4251,107264,S15,4,5,ros,2026
4252,107328,S15,4,4,ros,2026
4253,107392,S15,4,5,ros,2026
4254,107456,S15,4,5,ros,2026
4255,107520,S15,4,4,ros,2026
4256,107584,S15,4,4,ros,2026
4257,107648,S15,4,5,ros,2026
4258,107712,S15,4,5,ros,2026
4259,107776,S15,4,7,ros,2026
4260,107840,S15,4,5,ros,2026
4261,107904,S15,4,4,ros,2026
4262,107968,S15,4,4,ros,2026
4263,108032,S15,4,2,ros,2026
4264,108096,S15,4,5,ros,2026
4265,108160,S15,4,5,ros,2026
4266,108224,S15,4,5,ros,2026
4267,108288,S15,4,5,ros,2026
4268,108352,S15,4,2,ros,2026
4269,108416,S15,4,5,ros,2026
4270,108480,S15,4,5,ros,2026
4271,108544,S15,4,5,ros,2026
4272,108608,S15,4,5,ros,2026
4273,108672,S15,4,5,ros,2026
4274,108736,S15,4,5,ros,2026
4275,108800,S15,4,2,ros,2026
4276,108864,S15,4,7,ros,2026
4277,108928,S15,4,5,ros,2026
4278,108992,S15,4,5,ros,2026
4279,109056,S15,4,4,ros,2026
4280,109120,S15,4,7,ros,2026
4281,109184,S15,4,5,ros,2026
4282,109248,S15,4,5,ros,2026
4283,109312,S15,4,5,ros,2026
4284,109376,S15,4,5,ros,2026
4285,109440,S15,4,5,ros,2026
4286,109504,S15,4,7,ros,2026
4287,109568,S15,4,4,ros,2026
4288,109632,S15,4,4,ros,2026
4289,109696,S15,4,4,ros,2026
4290,109760,S15,4,5,ros,2026
4291,109824,S15,4,5,ros,2026
4292,109888,S15,4,4,ros,2026
4293,109952,S15,4,4,ros,2026
4294,110016,S15,4,4,ros,2026
4295,110080,S15,4,4,ros,2026
4296,110144,S15,4,4,ros,2026
4297,110208,S15,4,7,ros,2026
4298,110272,S15,4,5,ros,2026
4299,110336,S15,4,5,ros,2026
4300,110400,S15,4,5,ros,2026
4301,110464,S15,4,5,ros,2026
4302,110528,S15,4,5,ros,2026
4303,110592,S15,4,5,ros,2026
4304,110656,S15,4,5,ros,2026
4305,110720,S15,4,7,ros,2026
4306,110784,S15,4,5,ros,2026
4307,110848,S15,4,5,ros,2026
4308,110912,S15,4,4,ros,2026
4309,110976,S15,4,5,ros,2026
4310,111040,S15,4,7,ros,2026
4311,111104,S15,4,5,ros,2026
4312,111168,S15,4,5,ros,2026
4313,111232,S15,4,5,ros,2026
4314,111296,S15,4,5,ros,2026
4315,111360,S15,4,5,ros,2026
4316,111424,S15,4,5,ros,2026
4317,111488,S15,4,7,ros,2026
4318,111552,S15,4,4,ros,2026
4319,111616,S15,4,4,ros,2026
4320,111680,S15,4,7,ros,2026
4321,111744,S15,4,0,ros,2026
4322,111808,S15,4,5,ros,2026
4323,111872,S15,4,5,ros,2026
4324,111936,S15,4,5,ros,2026
4325,112000,S15,4,5,ros,2026
4326,112064,S15,4,5,ros,2026
4327,112128,S15,4,5,ros,2026
4328,112192,S15,4,5,ros,2026
4329,112256,S15,4,5,ros,2026
4330,112320,S15,4,5,ros,2026
4331,112384,S15,4,5,ros,2026
4332,112448,S15,4,5,ros,2026
4333,112512,S15,4,5,ros,2026
4334,112576,S15,4,5,ros,2026
4335,112640,S15,4,4,ros,2026
4336,112704,S15,4,4,ros,2026
4337,112768,S15,4,5,ros,2026
4338,112832,S15,4,5,ros,2026
4339,112896,S15,4,4,ros,2026
4340,112960,S15,4,5,ros,2026
4341,113024,S15,4,5,ros,2026
4342,113088,S15,4,5,ros,2026
4343,113152,S15,4,5,ros,2026
4344,113216,S15,4,5,ros,2026
4345,113280,S15,4,4,ros,2026
4346,113344,S15,4,5,ros,2026
4347,113408,S15,4,2,ros,2026
4348,113472,S15,4,7,ros,2026
4349,113536,S15,4,4,ros,2026
4350,113600,S15,4,7,ros,2026
4351,113664,S15,4,4,ros,2026
4352,113728,S15,4,5,ros,2026
4353,113792,S15,4,0,ros,2026
4354,113856,S15,4,5,ros,2026
4355,113920,S15,4,5,ros,2026
4356,113984,S15,4,4,ros,2026
4357,114048,S15,4,7,ros,2026
4358,114112,S15,4,5,ros,2026
4359,114176,S15,4,4,ros,2026
4360,114240,S15,4,5,ros,2026
4361,114304,S15,4,4,ros,2026
4362,114368,S15,4,5,ros,2026
4363,114432,S15,4,7,ros,2026
4364,114496,S15,4,5,ros,2026
4365,114560,S15,4,5,ros,2026
4366,114624,S15,4,5,ros,2026
4367,114688,S15,4,4,ros,2026
4368,114752,S15,4,7,ros,2026
4369,114816,S15,4,5,ros,2026
4370,114880,S15,4,4,ros,2026
4371,114944,S15,4,4,ros,2026
4372,115008,S15,4,5,ros,2026
4373,115072,S15,4,5,ros,2026
4374,115136,S15,4,0,ros,2026
4375,115200,S15,4,5,ros,2026
4376,115264,S15,4,5,ros,2026
4377,115328,S15,4,4,ros,2026
4378,115392,S15,4,5,ros,2026
4379,115456,S15,4,5,ros,2026
4380,115520,S15,4,5,ros,2026
4381,115584,S15,4,7,ros,2026
4382,115648,S15,4,5,ros,2026
4383,115712,S15,4,5,ros,2026
4384,115776,S15,4,4,ros,2026
4385,115840,S15,4,5,ros,2026
4386,115904,S15,4,7,ros,2026
4387,115968,S15,4,4,ros,2026
4388,116032,S15,4,7,ros,2026
4389,116096,S15,4,5,ros,2026
4390,116160,S15,4,2,ros,2026
4391,116224,S15,4,5,ros,2026
4392,116288,S15,4,4,ros,2026
4393,116352,S15,4,5,ros,2026
4394,116416,S15,4,5,ros,2026
4395,116480,S15,4,4,ros,2026
4396,116544,S15,4,5,ros,2026
4397,116608,S15,4,5,ros,2026
4398,116672,S15,4,5,ros,2026
4399,116736,S15,4,5,ros,2026
4400,116800,S15,4,5,ros,2026
4401,116864,S15,4,5,ros,2026
4402,116928,S15,4,5,ros,2026
4403,116992,S15,4,5,ros,2026
4404,117056,S15,4,4,ros,2026
4405,117120,S15,4,7,ros,2026
4406,117184,S15,4,0,ros,2026
4407,117248,S15,4,5,ros,2026
4408,117312,S15,4,4,ros,2026
4409,117376,S15,4,7,ros,2026
4410,117440,S15,4,5,ros,2026
4411,117504,S15,4,5,ros,2026
4412,117568,S15,4,5,ros,2026
4413,117632,S15,4,0,ros,2026
4414,117696,S15,4,7,ros,2026
4415,117760,S15,4,7,ros,2026
4416,117824,S15,4,5,ros,2026
4417,117888,S15,4,4,ros,2026
4418,117952,S15,4,5,ros,2026
4419,118016,S15,4,5,ros,2026
4420,118080,S15,4,4,ros,2026
4421,118144,S15,4,5,ros,2026
4422,118208,S15,4,7,ros,2026
4423,118272,S15,4,5,ros,2026
4424,118336,S15,4,4,ros,2026
4425,118400,S15,4,4,ros,2026
4426,118464,S15,4,5,ros,2026
4427,118528,S15,4,5,ros,2026
4428,118592,S15,4,5,ros,2026
4429,118656,S15,4,5,ros,2026
4430,118720,S15,4,5,ros,2026
4431,118784,S15,4,5,ros,2026
4432,118848,S15,4,5,ros,2026
4433,118912,S15,4,4,ros,2026
4434,118976,S15,4,4,ros,2026
4435,119040,S15,4,4,ros,2026
4436,119104,S15,4,5,ros,2026
4437,119168,S15,4,4,ros,2026
4438,119232,S15,4,5,ros,2026
4439,119296,S15,4,5,ros,2026
4440,119360,S15,4,5,ros,2026
4441,119424,S15,4,5,ros,2026
4442,119488,S15,4,4,ros,2026
4443,119552,S15,4,5,ros,2026
4444,119616,S15,4,5,ros,2026
4445,119680,S15,4,5,ros,2026
4446,119744,S15,4,4,ros,2026
4447,119808,S15,4,5,ros,2026
4448,119872,S15,4,4,ros,2026
4449,119936,S15,4,5,ros,2026
4450,120000,S15,4,5,ros,2026
4451,120064,S15,4,5,ros,2026
4452,120128,S15,4,5,ros,2026
4453,120192,S15,4,5,ros,2026
4454,120256,S15,4,4,ros,2026
4455,120320,S15,4,5,ros,2026
4456,120384,S15,4,5,ros,2026
4457,120448,S15,4,4,ros,2026
4458,120512,S15,4,5,ros,2026
4459,120576,S15,4,4,ros,2026
4460,120640,S15,4,5,ros,2026
4461,120704,S15,4,5,ros,2026
4462,120768,S15,4,5,ros,2026
4463,120832,S15,4,4,ros,2026
4464,120896,S15,4,7,ros,2026
4465,134336,S15,5,5,ros,2026
4466,134400,S15,5,5,ros,2026
4467,134464,S15,5,4,ros,2026
4468,134528,S15,5,4,ros,2026
4469,134592,S15,5,5,ros,2026
4470,134656,S15,5,5,ros,2026
4471,134720,S15,5,5,ros,2026
4472,134784,S15,5,5,ros,2026
4473,134848,S15,5,5,ros,2026
4474,134912,S15,5,5,ros,2026
4475,134976,S15,5,5,ros,2026
4476,135040,S15,5,7,ros,2026
4477,135104,S15,5,2,ros,2026
4478,135168,S15,5,5,ros,2026
4479,135232,S15,5,5,ros,2026
4480,135296,S15,5,5,ros,2026
4481,135360,S15,5,5,ros,2026
4482,135424,S15,5,0,ros,2026
4483,135488,S15,5,5,ros,2026
4484,135552,S15,5,5,ros,2026
4485,135616,S15,5,7,ros,2026
4486,135680,S15,5,5,ros,2026
4487,135744,S15,5,5,ros,2026
4488,135808,S15,5,4,ros,2026
4489,135872,S15,5,5,ros,2026
4490,135936,S15,5,5,ros,2026
4491,136000,S15,5,5,ros,2026
4492,136064,S15,5,5,ros,2026
4493,136128,S15,5,5,ros,2026
4494,136192,S15,5,4,ros,2026
4495,136256,S15,5,0,ros,2026
4496,136320,S15,5,7,ros,2026
4497,136384,S15,5,5,ros,2026
4498,136448,S15,5,5,ros,2026
4499,136512,S15,5,5,ros,2026
4500,136576,S15,5,5,ros,2026
4501,136640,S15,5,7,ros,2026
4502,136704,S15,5,5,ros,2026
4503,136768,S15,5,5,ros,2026
4504,136832,S15,5,7,ros,2026
4505,136896,S15,5,5,ros,2026
4506,136960,S15,5,7,ros,2026
4507,137024,S15,5,5,ros,2026
4508,137088,S15,5,5,ros,2026
4509,137152,S15,5,5,ros,2026
4510,137216,S15,5,5,ros,2026
4511,137280,S15,5,5,ros,2026
4512,137344,S15,5,5,ros,2026
4513,137408,S15,5,7,ros,2026
4514,137472,S15,5,7,ros,2026
4515,137536,S15,5,7,ros,2026
4516,137600,S15,5,4,ros,2026
4517,137664,S15,5,5,ros,2026
4518,137728,S15,5,5,ros,2026
4519,137792,S15,5,4,ros,2026
4520,137856,S15,5,5,ros,2026
4521,137920,S15,5,5,ros,2026
4522,137984,S15,5,5,ros,2026
4523,138048,S15,5,5,ros,2026
4524,138112,S15,5,7,ros,2026
4525,138176,S15,5,5,ros,2026
4526,138240,S15,5,5,ros,2026
4527,138304,S15,5,5,ros,2026
4528,138368,S15,5,5,ros,2026
4529,138432,S15,5,5,ros,2026
4530,138496,S15,5,7,ros,2026
4531,138560,S15,5,5,ros,2026
4532,138624,S15,5,0,ros,2026
4533,138688,S15,5,5,ros,2026
4534,138752,S15,5,2,ros,2026
4535,138816,S15,5,5,ros,2026
4536,138880,S15,5,4,ros,2026
4537,138944,S15,5,7,ros,2026
4538,139008,S15,5,5,ros,2026
4539,139072,S15,5,5,ros,2026
4540,139136,S15,5,5,ros,2026
4541,139200,S15,5,5,ros,2026
4542,139264,S15,5,5,ros,2026
4543,139328,S15,5,5,ros,2026
4544,139392,S15,5,5,ros,2026
4545,139456,S15,5,5,ros,2026
4546,139520,S15,5,0,ros,2026
4547,139584,S15,5,5,ros,2026
4548,139648,S15,5,5,ros,2026
4549,139712,S15,5,5,ros,2026
4550,139776,S15,5,5,ros,2026
4551,139840,S15,5,7,ros,2026
4552,139904,S15,5,5,ros,2026
4553,139968,S15,5,5,ros,2026
4554,140032,S15,5,5,ros,2026
4555,140096,S15,5,5,ros,2026
4556,140160,S15,5,5,ros,2026
4557,140224,S15,5,5,ros,2026
4558,140288,S15,5,5,ros,2026
4559,140352,S15,5,2,ros,2026
4560,140416,S15,5,5,ros,2026
4561,140480,S15,5,5,ros,2026
4562,140544,S15,5,5,ros,2026
4563,140608,S15,5,5,ros,2026
4564,140672,S15,5,5,ros,2026
4565,140736,S15,5,5,ros,2026
4566,140800,S15,5,5,ros,2026
4567,140864,S15,5,5,ros,2026
4568,140928,S15,5,5,ros,2026
4569,140992,S15,5,4,ros,2026
4570,141056,S15,5,5,ros,2026
4571,141120,S15,5,5,ros,2026
4572,141184,S15,5,5,ros,2026
4573,141248,S15,5,7,ros,2026
4574,141312,S15,5,5,ros,2026
4575,141376,S15,5,5,ros,2026
4576,141440,S15,5,5,ros,2026
4577,141504,S15,5,0,ros,2026
4578,141568,S15,5,5,ros,2026
4579,141632,S15,5,5,ros,2026
4580,141696,S15,5,5,ros,2026
4581,141760,S15,5,5,ros,2026
4582,141824,S15,5,5,ros,2026
4583,141888,S15,5,7,ros,2026
4584,141952,S15,5,4,ros,2026
4585,142016,S15,5,5,ros,2026
4586,142080,S15,5,5,ros,2026
4587,142144,S15,5,5,ros,2026
4588,142208,S15,5,5,ros,2026
4589,142272,S15,5,5,ros,2026
4590,142336,S15,5,5,ros,2026
4591,142400,S15,5,5,ros,2026
4592,142464,S15,5,5,ros,2026
4593,142528,S15,5,2,ros,2026
4594,142592,S15,5,7,ros,2026
4595,142656,S15,5,0,ros,2026
4596,142720,S15,5,5,ros,2026
4597,142784,S15,5,7,ros,2026
4598,142848,S15,5,2,ros,2026
4599,142912,S15,5,5,ros,2026
4600,142976,S15,5,5,ros,2026
4601,143040,S15,5,5,ros,2026
4602,143104,S15,5,4,ros,2026
4603,143168,S15,5,5,ros,2026
4604,143232,S15,5,5,ros,2026
4605,143296,S15,5,5,ros,2026
4606,143360,S15,5,5,ros,2026
4607,143424,S15,5,2,ros,2026
4608,143488,S15,5,5,ros,2026
4609,143552,S15,5,5,ros,2026
4610,143616,S15,5,4,ros,2026
4611,143680,S15,5,5,ros,2026
4612,143744,S15,5,5,ros,2026
4613,143808,S15,5,5,ros,2026
4614,143872,S15,5,5,ros,2026
4615,143936,S15,5,4,ros,2026
4616,144000,S15,5,5,ros,2026
4617,144064,S15,5,2,ros,2026
4618,144128,S15,5,5,ros,2026
4619,144192,S15,5,5,ros,2026
4620,144256,S15,5,7,ros,2026
4621,144320,S15,5,5,ros,2026
4622,144384,S15,5,5,ros,2026
4623,144448,S15,5,5,ros,2026
4624,144512,S15,5,5,ros,2026
4625,144576,S15,5,5,ros,2026
4626,144640,S15,5,5,ros,2026
4627,144704,S15,5,5,ros,2026
4628,144768,S15,5,5,ros,2026
4629,144832,S15,5,5,ros,2026
4630,144896,S15,5,5,ros,2026
4631,144960,S15,5,5,ros,2026
4632,145024,S15,5,5,ros,2026
4633,145088,S15,5,5,ros,2026
4634,145152,S15,5,5,ros,2026
4635,145216,S15,5,5,ros,2026
4636,145280,S15,5,0,ros,2026
4637,145344,S15,5,5,ros,2026
4638,145408,S15,5,5,ros,2026
4639,145472,S15,5,5,ros,2026
4640,145536,S15,5,5,ros,2026
4641,145600,S15,5,5,ros,2026
4642,145664,S15,5,5,ros,2026
4643,145728,S15,5,5,ros,2026
4644,145792,S15,5,5,ros,2026
4645,145856,S15,5,5,ros,2026
4646,145920,S15,5,5,ros,2026
4647,145984,S15,5,5,ros,2026
4648,146048,S15,5,5,ros,2026
4649,146112,S15,5,4,ros,2026
4650,146176,S15,5,5,ros,2026
4651,146240,S15,5,5,ros,2026
4652,146304,S15,5,5,ros,2026
4653,146368,S15,5,5,ros,2026
4654,146432,S15,5,5,ros,2026
4655,146496,S15,5,4,ros,2026
4656,146560,S15,5,7,ros,2026
4657,146624,S15,5,5,ros,2026
4658,146688,S15,5,5,ros,2026
4659,146752,S15,5,5,ros,2026
4660,146816,S15,5,5,ros,2026
4661,146880,S15,5,5,ros,2026
4662,146944,S15,5,5,ros,2026
4663,147008,S15,5,4,ros,2026
4664,147072,S15,5,5,ros,2026
4665,147136,S15,5,5,ros,2026
4666,147200,S15,5,7,ros,2026
4667,147264,S15,5,4,ros,2026
4668,147328,S15,5,5,ros,2026
4669,147392,S15,5,7,ros,2026
4670,147456,S15,5,5,ros,2026
4671,147520,S15,5,5,ros,2026
4672,147584,S15,5,5,ros,2026
4673,147648,S15,5,5,ros,2026
4674,147712,S15,5,5,ros,2026
4675,147776,S15,5,5,ros,2026
4676,147840,S15,5,5,ros,2026
4677,147904,S15,5,5,ros,2026
4678,147968,S15,5,4,ros,2026
4679,148032,S15,5,5,ros,2026
4680,148096,S15,5,7,ros,2026
4681,148160,S15,5,2,ros,2026
4682,148224,S15,5,5,ros,2026
4683,148288,S15,5,7,ros,2026
4684,148352,S15,5,5,ros,2026
4685,148416,S15,5,2,ros,2026
4686,148480,S15,5,5,ros,2026
4687,148544,S15,5,5,ros,2026
4688,148608,S15,5,5,ros,2026
4689,148672,S15,5,5,ros,2026
4690,148736,S15,5,5,ros,2026
4691,148800,S15,5,7,ros,2026
4692,148864,S15,5,5,ros,2026
4693,148928,S15,5,5,ros,2026
4694,148992,S15,5,5,ros,2026
4695,149056,S15,5,7,ros,2026
4696,149120,S15,5,5,ros,2026
4697,149184,S15,5,5,ros,2026
4698,149248,S15,5,5,ros,2026
4699,149312,S15,5,5,ros,2026
4700,149376,S15,5,5,ros,2026
4701,149440,S15,5,5,ros,2026
4702,149504,S15,5,2,ros,2026
4703,149568,S15,5,7,ros,2026
4704,149632,S15,5,5,ros,2026
4705,149696,S15,5,7,ros,2026
4706,149760,S15,5,5,ros,2026
4707,149824,S15,5,5,ros,2026
4708,149888,S15,5,5,ros,2026
4709,149952,S15,5,5,ros,2026
4710,150016,S15,5,5,ros,2026
4711,150080,S15,5,5,ros,2026
4712,150144,S15,5,5,ros,2026
4713,150208,S15,5,4,ros,2026
4714,150272,S15,5,5,ros,2026
4715,150336,S15,5,4,ros,2026
4716,150400,S15,5,5,ros,2026
4717,150464,S15,5,5,ros,2026
4718,150528,S15,5,5,ros,2026
4719,150592,S15,5,7,ros,2026
4720,150656,S15,5,5,ros,2026
4721,150720,S15,5,5,ros,2026
4722,150784,S15,5,5,ros,2026
4723,150848,S15,5,5,ros,2026
4724,150912,S15,5,5,ros,2026
4725,150976,S15,5,5,ros,2026
4726,151040,S15,5,7,ros,2026
4727,151104,S15,5,5,ros,2026
4728,151168,S15,5,5,ros,2026
4729,151232,S15,5,5,ros,2026
4730,151296,S15,5,7,ros,2026
4731,151360,S15,5,5,ros,2026
4732,151424,S15,5,5,ros,2026
4733,151488,S15,5,5,ros,2026
4734,151552,S15,5,5,ros,2026
4735,151616,S15,5,5,ros,2026
4736,151680,S15,5,5,ros,2026
4737,151744,S15,5,5,ros,2026
4738,151808,S15,5,4,ros,2026
4739,151872,S15,5,4,ros,2026
4740,151936,S15,5,5,ros,2026
4741,152000,S15,5,4,ros,2026
4742,152064,S15,5,4,ros,2026
4743,152128,S15,5,4,ros,2026
4744,152192,S15,5,5,ros,2026
4745,152256,S15,5,5,ros,2026
4746,152320,S15,5,5,ros,2026
4747,152384,S15,5,5,ros,2026
4748,152448,S15,5,5,ros,2026
4749,152512,S15,5,0,ros,2026
4750,152576,S15,5,7,ros,2026
4751,152640,S15,5,5,ros,2026
4752,152704,S15,5,7,ros,2026
4753,152768,S15,5,7,ros,2026
4754,152832,S15,5,5,ros,2026
4755,152896,S15,5,5,ros,2026
4756,152960,S15,5,5,ros,2026
4757,153024,S15,5,4,ros,2026
4758,153088,S15,5,5,ros,2026
4759,153152,S15,5,5,ros,2026
4760,153216,S15,5,5,ros,2026
4761,153280,S15,5,5,ros,2026
4762,153344,S15,5,5,ros,2026
4763,153408,S15,5,5,ros,2026
4764,153472,S15,5,5,ros,2026
4765,153536,S15,5,7,ros,2026
4766,153600,S15,5,5,ros,2026
4767,153664,S15,5,5,ros,2026
4768,153728,S15,5,7,ros,2026
4769,153792,S15,5,5,ros,2026
4770,153856,S15,5,7,ros,2026
4771,153920,S15,5,5,ros,2026
4772,153984,S15,5,7,ros,2026
4773,154048,S15,5,5,ros,2026
4774,154112,S15,5,5,ros,2026
4775,154176,S15,5,5,ros,2026
4776,154240,S15,5,5,ros,2026
4777,154304,S15,5,5,ros,2026
4778,154368,S15,5,7,ros,2026
4779,154432,S15,5,7,ros,2026
4780,154496,S15,5,1,ros,2026
4781,154560,S15,5,5,ros,2026
4782,154624,S15,5,7,ros,2026
4783,154688,S15,5,4,ros,2026
4784,154752,S15,5,2,ros,2026
4785,154816,S15,5,5,ros,2026
4786,154880,S15,5,7,ros,2026
4787,154944,S15,5,5,ros,2026
4788,155008,S15,5,5,ros,2026
4789,155072,S15,5,7,ros,2026
4790,155136,S15,5,5,ros,2026
4791,155200,S15,5,5,ros,2026
4792,155264,S15,5,5,ros,2026
4793,155328,S15,5,5,ros,2026
4794,155392,S15,5,5,ros,2026
4795,155456,S15,5,5,ros,2026
4796,155520,S15,5,5,ros,2026
4797,155584,S15,5,7,ros,2026
4798,155648,S15,5,5,ros,2026
4799,155712,S15,5,4,ros,2026
4800,155776,S15,5,7,ros,2026
4801,155840,S15,5,5,ros,2026
4802,155904,S15,5,2,ros,2026
4803,155968,S15,5,5,ros,2026
4804,156032,S15,5,0,ros,2026
4805,156096,S15,5,5,ros,2026
4806,156160,S15,5,5,ros,2026
4807,156224,S15,5,5,ros,2026
4808,156288,S15,5,5,ros,2026
4809,156352,S15,5,5,ros,2026
4810,156416,S15,5,5,ros,2026
4811,156480,S15,5,5,ros,2026
4812,156544,S15,5,2,ros,2026
4813,156608,S15,5,4,ros,2026
4814,156672,S15,5,4,ros,2026
4815,156736,S15,5,7,ros,2026
4816,156800,S15,5,5,ros,2026
4817,156864,S15,5,7,ros,2026
4818,156928,S15,5,5,ros,2026
4819,156992,S15,5,5,ros,2026
4820,157056,S15,5,0,ros,2026
4821,157120,S15,5,7,ros,2026
4822,157184,S15,5,5,ros,2026
4823,157248,S15,5,2,ros,2026
4824,157312,S15,5,5,ros,2026
4825,157376,S15,5,0,ros,2026
4826,157440,S15,5,7,ros,2026
4827,157504,S15,5,5,ros,2026
4828,157568,S15,5,5,ros,2026
4829,157632,S15,5,5,ros,2026
4830,157696,S15,5,5,ros,2026
4831,157760,S15,5,5,ros,2026
4832,157824,S15,5,5,ros,2026
4833,157888,S15,5,7,ros,2026
4834,157952,S15,5,7,ros,2026
4835,158016,S15,5,2,ros,2026
4836,158080,S15,5,4,ros,2026
4837,158144,S15,5,5,ros,2026
4838,158208,S15,5,5,ros,2026
4839,158272,S15,5,2,ros,2026
4840,158336,S15,5,5,ros,2026
4841,158400,S15,5,7,ros,2026
4842,158464,S15,5,4,ros,2026
4843,158528,S15,5,7,ros,2026
4844,158592,S15,5,5,ros,2026
4845,158656,S15,5,2,ros,2026
4846,158720,S15,5,5,ros,2026
4847,158784,S15,5,7,ros,2026
4848,158848,S15,5,5,ros,2026
4849,158912,S15,5,7,ros,2026
4850,158976,S15,5,5,ros,2026
4851,159040,S15,5,5,ros,2026
4852,159104,S15,5,5,ros,2026
4853,159168,S15,5,7,ros,2026
4854,159232,S15,5,4,ros,2026
4855,159296,S15,5,5,ros,2026
4856,159360,S15,5,4,ros,2026
4857,159424,S15,5,5,ros,2026
4858,159488,S15,5,5,ros,2026
4859,159552,S15,5,5,ros,2026
4860,159616,S15,5,5,ros,2026
4861,159680,S15,5,5,ros,2026
4862,159744,S15,5,5,ros,2026
4863,159808,S15,5,7,ros,2026
4864,159872,S15,5,7,ros,2026
4865,159936,S15,5,5,ros,2026
4866,160000,S15,5,7,ros,2026
4867,160064,S15,5,5,ros,2026
4868,160128,S15,5,5,ros,2026
4869,160192,S15,5,7,ros,2026
4870,160256,S15,5,7,ros,2026
4871,160320,S15,5,5,ros,2026
4872,160384,S15,5,5,ros,2026
4873,160448,S15,5,5,ros,2026
4874,160512,S15,5,0,ros,2026
4875,160576,S15,5,5,ros,2026
4876,160640,S15,5,5,ros,2026
4877,160704,S15,5,5,ros,2026
4878,160768,S15,5,7,ros,2026
4879,160832,S15,5,5,ros,2026
4880,160896,S15,5,5,ros,2026
4881,160960,S15,5,7,ros,2026
4882,161024,S15,5,5,ros,2026
4883,161088,S15,5,5,ros,2026
4884,161152,S15,5,5,ros,2026
4885,161216,S15,5,7,ros,2026
4886,161280,S15,5,7,ros,2026
4887,161344,S15,5,2,ros,2026
4888,161408,S15,5,7,ros,2026
4889,161472,S15,5,5,ros,2026
4890,161536,S15,5,0,ros,2026
4891,161600,S15,5,5,ros,2026
4892,161664,S15,5,5,ros,2026
4893,161728,S15,5,7,ros,2026
4894,161792,S15,5,5,ros,2026
4895,161856,S15,5,5,ros,2026
4896,161920,S15,5,7,ros,2026
4897,161984,S15,5,7,ros,2026
4898,162048,S15,5,5,ros,2026
4899,162112,S15,5,5,ros,2026
4900,162176,S15,5,5,ros,2026
4901,162240,S15,5,4,ros,2026
4902,162304,S15,5,5,ros,2026
4903,162368,S15,5,0,ros,2026
4904,162432,S15,5,5,ros,2026
4905,162496,S15,5,5,ros,2026
4906,162560,S15,5,5,ros,2026
4907,162624,S15,5,5,ros,2026
4908,162688,S15,5,5,ros,2026
4909,162752,S15,5,5,ros,2026
4910,162816,S15,5,5,ros,2026
4911,162880,S15,5,2,ros,2026
4912,162944,S15,5,4,ros,2026
4913,163008,S15,5,5,ros,2026
4914,163072,S15,5,5,ros,2026
4915,163136,S15,5,2,ros,2026
4916,163200,S15,5,7,ros,2026
4917,163264,S15,5,5,ros,2026
4918,163328,S15,5,5,ros,2026
4919,163392,S15,5,5,ros,2026
4920,163456,S15,5,5,ros,2026
4921,163520,S15,5,2,ros,2026
4922,163584,S15,5,7,ros,2026
4923,163648,S15,5,5,ros,2026
4924,163712,S15,5,5,ros,2026
4925,163776,S15,5,5,ros,2026
4926,163840,S15,5,5,ros,2026
4927,163904,S15,5,5,ros,2026
4928,163968,S15,5,5,ros,2026
4929,164032,S15,5,4,ros,2026
4930,164096,S15,5,7,ros,2026
4931,164160,S15,5,5,ros,2026
4932,164224,S15,5,5,ros,2026
4933,164288,S15,5,5,ros,2026
4934,164352,S15,5,5,ros,2026
4935,164416,S15,5,5,ros,2026
4936,164480,S15,5,5,ros,2026
4937,164544,S15,5,5,ros,2026
4938,164608,S15,5,5,ros,2026
4939,164672,S15,5,5,ros,2026
4940,164736,S15,5,5,ros,2026
4941,164800,S15,5,5,ros,2026
4942,164864,S15,5,5,ros,2026
4943,164928,S15,5,5,ros,2026
4944,164992,S15,5,5,ros,2026
4945,165056,S15,5,5,ros,2026
4946,165120,S15,5,4,ros,2026
4947,165184,S15,5,5,ros,2026
4948,165248,S15,5,7,ros,2026
4949,165312,S15,5,7,ros,2026
4950,165376,S15,5,5,ros,2026
4951,165440,S15,5,5,ros,2026
4952,165504,S15,5,5,ros,2026
4953,165568,S15,5,4,ros,2026
4954,165632,S15,5,5,ros,2026
4955,165696,S15,5,7,ros,2026
4956,165760,S15,5,4,ros,2026
4957,165824,S15,5,5,ros,2026
4958,165888,S15,5,5,ros,2026
4959,165952,S15,5,5,ros,2026
4960,166016,S15,5,5,ros,2026
4961,166080,S15,5,7,ros,2026
4962,166144,S15,5,5,ros,2026
4963,166208,S15,5,5,ros,2026
4964,166272,S15,5,0,ros,2026
4965,166336,S15,5,5,ros,2026
4966,166400,S15,5,5,ros,2026
4967,166464,S15,5,5,ros,2026
4968,166528,S15,5,5,ros,2026
4969,166592,S15,5,7,ros,2026
4970,166656,S15,5,4,ros,2026
4971,166720,S15,5,5,ros,2026
4972,166784,S15,5,7,ros,2026
4973,166848,S15,5,5,ros,2026
4974,166912,S15,5,5,ros,2026
4975,166976,S15,5,5,ros,2026
4976,167040,S15,5,7,ros,2026
4977,167104,S15,5,5,ros,2026
4978,167168,S15,5,5,ros,2026
4979,167232,S15,5,5,ros,2026
4980,167296,S15,5,5,ros,2026
4981,167360,S15,5,5,ros,2026
4982,167424,S15,5,5,ros,2026
4983,167488,S15,5,5,ros,2026
4984,167552,S15,5,5,ros,2026
4985,167616,S15,5,5,ros,2026
4986,167680,S15,5,5,ros,2026
4987,167744,S15,5,5,ros,2026
4988,167808,S15,5,5,ros,2026
4989,167872,S15,5,5,ros,2026
4990,167936,S15,5,5,ros,2026
4991,168000,S15,5,5,ros,2026
4992,168064,S15,5,5,ros,2026
4993,168128,S15,5,5,ros,2026
4994,168192,S15,5,5,ros,2026
4995,168256,S15,5,5,ros,2026
4996,168320,S15,5,5,ros,2026
4997,168384,S15,5,5,ros,2026
4998,168448,S15,5,5,ros,2026
4999,168512,S15,5,5,ros,2026
5000,168576,S15,5,2,ros,2026
5001,168640,S15,5,5,ros,2026
5002,168704,S15,5,5,ros,2026
5003,168768,S15,5,5,ros,2026
5004,168832,S15,5,7,ros,2026
5005,168896,S15,5,7,ros,2026
5006,168960,S15,5,5,ros,2026
5007,169024,S15,5,5,ros,2026
5008,169088,S15,5,5,ros,2026
5009,169152,S15,5,5,ros,2026
5010,169216,S15,5,5,ros,2026
5011,169280,S15,5,5,ros,2026
5012,169344,S15,5,7,ros,2026
5013,169408,S15,5,7,ros,2026
5014,169472,S15,5,7,ros,2026
5015,169536,S15,5,5,ros,2026
5016,169600,S15,5,5,ros,2026
5017,169664,S15,5,5,ros,2026
5018,169728,S15,5,5,ros,2026
5019,169792,S15,5,5,ros,2026
5020,169856,S15,5,4,ros,2026
5021,169920,S15,5,7,ros,2026
5022,169984,S15,5,5,ros,2026
5023,170048,S15,5,0,ros,2026
5024,170112,S15,5,5,ros,2026
5025,170176,S15,5,4,ros,2026
5026,170240,S15,5,4,ros,2026
5027,170304,S15,5,4,ros,2026
5028,170368,S15,5,5,ros,2026
5029,170432,S15,5,5,ros,2026
5030,170496,S15,5,5,ros,2026
5031,170560,S15,5,5,ros,2026
5032,170624,S15,5,5,ros,2026
5033,170688,S15,5,5,ros,2026
5034,170752,S15,5,5,ros,2026
5035,170816,S15,5,4,ros,2026
5036,170880,S15,5,7,ros,2026
5037,170944,S15,5,4,ros,2026
5038,171008,S15,5,5,ros,2026
5039,171072,S15,5,5,ros,2026
5040,171136,S15,5,5,ros,2026
5041,171200,S15,5,5,ros,2026
5042,171264,S15,5,5,ros,2026
5043,171328,S15,5,5,ros,2026
5044,171392,S15,5,5,ros,2026
5045,171456,S15,5,5,ros,2026
5046,171520,S15,5,5,ros,2026
5047,171584,S15,5,5,ros,2026
5048,171648,S15,5,4,ros,2026
5049,171712,S15,5,5,ros,2026
5050,171776,S15,5,5,ros,2026
5051,171840,S15,5,7,ros,2026
5052,171904,S15,5,5,ros,2026
5053,171968,S15,5,5,ros,2026
5054,172032,S15,5,5,ros,2026
5055,172096,S15,5,5,ros,2026
5056,172160,S15,5,5,ros,2026
5057,172224,S15,5,4,ros,2026
5058,172288,S15,5,5,ros,2026
5059,172352,S15,5,5,ros,2026
5060,172416,S15,5,4,ros,2026
5061,172480,S15,5,7,ros,2026
5062,172544,S15,5,5,ros,2026
5063,172608,S15,5,5,ros,2026
5064,172672,S15,5,5,ros,2026
5065,172736,S15,5,7,ros,2026
5066,172800,S15,5,7,ros,2026
5067,172864,S15,5,4,ros,2026
5068,172928,S15,5,2,ros,2026
5069,172992,S15,5,5,ros,2026
5070,173056,S15,5,5,ros,2026
5071,173120,S15,5,5,ros,2026
5072,173184,S15,5,5,ros,2026
5073,173248,S15,5,5,ros,2026
5074,173312,S15,5,0,ros,2026
5075,173376,S15,5,5,ros,2026
5076,173440,S15,5,5,ros,2026
5077,173504,S15,5,5,ros,2026
5078,173568,S15,5,5,ros,2026
5079,173632,S15,5,5,ros,2026
5080,173696,S15,5,5,ros,2026
5081,173760,S15,5,5,ros,2026
5082,173824,S15,5,4,ros,2026
5083,173888,S15,5,7,ros,2026
5084,173952,S15,5,5,ros,2026
5085,174016,S15,5,5,ros,2026
5086,174080,S15,5,5,ros,2026
5087,174144,S15,5,7,ros,2026
5088,174208,S15,5,0,ros,2026
5089,174272,S15,5,5,ros,2026
5090,174336,S15,5,5,ros,2026
5091,174400,S15,5,4,ros,2026
5092,174464,S15,5,5,ros,2026
5093,174528,S15,5,5,ros,2026
5094,174592,S15,5,5,ros,2026
5095,174656,S15,5,5,ros,2026
5096,174720,S15,5,5,ros,2026
5097,174784,S15,5,5,ros,2026
5098,174848,S15,5,0,ros,2026
5099,174912,S15,5,7,ros,2026
5100,174976,S15,5,5,ros,2026
5101,175040,S15,5,5,ros,2026
5102,175104,S15,5,5,ros,2026
5103,175168,S15,5,5,ros,2026
5104,175232,S15,5,5,ros,2026
5105,175296,S15,5,5,ros,2026
5106,175360,S15,5,7,ros,2026
5107,175424,S15,5,5,ros,2026
5108,175488,S15,5,5,ros,2026
5109,175552,S15,5,5,ros,2026
5110,175616,S15,5,0,ros,2026
5111,175680,S15,5,5,ros,2026
5112,175744,S15,5,0,ros,2026
5113,175808,S15,5,5,ros,2026
5114,175872,S15,5,5,ros,2026
5115,175936,S15,5,2,ros,2026
5116,176000,S15,5,5,ros,2026
5117,176064,S15,5,7,ros,2026
5118,176128,S15,5,7,ros,2026
5119,176192,S15,5,2,ros,2026
5120,176256,S15,5,5,ros,2026
5121,176320,S15,5,7,ros,2026
5122,176384,S15,5,5,ros,2026
5123,176448,S15,5,5,ros,2026
5124,176512,S15,5,5,ros,2026
5125,176576,S15,5,5,ros,2026
5126,176640,S15,5,4,ros,2026
5127,176704,S15,5,5,ros,2026
5128,176768,S15,5,7,ros,2026
5129,176832,S15,5,7,ros,2026
5130,176896,S15,5,7,ros,2026
5131,176960,S15,5,5,ros,2026
5132,177024,S15,5,7,ros,2026
5133,177088,S15,5,4,ros,2026
5134,177152,S15,5,4,ros,2026
5135,177216,S15,5,5,ros,2026
5136,177280,S15,5,5,ros,2026
5137,177344,S15,5,5,ros,2026
5138,177408,S15,5,5,ros,2026
5139,177472,S15,5,7,ros,2026
5140,177536,S15,5,5,ros,2026
5141,177600,S15,5,5,ros,2026
5142,177664,S15,5,4,ros,2026
5143,177728,S15,5,5,ros,2026
5144,177792,S15,5,5,ros,2026
5145,177856,S15,5,5,ros,2026
5146,177920,S15,5,5,ros,2026
5147,177984,S15,5,5,ros,2026
5148,178048,S15,5,5,ros,2026
5149,178112,S15,5,5,ros,2026
5150,178176,S15,5,5,ros,2026
5151,178240,S15,5,5,ros,2026
5152,178304,S15,5,5,ros,2026
5153,178368,S15,5,5,ros,2026
5154,178432,S15,5,5,ros,2026
5155,178496,S15,5,7,ros,2026
5156,178560,S15,5,4,ros,2026
5157,178624,S15,5,5,ros,2026
5158,178688,S15,5,7,ros,2026
5159,178752,S15,5,5,ros,2026
5160,178816,S15,5,5,ros,2026
5161,178880,S15,5,0,ros,2026
5162,178944,S15,5,5,ros,2026
5163,179008,S15,5,2,ros,2026
5164,179072,S15,5,5,ros,2026
5165,179136,S15,5,5,ros,2026
5166,179200,S15,5,5,ros,2026
5167,179264,S15,5,7,ros,2026
5168,179328,S15,5,4,ros,2026
5169,179392,S15,5,5,ros,2026
5170,179456,S15,5,5,ros,2026
5171,179520,S15,5,5,ros,2026
5172,179584,S15,5,5,ros,2026
5173,179648,S15,5,5,ros,2026
5174,179712,S15,5,2,ros,2026
5175,179776,S15,5,7,ros,2026
5176,179840,S15,5,5,ros,2026
5177,179904,S15,5,5,ros,2026
5178,179968,S15,5,7,ros,2026
5179,180032,S15,5,5,ros,2026
5180,180096,S15,5,2,ros,2026
5181,180160,S15,5,5,ros,2026
5182,180224,S15,5,5,ros,2026
5183,180480,S15,6,1,ros,2026
5184,180544,S15,6,5,ros,2026
5185,180608,S15,6,5,ros,2026
5186,180672,S15,6,6,ros,2026
5187,180736,S15,6,5,ros,2026
5188,180800,S15,6,5,ros,2026
5189,180864,S15,6,5,ros,2026
5190,180928,S15,6,5,ros,2026
5191,180992,S15,6,5,ros,2026
5192,181056,S15,6,6,ros,2026
5193,181120,S15,6,6,ros,2026
5194,181184,S15,6,5,ros,2026
5195,181248,S15,6,5,ros,2026
5196,181312,S15,6,5,ros,2026
5197,181376,S15,6,5,ros,2026
5198,181440,S15,6,5,ros,2026
5199,181504,S15,6,4,ros,2026
5200,181568,S15,6,5,ros,2026
5201,181632,S15,6,0,ros,2026
5202,181696,S15,6,5,ros,2026
5203,181760,S15,6,4,ros,2026
5204,181824,S15,6,7,ros,2026
5205,181888,S15,6,6,ros,2026
5206,181952,S15,6,1,ros,2026
5207,182016,S15,6,5,ros,2026
5208,182080,S15,6,5,ros,2026
5209,182144,S15,6,5,ros,2026
5210,182208,S15,6,1,ros,2026
5211,182272,S15,6,5,ros,2026
5212,182336,S15,6,5,ros,2026
5213,182400,S15,6,7,ros,2026
5214,182464,S15,6,5,ros,2026
5215,182528,S15,6,5,ros,2026
5216,182592,S15,6,0,ros,2026
5217,182656,S15,6,5,ros,2026
5218,182720,S15,6,6,ros,2026
5219,182784,S15,6,6,ros,2026
5220,182848,S15,6,5,ros,2026
5221,182912,S15,6,5,ros,2026
5222,182976,S15,6,6,ros,2026
5223,183040,S15,6,5,ros,2026
5224,183104,S15,6,5,ros,2026
5225,183168,S15,6,5,ros,2026
5226,183232,S15,6,7,ros,2026
5227,183296,S15,6,5,ros,2026
5228,183360,S15,6,5,ros,2026
5229,183424,S15,6,1,ros,2026
5230,183488,S15,6,5,ros,2026
5231,183552,S15,6,5,ros,2026
5232,183616,S15,6,5,ros,2026
5233,183680,S15,6,1,ros,2026
5234,183744,S15,6,5,ros,2026
5235,183808,S15,6,5,ros,2026
5236,183872,S15,6,5,ros,2026
5237,183936,S15,6,5,ros,2026
5238,184000,S15,6,5,ros,2026
5239,184064,S15,6,4,ros,2026
5240,184128,S15,6,1,ros,2026
5241,184192,S15,6,5,ros,2026
5242,184256,S15,6,4,ros,2026
5243,184320,S15,6,1,ros,2026
5244,184384,S15,6,5,ros,2026
5245,184448,S15,6,2,ros,2026
5246,184512,S15,6,5,ros,2026
5247,184576,S15,6,6,ros,2026
5248,184640,S15,6,5,ros,2026
5249,184704,S15,6,5,ros,2026
5250,184768,S15,6,5,ros,2026
5251,184832,S15,6,5,ros,2026
5252,184896,S15,6,5,ros,2026
5253,184960,S15,6,6,ros,2026
5254,185024,S15,6,5,ros,2026
5255,185088,S15,6,0,ros,2026
5256,185152,S15,6,7,ros,2026
5257,185216,S15,6,5,ros,2026
5258,185280,S15,6,6,ros,2026
5259,185344,S15,6,5,ros,2026
5260,185408,S15,6,5,ros,2026
5261,185472,S15,6,5,ros,2026
5262,185536,S15,6,5,ros,2026
5263,185600,S15,6,5,ros,2026
5264,185664,S15,6,5,ros,2026
5265,185728,S15,6,6,ros,2026
5266,185792,S15,6,1,ros,2026
5267,185856,S15,6,5,ros,2026
5268,185920,S15,6,1,ros,2026
5269,185984,S15,6,5,ros,2026
5270,186048,S15,6,5,ros,2026
5271,186112,S15,6,1,ros,2026
5272,186176,S15,6,5,ros,2026
5273,186240,S15,6,5,ros,2026
5274,186304,S15,6,5,ros,2026
5275,186368,S15,6,5,ros,2026
5276,186432,S15,6,7,ros,2026
5277,186496,S15,6,5,ros,2026
5278,186560,S15,6,1,ros,2026
5279,186624,S15,6,5,ros,2026
5280,186688,S15,6,5,ros,2026
5281,186752,S15,6,5,ros,2026
5282,186816,S15,6,5,ros,2026
5283,186880,S15,6,5,ros,2026
5284,186944,S15,6,5,ros,2026
5285,187008,S15,6,5,ros,2026
5286,187072,S15,6,1,ros,2026
5287,187136,S15,6,5,ros,2026
5288,187200,S15,6,5,ros,2026
5289,187264,S15,6,5,ros,2026
5290,187328,S15,6,5,ros,2026
5291,187392,S15,6,5,ros,2026
5292,187456,S15,6,0,ros,2026
5293,187520,S15,6,5,ros,2026
5294,187584,S15,6,5,ros,2026
5295,187648,S15,6,0,ros,2026
5296,187712,S15,6,1,ros,2026
5297,187776,S15,6,1,ros,2026
5298,187840,S15,6,1,ros,2026
5299,187904,S15,6,1,ros,2026
5300,187968,S15,6,5,ros,2026
5301,188032,S15,6,1,ros,2026
5302,188096,S15,6,5,ros,2026
5303,188160,S15,6,5,ros,2026
5304,188224,S15,6,5,ros,2026
5305,188288,S15,6,5,ros,2026
5306,188352,S15,6,5,ros,2026
5307,188416,S15,6,1,ros,2026
5308,188480,S15,6,5,ros,2026
5309,188544,S15,6,5,ros,2026
5310,188608,S15,6,6,ros,2026
5311,188672,S15,6,6,ros,2026
5312,188736,S15,6,1,ros,2026
5313,188800,S15,6,5,ros,2026
5314,188864,S15,6,5,ros,2026
5315,188928,S15,6,5,ros,2026
5316,188992,S15,6,5,ros,2026
5317,189056,S15,6,0,ros,2026
5318,189120,S15,6,5,ros,2026
5319,189184,S15,6,5,ros,2026
5320,189248,S15,6,5,ros,2026
5321,189312,S15,6,6,ros,2026
5322,189376,S15,6,5,ros,2026
5323,189440,S15,6,5,ros,2026
5324,189504,S15,6,5,ros,2026
5325,189568,S15,6,5,ros,2026
5326,189632,S15,6,5,ros,2026
5327,189696,S15,6,5,ros,2026
5328,189760,S15,6,5,ros,2026
5329,189824,S15,6,5,ros,2026
5330,189888,S15,6,5,ros,2026
5331,189952,S15,6,6,ros,2026
5332,190016,S15,6,6,ros,2026
5333,190080,S15,6,5,ros,2026
5334,190144,S15,6,5,ros,2026
5335,190208,S15,6,5,ros,2026
5336,190272,S15,6,0,ros,2026
5337,190336,S15,6,6,ros,2026
5338,190400,S15,6,5,ros,2026
5339,190464,S15,6,5,ros,2026
5340,190528,S15,6,5,ros,2026
5341,190592,S15,6,5,ros,2026
5342,190656,S15,6,0,ros,2026
5343,190720,S15,6,6,ros,2026
5344,190784,S15,6,1,ros,2026
5345,190848,S15,6,6,ros,2026
5346,190912,S15,6,6,ros,2026
5347,190976,S15,6,1,ros,2026
5348,191040,S15,6,5,ros,2026
5349,191104,S15,6,5,ros,2026
5350,191168,S15,6,6,ros,2026
5351,191232,S15,6,5,ros,2026
5352,191296,S15,6,5,ros,2026
5353,191360,S15,6,6,ros,2026
5354,191424,S15,6,5,ros,2026
5355,191488,S15,6,6,ros,2026
5356,191552,S15,6,6,ros,2026
5357,191616,S15,6,6,ros,2026
5358,191680,S15,6,5,ros,2026
5359,191744,S15,6,5,ros,2026
5360,191808,S15,6,2,ros,2026
5361,191872,S15,6,6,ros,2026
5362,191936,S15,6,5,ros,2026
5363,192000,S15,6,5,ros,2026
5364,192064,S15,6,5,ros,2026
5365,192128,S15,6,5,ros,2026
5366,192192,S15,6,6,ros,2026
5367,192256,S15,6,5,ros,2026
5368,192320,S15,6,5,ros,2026
5369,192384,S15,6,4,ros,2026
5370,192448,S15,6,1,ros,2026
5371,192512,S15,6,5,ros,2026
5372,192576,S15,6,0,ros,2026
5373,192640,S15,6,5,ros,2026
5374,192704,S15,6,5,ros,2026
5375,192768,S15,6,5,ros,2026
5376,192832,S15,6,5,ros,2026
5377,192896,S15,6,5,ros,2026
5378,192960,S15,6,5,ros,2026
5379,193024,S15,6,5,ros,2026
5380,193088,S15,6,5,ros,2026
5381,193152,S15,6,5,ros,2026
5382,193216,S15,6,5,ros,2026
5383,193280,S15,6,5,ros,2026
5384,193344,S15,6,5,ros,2026
5385,193408,S15,6,5,ros,2026
5386,193472,S15,6,5,ros,2026
5387,193536,S15,6,6,ros,2026
5388,193600,S15,6,5,ros,2026
5389,193664,S15,6,5,ros,2026
5390,193728,S15,6,5,ros,2026
5391,193792,S15,6,5,ros,2026
5392,193856,S15,6,5,ros,2026
5393,193920,S15,6,5,ros,2026
5394,193984,S15,6,7,ros,2026
5395,194048,S15,6,5,ros,2026
5396,194112,S15,6,5,ros,2026
5397,194176,S15,6,5,ros,2026
5398,194240,S15,6,1,ros,2026
5399,194304,S15,6,6,ros,2026
5400,194368,S15,6,5,ros,2026
5401,194432,S15,6,1,ros,2026
5402,194496,S15,6,1,ros,2026
5403,194560,S15,6,5,ros,2026
5404,194624,S15,6,0,ros,2026
5405,194688,S15,6,5,ros,2026
5406,194752,S15,6,7,ros,2026
5407,194816,S15,6,5,ros,2026
5408,194880,S15,6,0,ros,2026
5409,194944,S15,6,5,ros,2026
5410,195008,S15,6,5,ros,2026
5411,195072,S15,6,5,ros,2026
5412,195136,S15,6,5,ros,2026
5413,195200,S15,6,5,ros,2026
5414,195264,S15,6,5,ros,2026
5415,195328,S15,6,1,ros,2026
5416,195392,S15,6,1,ros,2026
5417,195456,S15,6,5,ros,2026
5418,195520,S15,6,5,ros,2026
5419,195584,S15,6,5,ros,2026
5420,195648,S15,6,6,ros,2026
5421,195712,S15,6,5,ros,2026
5422,195776,S15,6,5,ros,2026
5423,195840,S15,6,6,ros,2026
5424,195904,S15,6,5,ros,2026
5425,195968,S15,6,5,ros,2026
5426,196032,S15,6,7,ros,2026
5427,196096,S15,6,5,ros,2026
5428,196160,S15,6,6,ros,2026
5429,196224,S15,6,5,ros,2026
5430,196288,S15,6,0,ros,2026
5431,196352,S15,6,1,ros,2026
5432,196416,S15,6,6,ros,2026
5433,196480,S15,6,6,ros,2026
5434,196544,S15,6,1,ros,2026
5435,196608,S15,6,5,ros,2026
5436,196672,S15,6,5,ros,2026
5437,196736,S15,6,1,ros,2026
5438,196800,S15,6,5,ros,2026
5439,196864,S15,6,5,ros,2026
5440,196928,S15,6,1,ros,2026
5441,196992,S15,6,5,ros,2026
5442,197056,S15,6,5,ros,2026
5443,197120,S15,6,5,ros,2026
5444,197184,S15,6,5,ros,2026
5445,197248,S15,6,6,ros,2026
5446,197312,S15,6,6,ros,2026
5447,197376,S15,6,5,ros,2026
5448,197440,S15,6,6,ros,2026
5449,197504,S15,6,5,ros,2026
5450,197568,S15,6,5,ros,2026
5451,197632,S15,6,5,ros,2026
5452,197696,S15,6,5,ros,2026
5453,197760,S15,6,1,ros,2026
5454,197824,S15,6,6,ros,2026
5455,197888,S15,6,7,ros,2026
5456,197952,S15,6,5,ros,2026
5457,198016,S15,6,6,ros,2026
5458,198080,S15,6,5,ros,2026
5459,198144,S15,6,5,ros,2026
5460,198208,S15,6,5,ros,2026
5461,198272,S15,6,1,ros,2026
5462,198336,S15,6,5,ros,2026
5463,198400,S15,6,5,ros,2026
5464,198464,S15,6,1,ros,2026
5465,198528,S15,6,0,ros,2026
5466,198592,S15,6,1,ros,2026
5467,198656,S15,6,5,ros,2026
5468,198720,S15,6,5,ros,2026
5469,198784,S15,6,5,ros,2026
5470,198848,S15,6,5,ros,2026
5471,198912,S15,6,5,ros,2026
5472,198976,S15,6,5,ros,2026
5473,199040,S15,6,5,ros,2026
5474,199104,S15,6,5,ros,2026
5475,199168,S15,6,5,ros,2026
5476,199232,S15,6,5,ros,2026
5477,199296,S15,6,1,ros,2026
5478,199360,S15,6,5,ros,2026
5479,199424,S15,6,5,ros,2026
5480,199488,S15,6,5,ros,2026
5481,199552,S15,6,5,ros,2026
5482,199616,S15,6,0,ros,2026
5483,199680,S15,6,5,ros,2026
5484,199744,S15,6,5,ros,2026
5485,199808,S15,6,1,ros,2026
5486,199872,S15,6,2,ros,2026
5487,199936,S15,6,5,ros,2026
5488,200000,S15,6,5,ros,2026
5489,200064,S15,6,5,ros,2026
5490,200128,S15,6,5,ros,2026
5491,200192,S15,6,5,ros,2026
5492,200256,S15,6,5,ros,2026
5493,200320,S15,6,6,ros,2026
5494,200384,S15,6,1,ros,2026
5495,200448,S15,6,5,ros,2026
5496,200512,S15,6,6,ros,2026
5497,200576,S15,6,5,ros,2026
5498,200640,S15,6,5,ros,2026
5499,200704,S15,6,5,ros,2026
5500,200768,S15,6,1,ros,2026
5501,200832,S15,6,5,ros,2026
5502,200896,S15,6,5,ros,2026
5503,200960,S15,6,1,ros,2026
5504,201024,S15,6,5,ros,2026
5505,201088,S15,6,5,ros,2026
5506,201152,S15,6,6,ros,2026
5507,201216,S15,6,5,ros,2026
5508,201280,S15,6,5,ros,2026
5509,201344,S15,6,5,ros,2026
5510,209280,S15,7,4,ros,2026
5511,209344,S15,7,5,ros,2026
5512,209408,S15,7,5,ros,2026
5513,209472,S15,7,7,ros,2026
5514,209536,S15,7,7,ros,2026
5515,209600,S15,7,5,ros,2026
5516,209664,S15,7,5,ros,2026
5517,209728,S15,7,7,ros,2026
5518,209792,S15,7,1,ros,2026
5519,209856,S15,7,5,ros,2026
5520,209920,S15,7,7,ros,2026
5521,209984,S15,7,5,ros,2026
5522,210048,S15,7,5,ros,2026
5523,210112,S15,7,2,ros,2026
5524,210176,S15,7,5,ros,2026
5525,210240,S15,7,4,ros,2026
5526,210304,S15,7,5,ros,2026
5527,210368,S15,7,5,ros,2026
5528,210432,S15,7,0,ros,2026
5529,210496,S15,7,0,ros,2026
5530,210560,S15,7,7,ros,2026
5531,210624,S15,7,5,ros,2026
5532,210688,S15,7,5,ros,2026
5533,210752,S15,7,5,ros,2026
5534,210816,S15,7,5,ros,2026
5535,210880,S15,7,4,ros,2026
5536,210944,S15,7,4,ros,2026
5537,211008,S15,7,7,ros,2026
5538,211072,S15,7,5,ros,2026
5539,211136,S15,7,5,ros,2026
5540,211200,S15,7,2,ros,2026
5541,211264,S15,7,7,ros,2026
5542,211328,S15,7,5,ros,2026
5543,211392,S15,7,7,ros,2026
5544,211456,S15,7,0,ros,2026
5545,211520,S15,7,5,ros,2026
5546,211584,S15,7,4,ros,2026
5547,211648,S15,7,5,ros,2026
5548,211712,S15,7,7,ros,2026
5549,211776,S15,7,7,ros,2026
5550,211840,S15,7,4,ros,2026
5551,211904,S15,7,5,ros,2026
5552,211968,S15,7,5,ros,2026
5553,212032,S15,7,5,ros,2026
5554,212096,S15,7,5,ros,2026
5555,212160,S15,7,7,ros,2026
5556,212224,S15,7,5,ros,2026
5557,212288,S15,7,5,ros,2026
5558,212352,S15,7,4,ros,2026
5559,212416,S15,7,5,ros,2026
5560,212480,S15,7,7,ros,2026
5561,212544,S15,7,5,ros,2026
5562,212608,S15,7,5,ros,2026
5563,212672,S15,7,5,ros,2026
5564,212736,S15,7,7,ros,2026
5565,212800,S15,7,5,ros,2026
5566,212864,S15,7,7,ros,2026
5567,212928,S15,7,0,ros,2026
5568,212992,S15,7,5,ros,2026
5569,213056,S15,7,5,ros,2026
5570,213120,S15,7,5,ros,2026
5571,213184,S15,7,5,ros,2026
5572,213248,S15,7,7,ros,2026
5573,213312,S15,7,7,ros,2026
5574,213376,S15,7,7,ros,2026
5575,213440,S15,7,5,ros,2026
5576,213504,S15,7,5,ros,2026
5577,213568,S15,7,7,ros,2026
5578,213632,S15,7,5,ros,2026
5579,213696,S15,7,7,ros,2026
5580,213760,S15,7,5,ros,2026
5581,213824,S15,7,4,ros,2026
5582,213888,S15,7,5,ros,2026
5583,213952,S15,7,7,ros,2026
5584,214016,S15,7,7,ros,2026
5585,214080,S15,7,4,ros,2026
5586,214144,S15,7,5,ros,2026
5587,214208,S15,7,7,ros,2026
5588,214272,S15,7,4,ros,2026
5589,214336,S15,7,7,ros,2026
5590,214400,S15,7,5,ros,2026
5591,214464,S15,7,7,ros,2026
5592,214528,S15,7,5,ros,2026
5593,214592,S15,7,7,ros,2026
5594,214656,S15,7,5,ros,2026
5595,214720,S15,7,5,ros,2026
5596,214784,S15,7,7,ros,2026
5597,214848,S15,7,7,ros,2026
5598,214912,S15,7,7,ros,2026
5599,214976,S15,7,5,ros,2026
5600,215040,S15,7,5,ros,2026
5601,215104,S15,7,5,ros,2026
5602,215168,S15,7,5,ros,2026
5603,215232,S15,7,7,ros,2026
5604,215296,S15,7,5,ros,2026
5605,215360,S15,7,5,ros,2026
5606,215424,S15,7,5,ros,2026
5607,215488,S15,7,5,ros,2026
5608,215552,S15,7,5,ros,2026
5609,215616,S15,7,5,ros,2026
5610,215680,S15,7,4,ros,2026
5611,215744,S15,7,7,ros,2026
5612,215808,S15,7,5,ros,2026
5613,215872,S15,7,5,ros,2026
5614,215936,S15,7,7,ros,2026
5615,216000,S15,7,7,ros,2026
5616,216064,S15,7,5,ros,2026
5617,216128,S15,7,5,ros,2026
5618,216192,S15,7,5,ros,2026
5619,216256,S15,7,7,ros,2026
5620,216320,S15,7,7,ros,2026
5621,216384,S15,7,0,ros,2026
5622,216448,S15,7,5,ros,2026
5623,216512,S15,7,7,ros,2026
5624,216576,S15,7,5,ros,2026
5625,216640,S15,7,5,ros,2026
5626,216704,S15,7,5,ros,2026
5627,216768,S15,7,5,ros,2026
5628,216832,S15,7,5,ros,2026
5629,216896,S15,7,7,ros,2026
5630,216960,S15,7,5,ros,2026
5631,217024,S15,7,5,ros,2026
5632,217088,S15,7,5,ros,2026
5633,217152,S15,7,7,ros,2026
5634,217216,S15,7,5,ros,2026
5635,217280,S15,7,5,ros,2026
5636,217344,S15,7,2,ros,2026
5637,217408,S15,7,5,ros,2026
5638,217472,S15,7,5,ros,2026
5639,217536,S15,7,7,ros,2026
5640,217600,S15,7,7,ros,2026
5641,217664,S15,7,7,ros,2026
5642,217728,S15,7,7,ros,2026
5643,217792,S15,7,5,ros,2026
5644,217856,S15,7,5,ros,2026
5645,217920,S15,7,5,ros,2026
5646,217984,S15,7,5,ros,2026
5647,218048,S15,7,4,ros,2026
5648,218112,S15,7,5,ros,2026
5649,218176,S15,7,7,ros,2026
5650,218240,S15,7,5,ros,2026
5651,218304,S15,7,5,ros,2026
5652,218368,S15,7,5,ros,2026
5653,218432,S15,7,7,ros,2026
5654,218496,S15,7,4,ros,2026
5655,218560,S15,7,5,ros,2026
5656,218624,S15,7,7,ros,2026
5657,218688,S15,7,5,ros,2026
5658,218752,S15,7,5,ros,2026
5659,218816,S15,7,4,ros,2026
5660,218880,S15,7,0,ros,2026
5661,218944,S15,7,4,ros,2026
5662,219008,S15,7,4,ros,2026
5663,219072,S15,7,5,ros,2026
5664,219136,S15,7,7,ros,2026
5665,219200,S15,7,4,ros,2026
5666,219264,S15,7,5,ros,2026
5667,219328,S15,7,5,ros,2026
5668,219392,S15,7,5,ros,2026
5669,219456,S15,7,5,ros,2026
5670,219520,S15,7,7,ros,2026
5671,219584,S15,7,5,ros,2026
5672,219648,S15,7,4,ros,2026
5673,219712,S15,7,5,ros,2026
5674,219776,S15,7,5,ros,2026
5675,219840,S15,7,7,ros,2026
5676,219904,S15,7,7,ros,2026
5677,219968,S15,7,7,ros,2026
5678,220032,S15,7,5,ros,2026
5679,220096,S15,7,5,ros,2026
5680,220160,S15,7,5,ros,2026
5681,220224,S15,7,7,ros,2026
5682,220288,S15,7,5,ros,2026
5683,220352,S15,7,5,ros,2026
5684,220416,S15,7,5,ros,2026
5685,220480,S15,7,5,ros,2026
5686,220544,S15,7,7,ros,2026
5687,220608,S15,7,5,ros,2026
5688,220672,S15,7,5,ros,2026
5689,220736,S15,7,7,ros,2026
5690,220800,S15,7,5,ros,2026
5691,220864,S15,7,5,ros,2026
5692,220928,S15,7,5,ros,2026
5693,220992,S15,7,7,ros,2026
5694,221056,S15,7,5,ros,2026
5695,221120,S15,7,5,ros,2026
5696,221184,S15,7,7,ros,2026
5697,221248,S15,7,5,ros,2026
5698,221312,S15,7,7,ros,2026
5699,221376,S15,7,5,ros,2026
5700,221440,S15,7,5,ros,2026
5701,221504,S15,7,7,ros,2026
5702,221568,S15,7,7,ros,2026
5703,221632,S15,7,5,ros,2026
5704,221696,S15,7,2,ros,2026
5705,221760,S15,7,4,ros,2026
5706,221824,S15,7,5,ros,2026
5707,221888,S15,7,7,ros,2026
5708,221952,S15,7,7,ros,2026
5709,222016,S15,7,7,ros,2026
5710,222080,S15,7,5,ros,2026
5711,222144,S15,7,5,ros,2026
5712,222208,S15,7,7,ros,2026
5713,222272,S15,7,5,ros,2026
5714,222336,S15,7,5,ros,2026
5715,222400,S15,7,7,ros,2026
5716,222464,S15,7,7,ros,2026
5717,222528,S15,7,5,ros,2026
5718,222592,S15,7,5,ros,2026
5719,222656,S15,7,5,ros,2026
5720,222720,S15,7,7,ros,2026
5721,222784,S15,7,7,ros,2026
5722,222848,S15,7,5,ros,2026
5723,222912,S15,7,5,ros,2026
5724,222976,S15,7,5,ros,2026
5725,223040,S15,7,5,ros,2026
5726,223104,S15,7,7,ros,2026
5727,223168,S15,7,5,ros,2026
5728,223232,S15,7,7,ros,2026
5729,223296,S15,7,5,ros,2026
5730,223360,S15,7,7,ros,2026
5731,223424,S15,7,5,ros,2026
5732,223488,S15,7,7,ros,2026
5733,223552,S15,7,7,ros,2026
5734,223616,S15,7,5,ros,2026
5735,223680,S15,7,5,ros,2026
5736,223744,S15,7,5,ros,2026
5737,223808,S15,7,5,ros,2026
5738,223872,S15,7,5,ros,2026
5739,223936,S15,7,5,ros,2026
5740,224000,S15,7,5,ros,2026
5741,224064,S15,7,5,ros,2026
5742,224128,S15,7,5,ros,2026
5743,224192,S15,7,5,ros,2026
5744,224256,S15,7,5,ros,2026
5745,224320,S15,7,5,ros,2026
5746,224384,S15,7,5,ros,2026
5747,224448,S15,7,7,ros,2026
5748,224512,S15,7,5,ros,2026
5749,224576,S15,7,5,ros,2026
5750,224640,S15,7,7,ros,2026
5751,224704,S15,7,7,ros,2026
5752,224768,S15,7,5,ros,2026
5753,224832,S15,7,5,ros,2026
5754,224896,S15,7,5,ros,2026
5755,224960,S15,7,7,ros,2026
5756,225024,S15,7,5,ros,2026
5757,225088,S15,7,5,ros,2026
5758,225152,S15,7,5,ros,2026
5759,225216,S15,7,4,ros,2026
5760,225280,S15,7,7,ros,2026
5761,225344,S15,7,7,ros,2026
5762,225408,S15,7,5,ros,2026
5763,225472,S15,7,5,ros,2026
5764,225536,S15,7,7,ros,2026
5765,225600,S15,7,7,ros,2026
5766,225664,S15,7,7,ros,2026
5767,225728,S15,7,7,ros,2026
5768,225792,S15,7,5,ros,2026
5769,225856,S15,7,7,ros,2026
5770,225920,S15,7,5,ros,2026
5771,225984,S15,7,7,ros,2026
5772,226048,S15,7,5,ros,2026
5773,226112,S15,7,7,ros,2026
5774,226176,S15,7,5,ros,2026
5775,226240,S15,7,5,ros,2026
5776,226304,S15,7,5,ros,2026
5777,226368,S15,7,5,ros,2026
5778,226432,S15,7,4,ros,2026
5779,226496,S15,7,5,ros,2026
5780,226560,S15,7,7,ros,2026
5781,226624,S15,7,5,ros,2026
5782,226688,S15,7,4,ros,2026
5783,226752,S15,7,5,ros,2026
5784,226816,S15,7,5,ros,2026
5785,226880,S15,7,5,ros,2026
5786,226944,S15,7,7,ros,2026
5787,227008,S15,7,7,ros,2026
5788,227072,S15,7,5,ros,2026
5789,227136,S15,7,7,ros,2026
5790,227200,S15,7,4,ros,2026
5791,227264,S15,7,5,ros,2026
5792,227328,S15,7,7,ros,2026
5793,227392,S15,7,7,ros,2026
5794,227456,S15,7,0,ros,2026
5795,227520,S15,7,5,ros,2026
5796,227584,S15,7,5,ros,2026
5797,227648,S15,7,5,ros,2026
5798,227712,S15,7,5,ros,2026
5799,227776,S15,7,5,ros,2026
5800,227840,S15,7,5,ros,2026
5801,227904,S15,7,4,ros,2026
5802,227968,S15,7,5,ros,2026
5803,228032,S15,7,5,ros,2026
5804,228096,S15,7,5,ros,2026
5805,228160,S15,7,5,ros,2026
5806,228224,S15,7,7,ros,2026
5807,228288,S15,7,5,ros,2026
5808,228352,S15,7,5,ros,2026
5809,228416,S15,7,5,ros,2026
5810,228480,S15,7,5,ros,2026
5811,228544,S15,7,7,ros,2026
5812,228608,S15,7,7,ros,2026
5813,228672,S15,7,5,ros,2026
5814,228736,S15,7,5,ros,2026
5815,228800,S15,7,2,ros,2026
5816,228864,S15,7,7,ros,2026
5817,228928,S15,7,2,ros,2026
5818,228992,S15,7,7,ros,2026
5819,229056,S15,7,5,ros,2026
5820,229120,S15,7,5,ros,2026
5821,229184,S15,7,7,ros,2026
5822,229248,S15,7,5,ros,2026
5823,229312,S15,7,7,ros,2026
5824,229376,S15,7,7,ros,2026
5825,229440,S15,7,5,ros,2026
5826,229504,S15,7,5,ros,2026
5827,229568,S15,7,7,ros,2026
5828,229632,S15,7,5,ros,2026
5829,229696,S15,7,7,ros,2026
5830,229760,S15,7,4,ros,2026
5831,229824,S15,7,5,ros,2026
5832,229888,S15,7,5,ros,2026
5833,229952,S15,7,5,ros,2026
5834,230016,S15,7,7,ros,2026
5835,230080,S15,7,5,ros,2026
5836,230144,S15,7,5,ros,2026
5837,230208,S15,7,5,ros,2026
5838,230272,S15,7,7,ros,2026
5839,230336,S15,7,5,ros,2026
5840,230400,S15,7,5,ros,2026
5841,230464,S15,7,5,ros,2026
5842,230528,S15,7,5,ros,2026
5843,230592,S15,7,5,ros,2026
5844,230656,S15,7,5,ros,2026
5845,230720,S15,7,4,ros,2026
5846,230784,S15,7,7,ros,2026
5847,230848,S15,7,5,ros,2026
5848,230912,S15,7,5,ros,2026
5849,230976,S15,7,5,ros,2026
5850,231040,S15,7,5,ros,2026
5851,231104,S15,7,5,ros,2026
5852,231168,S15,7,5,ros,2026
5853,231232,S15,7,5,ros,2026
5854,231296,S15,7,5,ros,2026
5855,231360,S15,7,4,ros,2026
5856,231424,S15,7,7,ros,2026
5857,231488,S15,7,5,ros,2026
5858,231552,S15,7,7,ros,2026
5859,231616,S15,7,5,ros,2026
5860,231680,S15,7,5,ros,2026
5861,231744,S15,7,5,ros,2026
5862,231808,S15,7,4,ros,2026
5863,231872,S15,7,5,ros,2026
5864,231936,S15,7,5,ros,2026
5865,232000,S15,7,5,ros,2026
5866,232064,S15,7,4,ros,2026
5867,232128,S15,7,4,ros,2026
5868,232192,S15,7,7,ros,2026
5869,232256,S15,7,5,ros,2026
5870,232320,S15,7,4,ros,2026
5871,232384,S15,7,7,ros,2026
5872,232448,S15,7,5,ros,2026
5873,232512,S15,7,5,ros,2026
5874,232576,S15,7,5,ros,2026
5875,232640,S15,7,5,ros,2026
5876,232704,S15,7,5,ros,2026
5877,232768,S15,7,5,ros,2026
5878,232832,S15,7,7,ros,2026
5879,232896,S15,7,4,ros,2026
5880,232960,S15,7,5,ros,2026
5881,233024,S15,7,4,ros,2026
5882,233088,S15,7,5,ros,2026
5883,233152,S15,7,5,ros,2026
5884,233216,S15,7,5,ros,2026
5885,233280,S15,7,4,ros,2026
5886,233344,S15,7,5,ros,2026
5887,233408,S15,7,7,ros,2026
5888,233472,S15,7,5,ros,2026
5889,233536,S15,7,5,ros,2026
5890,233600,S15,7,5,ros,2026
5891,233664,S15,7,5,ros,2026
5892,233728,S15,7,5,ros,2026
5893,233792,S15,7,5,ros,2026
5894,233856,S15,7,5,ros,2026
5895,233920,S15,7,5,ros,2026
5896,233984,S15,7,4,ros,2026
5897,234048,S15,7,5,ros,2026
5898,234112,S15,7,0,ros,2026
5899,234176,S15,7,5,ros,2026
5900,234240,S15,7,5,ros,2026
5901,234304,S15,7,4,ros,2026
5902,234368,S15,7,7,ros,2026
5903,234432,S15,7,5,ros,2026
5904,234496,S15,7,4,ros,2026
5905,234560,S15,7,2,ros,2026
5906,234624,S15,7,4,ros,2026
5907,234688,S15,7,5,ros,2026
5908,234752,S15,7,5,ros,2026
5909,234816,S15,7,4,ros,2026
5910,234880,S15,7,5,ros,2026
5911,234944,S15,7,7,ros,2026
5912,235008,S15,7,5,ros,2026
5913,235072,S15,7,5,ros,2026
5914,235136,S15,7,5,ros,2026
5915,235200,S15,7,4,ros,2026
5916,235264,S15,7,5,ros,2026
5917,235328,S15,7,5,ros,2026
5918,235392,S15,7,5,ros,2026
5919,235456,S15,7,5,ros,2026
5920,235520,S15,7,4,ros,2026
5921,235584,S15,7,5,ros,2026
5922,235648,S15,7,5,ros,2026
5923,235712,S15,7,7,ros,2026
5924,235776,S15,7,4,ros,2026
5925,235840,S15,7,4,ros,2026
5926,235904,S15,7,5,ros,2026
5927,235968,S15,7,4,ros,2026
5928,236032,S15,7,5,ros,2026
5929,236096,S15,7,5,ros,2026
5930,236160,S15,7,5,ros,2026
5931,236224,S15,7,4,ros,2026
5932,236288,S15,7,5,ros,2026
5933,236352,S15,7,5,ros,2026
5934,236416,S15,7,5,ros,2026
5935,236480,S15,7,7,ros,2026
5936,236544,S15,7,5,ros,2026
5937,236608,S15,7,5,ros,2026
5938,236672,S15,7,5,ros,2026
5939,236736,S15,7,5,ros,2026
5940,236800,S15,7,4,ros,2026
5941,236864,S15,7,5,ros,2026
5942,236928,S15,7,7,ros,2026
5943,236992,S15,7,5,ros,2026
5944,237056,S15,7,7,ros,2026
5945,237120,S15,7,5,ros,2026
5946,237184,S15,7,5,ros,2026
5947,237248,S15,7,5,ros,2026
5948,237312,S15,7,7,ros,2026
5949,237376,S15,7,5,ros,2026
5950,237440,S15,7,5,ros,2026
5951,237504,S15,7,7,ros,2026
5952,237568,S15,7,5,ros,2026
5953,237632,S15,7,4,ros,2026
5954,237696,S15,7,5,ros,2026
5955,237760,S15,7,7,ros,2026
5956,237824,S15,7,5,ros,2026
5957,237888,S15,7,5,ros,2026
5958,237952,S15,7,5,ros,2026
5959,238016,S15,7,5,ros,2026
5960,238080,S15,7,5,ros,2026
5961,238144,S15,7,5,ros,2026
5962,238208,S15,7,5,ros,2026
5963,238272,S15,7,5,ros,2026
5964,238336,S15,7,7,ros,2026
5965,238400,S15,7,5,ros,2026
5966,238464,S15,7,5,ros,2026
5967,238528,S15,7,7,ros,2026
5968,238592,S15,7,5,ros,2026
5969,238656,S15,7,7,ros,2026
5970,238720,S15,7,4,ros,2026
5971,238784,S15,7,4,ros,2026
5972,238848,S15,7,5,ros,2026
5973,238912,S15,7,5,ros,2026
5974,238976,S15,7,7,ros,2026
5975,239040,S15,7,4,ros,2026
5976,239104,S15,7,7,ros,2026
5977,239168,S15,7,7,ros,2026
5978,239232,S15,7,7,ros,2026
5979,239296,S15,7,5,ros,2026
5980,239360,S15,7,5,ros,2026
5981,239424,S15,7,5,ros,2026
5982,239488,S15,7,5,ros,2026
5983,239552,S15,7,5,ros,2026
5984,239616,S15,7,5,ros,2026
5985,239680,S15,7,5,ros,2026
5986,239744,S15,7,5,ros,2026
5987,239808,S15,7,5,ros,2026
5988,239872,S15,7,5,ros,2026
5989,239936,S15,7,7,ros,2026
5990,240000,S15,7,5,ros,2026
5991,240064,S15,7,7,ros,2026
5992,240128,S15,7,5,ros,2026
5993,240192,S15,7,5,ros,2026
5994,240256,S15,7,5,ros,2026
5995,240320,S15,7,4,ros,2026
5996,240384,S15,7,5,ros,2026
5997,240448,S15,7,5,ros,2026
5998,240512,S15,7,5,ros,2026
5999,240576,S15,7,5,ros,2026
6000,240640,S15,7,7,ros,2026
6001,240704,S15,7,5,ros,2026
6002,240768,S15,7,7,ros,2026
6003,240832,S15,7,5,ros,2026
6004,240896,S15,7,7,ros,2026
6005,240960,S15,7,5,ros,2026
6006,241024,S15,7,5,ros,2026
6007,241088,S15,7,4,ros,2026
6008,241152,S15,7,5,ros,2026
6009,241216,S15,7,0,ros,2026
6010,241280,S15,7,4,ros,2026
6011,241344,S15,7,7,ros,2026
6012,241408,S15,7,5,ros,2026
6013,241472,S15,7,5,ros,2026
6014,241536,S15,7,5,ros,2026
6015,241600,S15,7,5,ros,2026
6016,241664,S15,7,5,ros,2026
6017,241728,S15,7,4,ros,2026
6018,241792,S15,7,7,ros,2026
6019,241856,S15,7,5,ros,2026
6020,241920,S15,7,7,ros,2026
6021,241984,S15,7,0,ros,2026
6022,242048,S15,7,7,ros,2026
6023,242112,S15,7,4,ros,2026
6024,242176,S15,7,7,ros,2026
6025,242240,S15,7,7,ros,2026
6026,242304,S15,7,5,ros,2026
6027,242368,S15,7,5,ros,2026
6028,242432,S15,7,5,ros,2026
6029,242496,S15,7,4,ros,2026
6030,242560,S15,7,7,ros,2026
6031,242624,S15,7,5,ros,2026
6032,242688,S15,7,7,ros,2026
6033,242752,S15,7,5,ros,2026
6034,242816,S15,7,7,ros,2026
6035,242880,S15,7,2,ros,2026
6036,242944,S15,7,5,ros,2026
6037,243008,S15,7,5,ros,2026
6038,243072,S15,7,5,ros,2026
6039,243136,S15,7,4,ros,2026
6040,243200,S15,7,7,ros,2026
6041,243264,S15,7,5,ros,2026
6042,243328,S15,7,5,ros,2026
6043,243392,S15,7,7,ros,2026
6044,243456,S15,7,7,ros,2026
6045,243520,S15,7,7,ros,2026
6046,243584,S15,7,5,ros,2026
6047,243648,S15,7,5,ros,2026
6048,243712,S15,7,4,ros,2026
6049,243776,S15,7,5,ros,2026
6050,243840,S15,7,5,ros,2026
6051,243904,S15,7,7,ros,2026
6052,243968,S15,7,7,ros,2026
6053,244032,S15,7,4,ros,2026
6054,244096,S15,7,7,ros,2026
6055,244160,S15,7,5,ros,2026
6056,244224,S15,7,2,ros,2026
6057,244288,S15,7,7,ros,2026
6058,244352,S15,7,5,ros,2026
6059,244416,S15,7,4,ros,2026
6060,244480,S15,7,4,ros,2026
6061,244544,S15,7,5,ros,2026
6062,244608,S15,7,5,ros,2026
6063,244672,S15,7,4,ros,2026
6064,244736,S15,7,5,ros,2026
6065,244800,S15,7,2,ros,2026
6066,244864,S15,7,4,ros,2026
6067,244928,S15,7,5,ros,2026
6068,244992,S15,7,5,ros,2026
6069,245056,S15,7,4,ros,2026
6070,245120,S15,7,4,ros,2026
6071,245184,S15,7,5,ros,2026
6072,245248,S15,7,5,ros,2026
6073,245312,S15,7,5,ros,2026
6074,245376,S15,7,5,ros,2026
6075,245440,S15,7,5,ros,2026
6076,245504,S15,7,4,ros,2026
6077,245568,S15,7,7,ros,2026
6078,245632,S15,7,5,ros,2026
6079,245696,S15,7,7,ros,2026
6080,245760,S15,7,5,ros,2026
6081,245824,S15,7,5,ros,2026
6082,245888,S15,7,7,ros,2026
6083,245952,S15,7,4,ros,2026
6084,246016,S15,7,5,ros,2026
6085,246080,S15,7,5,ros,2026
6086,246144,S15,7,5,ros,2026
6087,246208,S15,7,5,ros,2026
6088,246272,S15,7,5,ros,2026
6089,246336,S15,7,5,ros,2026
6090,246400,S15,7,5,ros,2026
6091,246464,S15,7,5,ros,2026
6092,246528,S15,7,5,ros,2026
6093,246592,S15,7,5,ros,2026
6094,246656,S15,7,5,ros,2026
6095,246720,S15,7,5,ros,2026
6096,246784,S15,7,7,ros,2026
6097,246848,S15,7,7,ros,2026
6098,246912,S15,7,5,ros,2026
6099,246976,S15,7,7,ros,2026
6100,247040,S15,7,5,ros,2026
6101,247104,S15,7,4,ros,2026
6102,247168,S15,7,4,ros,2026
6103,247232,S15,7,5,ros,2026
6104,247296,S15,7,2,ros,2026
6105,247360,S15,7,7,ros,2026
6106,247424,S15,7,5,ros,2026
6107,247488,S15,7,0,ros,2026
6108,247552,S15,7,5,ros,2026
6109,247616,S15,7,5,ros,2026
0,1984,S14,0,5,tradaug,2026
1,2048,S14,0,0,tradaug,2026
2,2112,S14,0,5,tradaug,2026
3,2176,S14,0,5,tradaug,2026
4,2240,S14,0,5,tradaug,2026
5,2304,S14,0,5,tradaug,2026
6,2368,S14,0,0,tradaug,2026
7,2432,S14,0,5,tradaug,2026
8,2496,S14,0,5,tradaug,2026
9,2560,S14,0,5,tradaug,2026
10,2624,S14,0,5,tradaug,2026
11,2688,S14,0,5,tradaug,2026
12,2752,S14,0,5,tradaug,2026
13,2816,S14,0,5,tradaug,2026
14,2880,S14,0,0,tradaug,2026
15,2944,S14,0,5,tradaug,2026
16,3008,S14,0,4,tradaug,2026
17,3072,S14,0,5,tradaug,2026
18,3136,S14,0,4,tradaug,2026
19,3200,S14,0,5,tradaug,2026
20,3264,S14,0,7,tradaug,2026
21,3328,S14,0,0,tradaug,2026
22,3392,S14,0,5,tradaug,2026
23,3456,S14,0,5,tradaug,2026
24,3520,S14,0,5,tradaug,2026
25,3584,S14,0,5,tradaug,2026
26,3648,S14,0,5,tradaug,2026
27,3712,S14,0,5,tradaug,2026
28,3776,S14,0,0,tradaug,2026
29,3840,S14,0,5,tradaug,2026
30,3904,S14,0,5,tradaug,2026
31,3968,S14,0,5,tradaug,2026
32,4032,S14,0,0,tradaug,2026
33,4096,S14,0,5,tradaug,2026
34,4160,S14,0,5,tradaug,2026
35,4224,S14,0,5,tradaug,2026
36,4288,S14,0,5,tradaug,2026
37,4352,S14,0,5,tradaug,2026
38,4416,S14,0,5,tradaug,2026
39,4480,S14,0,5,tradaug,2026
40,4544,S14,0,5,tradaug,2026
41,4608,S14,0,5,tradaug,2026
42,4672,S14,0,5,tradaug,2026
43,4736,S14,0,7,tradaug,2026
44,4800,S14,0,5,tradaug,2026
45,4864,S14,0,4,tradaug,2026
46,4928,S14,0,5,tradaug,2026
47,4992,S14,0,5,tradaug,2026
48,5056,S14,0,5,tradaug,2026
49,5120,S14,0,5,tradaug,2026
50,5184,S14,0,5,tradaug,2026
51,5248,S14,0,5,tradaug,2026
52,5312,S14,0,7,tradaug,2026
53,5376,S14,0,7,tradaug,2026
54,5440,S14,0,0,tradaug,2026
55,5504,S14,0,5,tradaug,2026
56,5568,S14,0,5,tradaug,2026
57,5632,S14,0,5,tradaug,2026
58,5696,S14,0,5,tradaug,2026
59,5760,S14,0,5,tradaug,2026
60,5824,S14,0,5,tradaug,2026
61,5888,S14,0,5,tradaug,2026
62,5952,S14,0,5,tradaug,2026
63,6016,S14,0,5,tradaug,2026
64,6080,S14,0,5,tradaug,2026
65,6144,S14,0,5,tradaug,2026
66,6208,S14,0,5,tradaug,2026
67,6272,S14,0,5,tradaug,2026
68,6336,S14,0,5,tradaug,2026
69,6400,S14,0,0,tradaug,2026
70,6464,S14,0,0,tradaug,2026
71,6528,S14,0,5,tradaug,2026
72,6592,S14,0,2,tradaug,2026
73,6656,S14,0,5,tradaug,2026
74,6720,S14,0,7,tradaug,2026
75,6784,S14,0,5,tradaug,2026
76,6848,S14,0,0,tradaug,2026
77,6912,S14,0,5,tradaug,2026
78,6976,S14,0,5,tradaug,2026
79,7040,S14,0,5,tradaug,2026
80,7104,S14,0,5,tradaug,2026
81,7168,S14,0,7,tradaug,2026
82,7232,S14,0,5,tradaug,2026
83,7296,S14,0,5,tradaug,2026
84,7360,S14,0,5,tradaug,2026
85,7424,S14,0,5,tradaug,2026
86,7488,S14,0,5,tradaug,2026
87,7552,S14,0,5,tradaug,2026
88,7616,S14,0,2,tradaug,2026
89,7680,S14,0,5,tradaug,2026
90,7744,S14,0,5,tradaug,2026
91,7808,S14,0,5,tradaug,2026
92,7872,S14,0,5,tradaug,2026
93,7936,S14,0,5,tradaug,2026
94,8000,S14,0,0,tradaug,2026
95,8064,S14,0,5,tradaug,2026
96,8128,S14,0,5,tradaug,2026
97,8192,S14,0,0,tradaug,2026
98,8256,S14,0,2,tradaug,2026
99,8320,S14,0,5,tradaug,2026
100,8384,S14,0,5,tradaug,2026
101,8448,S14,0,5,tradaug,2026
102,8512,S14,0,5,tradaug,2026
103,8576,S14,0,0,tradaug,2026
104,8640,S14,0,5,tradaug,2026
105,8704,S14,0,5,tradaug,2026
106,8768,S14,0,5,tradaug,2026
107,8832,S14,0,5,tradaug,2026
108,8896,S14,0,7,tradaug,2026
109,8960,S14,0,5,tradaug,2026
110,9024,S14,0,5,tradaug,2026
111,9088,S14,0,7,tradaug,2026
112,9152,S14,0,5,tradaug,2026
113,9216,S14,0,5,tradaug,2026
114,9280,S14,0,5,tradaug,2026
115,9344,S14,0,5,tradaug,2026
116,9408,S14,0,7,tradaug,2026
117,9472,S14,0,5,tradaug,2026
118,9536,S14,0,5,tradaug,2026
119,9600,S14,0,5,tradaug,2026
120,9664,S14,0,0,tradaug,2026
121,9728,S14,0,5,tradaug,2026
122,9792,S14,0,5,tradaug,2026
123,9856,S14,0,5,tradaug,2026
124,9920,S14,0,5,tradaug,2026
125,9984,S14,0,5,tradaug,2026
126,10048,S14,0,5,tradaug,2026
127,10112,S14,0,5,tradaug,2026
128,10176,S14,0,5,tradaug,2026
129,10240,S14,0,5,tradaug,2026
130,10304,S14,0,0,tradaug,2026
131,10368,S14,0,5,tradaug,2026
132,10432,S14,0,5,tradaug,2026
133,10496,S14,0,4,tradaug,2026
134,10560,S14,0,4,tradaug,2026
135,10624,S14,0,4,tradaug,2026
136,10688,S14,0,5,tradaug,2026
137,10752,S14,0,5,tradaug,2026
138,10816,S14,0,0,tradaug,2026
139,10880,S14,0,5,tradaug,2026
140,10944,S14,0,5,tradaug,2026
141,11008,S14,0,5,tradaug,2026
142,11072,S14,0,5,tradaug,2026
143,11136,S14,0,4,tradaug,2026
144,11200,S14,0,7,tradaug,2026
145,11264,S14,0,0,tradaug,2026
146,11328,S14,0,5,tradaug,2026
147,11392,S14,0,7,tradaug,2026
148,11456,S14,0,5,tradaug,2026
149,11520,S14,0,5,tradaug,2026
150,11584,S14,0,5,tradaug,2026
151,11648,S14,0,5,tradaug,2026
152,11712,S14,0,5,tradaug,2026
153,11776,S14,0,0,tradaug,2026
154,11840,S14,0,5,tradaug,2026
155,11904,S14,0,5,tradaug,2026
156,11968,S14,0,5,tradaug,2026
157,12032,S14,0,5,tradaug,2026
158,12096,S14,0,5,tradaug,2026
159,12160,S14,0,0,tradaug,2026
160,12224,S14,0,0,tradaug,2026
161,12288,S14,0,5,tradaug,2026
162,12352,S14,0,7,tradaug,2026
163,12416,S14,0,5,tradaug,2026
164,12480,S14,0,4,tradaug,2026
165,12544,S14,0,5,tradaug,2026
166,12608,S14,0,5,tradaug,2026
167,12672,S14,0,5,tradaug,2026
168,12736,S14,0,5,tradaug,2026
169,12800,S14,0,5,tradaug,2026
170,12864,S14,0,7,tradaug,2026
171,12928,S14,0,5,tradaug,2026
172,12992,S14,0,5,tradaug,2026
173,13056,S14,0,5,tradaug,2026
174,13120,S14,0,5,tradaug,2026
175,13184,S14,0,7,tradaug,2026
176,13248,S14,0,5,tradaug,2026
177,13312,S14,0,5,tradaug,2026
178,13376,S14,0,5,tradaug,2026
179,13440,S14,0,0,tradaug,2026
180,13504,S14,0,5,tradaug,2026
181,13568,S14,0,4,tradaug,2026
182,13632,S14,0,0,tradaug,2026
183,13696,S14,0,5,tradaug,2026
184,13760,S14,0,5,tradaug,2026
185,13824,S14,0,5,tradaug,2026
186,13888,S14,0,5,tradaug,2026
187,13952,S14,0,5,tradaug,2026
188,14016,S14,0,0,tradaug,2026
189,14080,S14,0,5,tradaug,2026
190,14144,S14,0,5,tradaug,2026
191,14208,S14,0,4,tradaug,2026
192,14272,S14,0,5,tradaug,2026
193,14336,S14,0,5,tradaug,2026
194,14400,S14,0,0,tradaug,2026
195,14464,S14,0,5,tradaug,2026
196,14528,S14,0,5,tradaug,2026
197,14592,S14,0,5,tradaug,2026
198,14656,S14,0,0,tradaug,2026
199,14720,S14,0,5,tradaug,2026
200,14784,S14,0,5,tradaug,2026
201,14848,S14,0,5,tradaug,2026
202,14912,S14,0,5,tradaug,2026
203,14976,S14,0,4,tradaug,2026
204,15040,S14,0,5,tradaug,2026
205,15104,S14,0,5,tradaug,2026
206,15168,S14,0,5,tradaug,2026
207,15232,S14,0,5,tradaug,2026
208,15296,S14,0,7,tradaug,2026
209,15360,S14,0,5,tradaug,2026
210,15424,S14,0,5,tradaug,2026
211,15488,S14,0,4,tradaug,2026
212,15552,S14,0,5,tradaug,2026
213,15616,S14,0,4,tradaug,2026
214,15680,S14,0,5,tradaug,2026
215,15744,S14,0,4,tradaug,2026
216,15808,S14,0,5,tradaug,2026
217,15872,S14,0,5,tradaug,2026
218,15936,S14,0,4,tradaug,2026
219,16000,S14,0,4,tradaug,2026
220,16064,S14,0,5,tradaug,2026
221,16128,S14,0,5,tradaug,2026
222,16192,S14,0,5,tradaug,2026
223,16256,S14,0,5,tradaug,2026
224,16320,S14,0,5,tradaug,2026
225,16384,S14,0,5,tradaug,2026
226,16448,S14,0,7,tradaug,2026
227,16512,S14,0,4,tradaug,2026
228,16576,S14,0,5,tradaug,2026
229,16640,S14,0,5,tradaug,2026
230,16704,S14,0,7,tradaug,2026
231,16768,S14,0,5,tradaug,2026
232,16832,S14,0,5,tradaug,2026
233,16896,S14,0,5,tradaug,2026
234,16960,S14,0,5,tradaug,2026
235,17024,S14,0,5,tradaug,2026
236,17088,S14,0,5,tradaug,2026
237,17152,S14,0,4,tradaug,2026
238,17216,S14,0,5,tradaug,2026
239,17280,S14,0,5,tradaug,2026
240,17344,S14,0,5,tradaug,2026
241,17408,S14,0,5,tradaug,2026
242,17472,S14,0,7,tradaug,2026
243,17536,S14,0,7,tradaug,2026
244,17600,S14,0,4,tradaug,2026
245,17664,S14,0,7,tradaug,2026
246,17728,S14,0,5,tradaug,2026
247,17792,S14,0,5,tradaug,2026
248,17856,S14,0,5,tradaug,2026
249,17920,S14,0,5,tradaug,2026
250,17984,S14,0,4,tradaug,2026
251,18048,S14,0,2,tradaug,2026
252,18112,S14,0,5,tradaug,2026
253,18176,S14,0,5,tradaug,2026
254,18240,S14,0,4,tradaug,2026
255,18304,S14,0,4,tradaug,2026
256,18368,S14,0,4,tradaug,2026
257,18432,S14,0,5,tradaug,2026
258,18496,S14,0,5,tradaug,2026
259,18560,S14,0,7,tradaug,2026
260,18624,S14,0,0,tradaug,2026
261,18688,S14,0,5,tradaug,2026
262,18752,S14,0,5,tradaug,2026
263,18816,S14,0,5,tradaug,2026
264,18880,S14,0,5,tradaug,2026
265,18944,S14,0,0,tradaug,2026
266,19008,S14,0,5,tradaug,2026
267,19072,S14,0,5,tradaug,2026
268,19136,S14,0,5,tradaug,2026
269,19200,S14,0,5,tradaug,2026
270,19264,S14,0,5,tradaug,2026
271,19328,S14,0,5,tradaug,2026
272,19392,S14,0,5,tradaug,2026
273,19456,S14,0,7,tradaug,2026
274,19520,S14,0,5,tradaug,2026
275,19584,S14,0,0,tradaug,2026
276,19648,S14,0,5,tradaug,2026
277,19712,S14,0,5,tradaug,2026
278,19776,S14,0,5,tradaug,2026
279,19840,S14,0,0,tradaug,2026
280,19904,S14,0,4,tradaug,2026
281,19968,S14,0,5,tradaug,2026
282,20032,S14,0,5,tradaug,2026
283,20096,S14,0,5,tradaug,2026
284,20160,S14,0,5,tradaug,2026
285,20224,S14,0,5,tradaug,2026
286,20288,S14,0,5,tradaug,2026
287,20352,S14,0,0,tradaug,2026
288,20416,S14,0,5,tradaug,2026
289,20480,S14,0,5,tradaug,2026
290,20544,S14,0,7,tradaug,2026
291,20608,S14,0,7,tradaug,2026
292,20672,S14,0,5,tradaug,2026
293,20736,S14,0,2,tradaug,2026
294,20800,S14,0,7,tradaug,2026
295,20864,S14,0,0,tradaug,2026
296,20928,S14,0,5,tradaug,2026
297,20992,S14,0,5,tradaug,2026
298,21056,S14,0,5,tradaug,2026
299,21120,S14,0,7,tradaug,2026
300,21184,S14,0,5,tradaug,2026
301,21248,S14,0,5,tradaug,2026
302,21312,S14,0,5,tradaug,2026
303,26048,S14,1,1,tradaug,2026
304,26112,S14,1,0,tradaug,2026
305,26176,S14,1,1,tradaug,2026
306,26240,S14,1,7,tradaug,2026
307,26304,S14,1,5,tradaug,2026
308,26368,S14,1,0,tradaug,2026
309,26432,S14,1,1,tradaug,2026
310,26496,S14,1,5,tradaug,2026
311,26560,S14,1,1,tradaug,2026
312,26624,S14,1,5,tradaug,2026
313,26688,S14,1,1,tradaug,2026
314,26752,S14,1,1,tradaug,2026
315,26816,S14,1,0,tradaug,2026
316,26880,S14,1,1,tradaug,2026
317,26944,S14,1,5,tradaug,2026
318,27008,S14,1,1,tradaug,2026
319,27072,S14,1,1,tradaug,2026
320,27136,S14,1,7,tradaug,2026
321,27200,S14,1,1,tradaug,2026
322,27264,S14,1,1,tradaug,2026
323,27328,S14,1,7,tradaug,2026
324,27392,S14,1,5,tradaug,2026
325,27456,S14,1,6,tradaug,2026
326,27520,S14,1,0,tradaug,2026
327,27584,S14,1,1,tradaug,2026
328,27648,S14,1,5,tradaug,2026
329,27712,S14,1,5,tradaug,2026
330,27776,S14,1,7,tradaug,2026
331,27840,S14,1,1,tradaug,2026
332,27904,S14,1,5,tradaug,2026
333,27968,S14,1,1,tradaug,2026
334,28032,S14,1,5,tradaug,2026
335,28096,S14,1,5,tradaug,2026
336,28160,S14,1,0,tradaug,2026
337,28224,S14,1,6,tradaug,2026
338,28288,S14,1,6,tradaug,2026
339,28352,S14,1,5,tradaug,2026
340,28416,S14,1,5,tradaug,2026
341,28480,S14,1,5,tradaug,2026
342,28544,S14,1,6,tradaug,2026
343,28608,S14,1,5,tradaug,2026
344,28672,S14,1,1,tradaug,2026
345,28736,S14,1,5,tradaug,2026
346,28800,S14,1,5,tradaug,2026
347,28864,S14,1,5,tradaug,2026
348,28928,S14,1,1,tradaug,2026
349,28992,S14,1,5,tradaug,2026
350,29056,S14,1,1,tradaug,2026
351,29120,S14,1,7,tradaug,2026
352,29184,S14,1,7,tradaug,2026
353,29248,S14,1,0,tradaug,2026
354,29312,S14,1,5,tradaug,2026
355,29376,S14,1,1,tradaug,2026
356,29440,S14,1,1,tradaug,2026
357,29504,S14,1,0,tradaug,2026
358,29568,S14,1,5,tradaug,2026
359,29632,S14,1,1,tradaug,2026
360,29696,S14,1,0,tradaug,2026
361,29760,S14,1,5,tradaug,2026
362,29824,S14,1,5,tradaug,2026
363,29888,S14,1,1,tradaug,2026
364,29952,S14,1,0,tradaug,2026
365,30016,S14,1,6,tradaug,2026
366,30080,S14,1,6,tradaug,2026
367,30144,S14,1,1,tradaug,2026
368,30208,S14,1,1,tradaug,2026
369,30272,S14,1,7,tradaug,2026
370,30336,S14,1,5,tradaug,2026
371,30400,S14,1,1,tradaug,2026
372,30464,S14,1,5,tradaug,2026
373,30528,S14,1,5,tradaug,2026
374,30592,S14,1,5,tradaug,2026
375,30656,S14,1,6,tradaug,2026
376,30720,S14,1,1,tradaug,2026
377,30784,S14,1,5,tradaug,2026
378,30848,S14,1,0,tradaug,2026
379,30912,S14,1,6,tradaug,2026
380,30976,S14,1,5,tradaug,2026
381,31040,S14,1,1,tradaug,2026
382,31104,S14,1,5,tradaug,2026
383,31168,S14,1,5,tradaug,2026
384,31232,S14,1,5,tradaug,2026
385,31296,S14,1,1,tradaug,2026
386,31360,S14,1,5,tradaug,2026
387,31424,S14,1,5,tradaug,2026
388,31488,S14,1,7,tradaug,2026
389,31552,S14,1,5,tradaug,2026
390,31616,S14,1,6,tradaug,2026
391,31680,S14,1,5,tradaug,2026
392,31744,S14,1,5,tradaug,2026
393,31808,S14,1,1,tradaug,2026
394,31872,S14,1,1,tradaug,2026
395,31936,S14,1,5,tradaug,2026
396,32000,S14,1,6,tradaug,2026
397,32064,S14,1,1,tradaug,2026
398,32128,S14,1,5,tradaug,2026
399,32192,S14,1,5,tradaug,2026
400,32256,S14,1,7,tradaug,2026
401,32320,S14,1,5,tradaug,2026
402,32384,S14,1,1,tradaug,2026
403,32448,S14,1,1,tradaug,2026
404,32512,S14,1,5,tradaug,2026
405,32576,S14,1,1,tradaug,2026
406,32640,S14,1,1,tradaug,2026
407,32704,S14,1,1,tradaug,2026
408,32768,S14,1,1,tradaug,2026
409,32832,S14,1,1,tradaug,2026
410,32896,S14,1,0,tradaug,2026
411,32960,S14,1,6,tradaug,2026
412,33024,S14,1,1,tradaug,2026
413,33088,S14,1,5,tradaug,2026
414,33152,S14,1,5,tradaug,2026
415,33216,S14,1,6,tradaug,2026
416,33280,S14,1,5,tradaug,2026
417,33344,S14,1,5,tradaug,2026
418,33408,S14,1,1,tradaug,2026
419,33472,S14,1,5,tradaug,2026
420,33536,S14,1,1,tradaug,2026
421,33600,S14,1,1,tradaug,2026
422,33664,S14,1,1,tradaug,2026
423,33728,S14,1,5,tradaug,2026
424,33792,S14,1,0,tradaug,2026
425,33856,S14,1,1,tradaug,2026
426,33920,S14,1,7,tradaug,2026
427,33984,S14,1,5,tradaug,2026
428,34048,S14,1,0,tradaug,2026
429,34112,S14,1,1,tradaug,2026
430,34176,S14,1,5,tradaug,2026
431,34240,S14,1,1,tradaug,2026
432,34304,S14,1,5,tradaug,2026
433,34368,S14,1,1,tradaug,2026
434,34432,S14,1,5,tradaug,2026
435,34496,S14,1,5,tradaug,2026
436,34560,S14,1,0,tradaug,2026
437,34624,S14,1,0,tradaug,2026
438,34688,S14,1,5,tradaug,2026
439,34752,S14,1,5,tradaug,2026
440,34816,S14,1,1,tradaug,2026
441,34880,S14,1,1,tradaug,2026
442,34944,S14,1,5,tradaug,2026
443,35008,S14,1,1,tradaug,2026
444,35072,S14,1,4,tradaug,2026
445,35136,S14,1,7,tradaug,2026
446,35200,S14,1,1,tradaug,2026
447,35264,S14,1,0,tradaug,2026
448,35328,S14,1,7,tradaug,2026
449,35392,S14,1,2,tradaug,2026
450,35456,S14,1,1,tradaug,2026
451,35520,S14,1,5,tradaug,2026
452,35584,S14,1,6,tradaug,2026
453,35648,S14,1,0,tradaug,2026
454,35712,S14,1,0,tradaug,2026
455,35776,S14,1,1,tradaug,2026
456,35840,S14,1,1,tradaug,2026
457,35904,S14,1,6,tradaug,2026
458,35968,S14,1,5,tradaug,2026
459,36032,S14,1,5,tradaug,2026
460,36096,S14,1,1,tradaug,2026
461,36160,S14,1,6,tradaug,2026
462,36224,S14,1,4,tradaug,2026
463,36288,S14,1,7,tradaug,2026
464,36352,S14,1,1,tradaug,2026
465,36416,S14,1,5,tradaug,2026
466,36480,S14,1,5,tradaug,2026
467,36544,S14,1,1,tradaug,2026
468,36608,S14,1,5,tradaug,2026
469,36672,S14,1,1,tradaug,2026
470,36736,S14,1,5,tradaug,2026
471,36800,S14,1,1,tradaug,2026
472,36864,S14,1,6,tradaug,2026
473,36928,S14,1,1,tradaug,2026
474,36992,S14,1,1,tradaug,2026
475,37056,S14,1,0,tradaug,2026
476,37120,S14,1,5,tradaug,2026
477,37184,S14,1,5,tradaug,2026
478,37248,S14,1,7,tradaug,2026
479,37312,S14,1,1,tradaug,2026
480,37376,S14,1,1,tradaug,2026
481,37440,S14,1,1,tradaug,2026
482,37504,S14,1,5,tradaug,2026
483,37568,S14,1,6,tradaug,2026
484,37632,S14,1,5,tradaug,2026
485,37696,S14,1,6,tradaug,2026
486,37760,S14,1,6,tradaug,2026
487,37824,S14,1,6,tradaug,2026
488,37888,S14,1,5,tradaug,2026
489,37952,S14,1,5,tradaug,2026
490,38016,S14,1,1,tradaug,2026
491,38080,S14,1,5,tradaug,2026
492,38144,S14,1,1,tradaug,2026
493,38208,S14,1,5,tradaug,2026
494,38272,S14,1,1,tradaug,2026
495,38336,S14,1,5,tradaug,2026
496,38400,S14,1,5,tradaug,2026
497,38464,S14,1,5,tradaug,2026
498,38528,S14,1,1,tradaug,2026
499,38592,S14,1,5,tradaug,2026
500,38656,S14,1,1,tradaug,2026
501,38720,S14,1,5,tradaug,2026
502,38784,S14,1,5,tradaug,2026
503,38848,S14,1,5,tradaug,2026
504,38912,S14,1,5,tradaug,2026
505,38976,S14,1,1,tradaug,2026
506,39040,S14,1,5,tradaug,2026
507,39104,S14,1,5,tradaug,2026
508,39168,S14,1,5,tradaug,2026
509,39232,S14,1,1,tradaug,2026
510,39296,S14,1,0,tradaug,2026
511,39360,S14,1,5,tradaug,2026
512,39424,S14,1,1,tradaug,2026
513,39488,S14,1,5,tradaug,2026
514,39552,S14,1,5,tradaug,2026
515,39616,S14,1,1,tradaug,2026
516,39680,S14,1,0,tradaug,2026
517,39744,S14,1,1,tradaug,2026
518,39808,S14,1,5,tradaug,2026
519,39872,S14,1,7,tradaug,2026
520,39936,S14,1,5,tradaug,2026
521,40000,S14,1,1,tradaug,2026
522,40064,S14,1,7,tradaug,2026
523,40128,S14,1,1,tradaug,2026
524,40192,S14,1,5,tradaug,2026
525,40256,S14,1,1,tradaug,2026
526,40320,S14,1,1,tradaug,2026
527,40384,S14,1,0,tradaug,2026
528,40448,S14,1,1,tradaug,2026
529,40512,S14,1,5,tradaug,2026
530,44800,S14,2,7,tradaug,2026
531,44864,S14,2,5,tradaug,2026
532,44928,S14,2,5,tradaug,2026
533,44992,S14,2,2,tradaug,2026
534,45056,S14,2,5,tradaug,2026
535,45120,S14,2,5,tradaug,2026
536,45184,S14,2,2,tradaug,2026
537,45248,S14,2,5,tradaug,2026
538,45312,S14,2,2,tradaug,2026
539,45376,S14,2,5,tradaug,2026
540,45440,S14,2,5,tradaug,2026
541,45504,S14,2,5,tradaug,2026
542,45568,S14,2,5,tradaug,2026
543,45632,S14,2,5,tradaug,2026
544,45696,S14,2,5,tradaug,2026
545,45760,S14,2,5,tradaug,2026
546,45824,S14,2,5,tradaug,2026
547,45888,S14,2,5,tradaug,2026
548,45952,S14,2,5,tradaug,2026
549,46016,S14,2,7,tradaug,2026
550,46080,S14,2,4,tradaug,2026
551,46144,S14,2,5,tradaug,2026
552,46208,S14,2,2,tradaug,2026
553,46272,S14,2,5,tradaug,2026
554,46336,S14,2,5,tradaug,2026
555,46400,S14,2,5,tradaug,2026
556,46464,S14,2,7,tradaug,2026
557,46528,S14,2,5,tradaug,2026
558,46592,S14,2,2,tradaug,2026
559,46656,S14,2,5,tradaug,2026
560,46720,S14,2,5,tradaug,2026
561,46784,S14,2,5,tradaug,2026
562,46848,S14,2,7,tradaug,2026
563,46912,S14,2,5,tradaug,2026
564,46976,S14,2,5,tradaug,2026
565,47040,S14,2,2,tradaug,2026
566,47104,S14,2,5,tradaug,2026
567,47168,S14,2,5,tradaug,2026
568,47232,S14,2,7,tradaug,2026
569,47296,S14,2,5,tradaug,2026
570,47360,S14,2,2,tradaug,2026
571,47424,S14,2,2,tradaug,2026
572,47488,S14,2,5,tradaug,2026
573,47552,S14,2,5,tradaug,2026
574,47616,S14,2,5,tradaug,2026
575,47680,S14,2,5,tradaug,2026
576,47744,S14,2,7,tradaug,2026
577,47808,S14,2,2,tradaug,2026
578,47872,S14,2,5,tradaug,2026
579,47936,S14,2,0,tradaug,2026
580,48000,S14,2,5,tradaug,2026
581,48064,S14,2,5,tradaug,2026
582,48128,S14,2,7,tradaug,2026
583,48192,S14,2,5,tradaug,2026
584,48256,S14,2,5,tradaug,2026
585,48320,S14,2,5,tradaug,2026
586,48384,S14,2,2,tradaug,2026
587,48448,S14,2,2,tradaug,2026
588,48512,S14,2,2,tradaug,2026
589,48576,S14,2,2,tradaug,2026
590,48640,S14,2,5,tradaug,2026
591,48704,S14,2,5,tradaug,2026
592,48768,S14,2,5,tradaug,2026
593,48832,S14,2,5,tradaug,2026
594,48896,S14,2,2,tradaug,2026
595,48960,S14,2,6,tradaug,2026
596,49024,S14,2,5,tradaug,2026
597,49088,S14,2,5,tradaug,2026
598,49152,S14,2,5,tradaug,2026
599,49216,S14,2,5,tradaug,2026
600,49280,S14,2,5,tradaug,2026
601,49344,S14,2,5,tradaug,2026
602,49408,S14,2,7,tradaug,2026
603,49472,S14,2,5,tradaug,2026
604,49536,S14,2,5,tradaug,2026
605,49600,S14,2,2,tradaug,2026
606,49664,S14,2,7,tradaug,2026
607,49728,S14,2,2,tradaug,2026
608,49792,S14,2,2,tradaug,2026
609,49856,S14,2,5,tradaug,2026
610,49920,S14,2,5,tradaug,2026
611,49984,S14,2,5,tradaug,2026
612,50048,S14,2,5,tradaug,2026
613,50112,S14,2,4,tradaug,2026
614,50176,S14,2,2,tradaug,2026
615,50240,S14,2,5,tradaug,2026
616,50304,S14,2,5,tradaug,2026
617,50368,S14,2,5,tradaug,2026
618,50432,S14,2,5,tradaug,2026
619,50496,S14,2,5,tradaug,2026
620,50560,S14,2,5,tradaug,2026
621,50624,S14,2,5,tradaug,2026
622,50688,S14,2,0,tradaug,2026
623,50752,S14,2,5,tradaug,2026
624,50816,S14,2,5,tradaug,2026
625,50880,S14,2,5,tradaug,2026
626,50944,S14,2,5,tradaug,2026
627,51008,S14,2,2,tradaug,2026
628,51072,S14,2,5,tradaug,2026
629,51136,S14,2,5,tradaug,2026
630,51200,S14,2,5,tradaug,2026
631,51264,S14,2,4,tradaug,2026
632,51328,S14,2,5,tradaug,2026
633,51392,S14,2,5,tradaug,2026
634,51456,S14,2,5,tradaug,2026
635,51520,S14,2,4,tradaug,2026
636,51584,S14,2,5,tradaug,2026
637,51648,S14,2,5,tradaug,2026
638,51712,S14,2,2,tradaug,2026
639,51776,S14,2,5,tradaug,2026
640,51840,S14,2,5,tradaug,2026
641,51904,S14,2,5,tradaug,2026
642,51968,S14,2,5,tradaug,2026
643,52032,S14,2,5,tradaug,2026
644,52096,S14,2,2,tradaug,2026
645,52160,S14,2,2,tradaug,2026
646,52224,S14,2,5,tradaug,2026
647,52288,S14,2,7,tradaug,2026
648,52352,S14,2,5,tradaug,2026
649,52416,S14,2,0,tradaug,2026
650,52480,S14,2,7,tradaug,2026
651,52544,S14,2,2,tradaug,2026
652,52608,S14,2,5,tradaug,2026
653,52672,S14,2,2,tradaug,2026
654,52736,S14,2,2,tradaug,2026
655,52800,S14,2,2,tradaug,2026
656,52864,S14,2,5,tradaug,2026
657,52928,S14,2,7,tradaug,2026
658,52992,S14,2,5,tradaug,2026
659,53056,S14,2,5,tradaug,2026
660,53120,S14,2,7,tradaug,2026
661,53184,S14,2,2,tradaug,2026
662,53248,S14,2,5,tradaug,2026
663,53312,S14,2,5,tradaug,2026
664,53376,S14,2,5,tradaug,2026
665,53440,S14,2,5,tradaug,2026
666,53504,S14,2,5,tradaug,2026
667,53568,S14,2,5,tradaug,2026
668,53632,S14,2,5,tradaug,2026
669,53696,S14,2,5,tradaug,2026
670,53760,S14,2,5,tradaug,2026
671,53824,S14,2,5,tradaug,2026
672,53888,S14,2,5,tradaug,2026
673,53952,S14,2,5,tradaug,2026
674,54016,S14,2,2,tradaug,2026
675,54080,S14,2,5,tradaug,2026
676,54144,S14,2,5,tradaug,2026
677,54208,S14,2,5,tradaug,2026
678,54272,S14,2,5,tradaug,2026
679,54336,S14,2,2,tradaug,2026
680,54400,S14,2,5,tradaug,2026
681,54464,S14,2,5,tradaug,2026
682,54528,S14,2,5,tradaug,2026
683,54592,S14,2,7,tradaug,2026
684,54656,S14,2,5,tradaug,2026
685,54720,S14,2,5,tradaug,2026
686,54784,S14,2,5,tradaug,2026
687,54848,S14,2,5,tradaug,2026
688,54912,S14,2,5,tradaug,2026
689,54976,S14,2,5,tradaug,2026
690,55040,S14,2,5,tradaug,2026
691,70720,S14,3,3,tradaug,2026
692,70784,S14,3,3,tradaug,2026
693,70848,S14,3,3,tradaug,2026
694,70912,S14,3,3,tradaug,2026
695,70976,S14,3,3,tradaug,2026
696,71040,S14,3,3,tradaug,2026
697,71104,S14,3,3,tradaug,2026
698,71168,S14,3,3,tradaug,2026
699,71232,S14,3,3,tradaug,2026
700,71296,S14,3,3,tradaug,2026
701,71360,S14,3,3,tradaug,2026
702,71424,S14,3,3,tradaug,2026
703,71488,S14,3,3,tradaug,2026
704,71552,S14,3,3,tradaug,2026
705,71616,S14,3,3,tradaug,2026
706,71680,S14,3,3,tradaug,2026
707,71744,S14,3,3,tradaug,2026
708,71808,S14,3,3,tradaug,2026
709,71872,S14,3,3,tradaug,2026
710,71936,S14,3,3,tradaug,2026
711,72000,S14,3,3,tradaug,2026
712,72064,S14,3,3,tradaug,2026
713,72128,S14,3,3,tradaug,2026
714,72192,S14,3,3,tradaug,2026
715,72256,S14,3,3,tradaug,2026
716,72320,S14,3,4,tradaug,2026
717,72384,S14,3,3,tradaug,2026
718,72448,S14,3,4,tradaug,2026
719,72512,S14,3,3,tradaug,2026
720,72576,S14,3,3,tradaug,2026
721,72640,S14,3,3,tradaug,2026
722,72704,S14,3,3,tradaug,2026
723,72768,S14,3,3,tradaug,2026
724,72832,S14,3,3,tradaug,2026
725,72896,S14,3,3,tradaug,2026
726,72960,S14,3,4,tradaug,2026
727,73024,S14,3,3,tradaug,2026
728,73088,S14,3,3,tradaug,2026
729,73152,S14,3,3,tradaug,2026
730,73216,S14,3,3,tradaug,2026
731,73280,S14,3,3,tradaug,2026
732,73344,S14,3,3,tradaug,2026
733,73408,S14,3,3,tradaug,2026
734,73472,S14,3,3,tradaug,2026
735,73536,S14,3,3,tradaug,2026
736,73600,S14,3,3,tradaug,2026
737,73664,S14,3,4,tradaug,2026
738,73728,S14,3,3,tradaug,2026
739,73792,S14,3,3,tradaug,2026
740,73856,S14,3,3,tradaug,2026
741,73920,S14,3,3,tradaug,2026
742,73984,S14,3,3,tradaug,2026
743,74048,S14,3,3,tradaug,2026
744,74112,S14,3,3,tradaug,2026
745,74176,S14,3,3,tradaug,2026
746,74240,S14,3,3,tradaug,2026
747,74304,S14,3,3,tradaug,2026
748,74368,S14,3,3,tradaug,2026
749,74432,S14,3,3,tradaug,2026
750,74496,S14,3,3,tradaug,2026
751,74560,S14,3,3,tradaug,2026
752,74624,S14,3,3,tradaug,2026
753,74688,S14,3,3,tradaug,2026
754,74752,S14,3,3,tradaug,2026
755,74816,S14,3,3,tradaug,2026
756,74880,S14,3,3,tradaug,2026
757,74944,S14,3,3,tradaug,2026
758,75008,S14,3,3,tradaug,2026
759,75072,S14,3,3,tradaug,2026
760,75136,S14,3,2,tradaug,2026
761,75200,S14,3,3,tradaug,2026
762,75264,S14,3,3,tradaug,2026
763,75328,S14,3,3,tradaug,2026
764,75392,S14,3,3,tradaug,2026
765,75456,S14,3,3,tradaug,2026
766,75520,S14,3,3,tradaug,2026
767,75584,S14,3,3,tradaug,2026
768,75648,S14,3,3,tradaug,2026
769,75712,S14,3,3,tradaug,2026
770,75776,S14,3,3,tradaug,2026
771,75840,S14,3,3,tradaug,2026
772,75904,S14,3,4,tradaug,2026
773,75968,S14,3,3,tradaug,2026
774,76032,S14,3,3,tradaug,2026
775,76096,S14,3,4,tradaug,2026
776,76160,S14,3,3,tradaug,2026
777,76224,S14,3,3,tradaug,2026
778,76288,S14,3,3,tradaug,2026
779,76352,S14,3,3,tradaug,2026
780,76416,S14,3,3,tradaug,2026
781,76480,S14,3,3,tradaug,2026
782,76544,S14,3,3,tradaug,2026
783,76608,S14,3,3,tradaug,2026
784,76672,S14,3,4,tradaug,2026
785,76736,S14,3,3,tradaug,2026
786,76800,S14,3,3,tradaug,2026
787,76864,S14,3,3,tradaug,2026
788,76928,S14,3,3,tradaug,2026
789,76992,S14,3,3,tradaug,2026
790,77056,S14,3,3,tradaug,2026
791,77120,S14,3,4,tradaug,2026
792,77184,S14,3,3,tradaug,2026
793,77248,S14,3,3,tradaug,2026
794,77312,S14,3,3,tradaug,2026
795,77376,S14,3,2,tradaug,2026
796,77440,S14,3,3,tradaug,2026
797,77504,S14,3,3,tradaug,2026
798,77568,S14,3,3,tradaug,2026
799,77632,S14,3,3,tradaug,2026
800,77696,S14,3,3,tradaug,2026
801,77760,S14,3,3,tradaug,2026
802,77824,S14,3,3,tradaug,2026
803,77888,S14,3,3,tradaug,2026
804,77952,S14,3,4,tradaug,2026
805,78016,S14,3,3,tradaug,2026
806,78080,S14,3,3,tradaug,2026
807,78144,S14,3,3,tradaug,2026
808,78208,S14,3,3,tradaug,2026
809,78272,S14,3,3,tradaug,2026
810,78336,S14,3,4,tradaug,2026
811,78400,S14,3,3,tradaug,2026
812,78464,S14,3,3,tradaug,2026
813,78528,S14,3,3,tradaug,2026
814,78592,S14,3,3,tradaug,2026
815,78656,S14,3,4,tradaug,2026
816,78720,S14,3,4,tradaug,2026
817,78784,S14,3,3,tradaug,2026
818,78848,S14,3,3,tradaug,2026
819,78912,S14,3,3,tradaug,2026
820,78976,S14,3,3,tradaug,2026
821,79040,S14,3,0,tradaug,2026
822,79104,S14,3,3,tradaug,2026
823,79168,S14,3,2,tradaug,2026
824,79232,S14,3,3,tradaug,2026
825,79296,S14,3,3,tradaug,2026
826,79360,S14,3,3,tradaug,2026
827,79424,S14,3,3,tradaug,2026
828,79488,S14,3,3,tradaug,2026
829,79552,S14,3,3,tradaug,2026
830,79616,S14,3,3,tradaug,2026
831,79680,S14,3,3,tradaug,2026
832,79744,S14,3,3,tradaug,2026
833,79808,S14,3,3,tradaug,2026
834,79872,S14,3,3,tradaug,2026
835,79936,S14,3,3,tradaug,2026
836,80000,S14,3,3,tradaug,2026
837,80064,S14,3,3,tradaug,2026
838,80128,S14,3,3,tradaug,2026
839,80192,S14,3,3,tradaug,2026
840,80256,S14,3,3,tradaug,2026
841,80320,S14,3,3,tradaug,2026
842,80384,S14,3,3,tradaug,2026
843,80448,S14,3,3,tradaug,2026
844,80512,S14,3,3,tradaug,2026
845,80576,S14,3,3,tradaug,2026
846,80640,S14,3,3,tradaug,2026
847,80704,S14,3,3,tradaug,2026
848,80768,S14,3,3,tradaug,2026
849,80832,S14,3,3,tradaug,2026
850,80896,S14,3,3,tradaug,2026
851,80960,S14,3,3,tradaug,2026
852,81024,S14,3,3,tradaug,2026
853,81088,S14,3,4,tradaug,2026
854,81152,S14,3,3,tradaug,2026
855,81216,S14,3,3,tradaug,2026
856,81280,S14,3,3,tradaug,2026
857,81344,S14,3,3,tradaug,2026
858,81408,S14,3,3,tradaug,2026
859,81472,S14,3,3,tradaug,2026
860,81536,S14,3,3,tradaug,2026
861,81600,S14,3,3,tradaug,2026
862,81664,S14,3,3,tradaug,2026
863,81728,S14,3,7,tradaug,2026
864,81792,S14,3,3,tradaug,2026
865,81856,S14,3,3,tradaug,2026
866,81920,S14,3,3,tradaug,2026
867,81984,S14,3,4,tradaug,2026
868,82048,S14,3,4,tradaug,2026
869,82112,S14,3,3,tradaug,2026
870,82176,S14,3,3,tradaug,2026
871,82240,S14,3,3,tradaug,2026
872,82304,S14,3,3,tradaug,2026
873,82368,S14,3,3,tradaug,2026
874,82432,S14,3,3,tradaug,2026
875,82496,S14,3,3,tradaug,2026
876,82560,S14,3,3,tradaug,2026
877,82624,S14,3,3,tradaug,2026
878,82688,S14,3,3,tradaug,2026
879,82752,S14,3,3,tradaug,2026
880,82816,S14,3,3,tradaug,2026
881,82880,S14,3,3,tradaug,2026
882,82944,S14,3,3,tradaug,2026
883,83008,S14,3,3,tradaug,2026
884,83072,S14,3,3,tradaug,2026
885,83136,S14,3,3,tradaug,2026
886,83200,S14,3,3,tradaug,2026
887,83264,S14,3,3,tradaug,2026
888,83328,S14,3,3,tradaug,2026
889,83392,S14,3,4,tradaug,2026
890,83456,S14,3,3,tradaug,2026
891,83520,S14,3,3,tradaug,2026
892,83584,S14,3,3,tradaug,2026
893,83648,S14,3,3,tradaug,2026
894,83712,S14,3,3,tradaug,2026
895,83776,S14,3,3,tradaug,2026
896,83840,S14,3,3,tradaug,2026
897,83904,S14,3,3,tradaug,2026
898,83968,S14,3,3,tradaug,2026
899,84032,S14,3,3,tradaug,2026
900,84096,S14,3,3,tradaug,2026
901,84160,S14,3,3,tradaug,2026
902,84224,S14,3,3,tradaug,2026
903,84288,S14,3,3,tradaug,2026
904,84352,S14,3,3,tradaug,2026
905,84416,S14,3,3,tradaug,2026
906,84480,S14,3,3,tradaug,2026
907,84544,S14,3,3,tradaug,2026
908,84608,S14,3,3,tradaug,2026
909,84672,S14,3,3,tradaug,2026
910,84736,S14,3,5,tradaug,2026
911,84800,S14,3,3,tradaug,2026
912,84864,S14,3,3,tradaug,2026
913,84928,S14,3,3,tradaug,2026
914,84992,S14,3,4,tradaug,2026
915,85056,S14,3,3,tradaug,2026
916,85120,S14,3,3,tradaug,2026
917,85184,S14,3,3,tradaug,2026
918,85248,S14,3,3,tradaug,2026
919,85312,S14,3,3,tradaug,2026
920,85376,S14,3,3,tradaug,2026
921,85440,S14,3,3,tradaug,2026
922,85504,S14,3,3,tradaug,2026
923,85568,S14,3,3,tradaug,2026
924,85632,S14,3,3,tradaug,2026
925,85696,S14,3,3,tradaug,2026
926,85760,S14,3,3,tradaug,2026
927,85824,S14,3,3,tradaug,2026
928,85888,S14,3,3,tradaug,2026
929,85952,S14,3,3,tradaug,2026
930,86016,S14,3,3,tradaug,2026
931,86080,S14,3,3,tradaug,2026
932,86144,S14,3,3,tradaug,2026
933,86208,S14,3,3,tradaug,2026
934,86272,S14,3,3,tradaug,2026
935,86336,S14,3,3,tradaug,2026
936,86400,S14,3,3,tradaug,2026
937,86464,S14,3,4,tradaug,2026
938,86528,S14,3,3,tradaug,2026
939,86592,S14,3,3,tradaug,2026
940,86656,S14,3,3,tradaug,2026
941,106944,S14,4,5,tradaug,2026
942,107008,S14,4,5,tradaug,2026
943,107072,S14,4,4,tradaug,2026
944,107136,S14,4,2,tradaug,2026
945,107200,S14,4,5,tradaug,2026
946,107264,S14,4,4,tradaug,2026
947,107328,S14,4,5,tradaug,2026
948,107392,S14,4,5,tradaug,2026
949,107456,S14,4,5,tradaug,2026
950,107520,S14,4,5,tradaug,2026
951,107584,S14,4,5,tradaug,2026
952,107648,S14,4,5,tradaug,2026
953,107712,S14,4,5,tradaug,2026
954,107776,S14,4,5,tradaug,2026
955,107840,S14,4,5,tradaug,2026
956,107904,S14,4,5,tradaug,2026
957,107968,S14,4,5,tradaug,2026
958,108032,S14,4,5,tradaug,2026
959,108096,S14,4,5,tradaug,2026
960,108160,S14,4,5,tradaug,2026
961,108224,S14,4,4,tradaug,2026
962,108288,S14,4,5,tradaug,2026
963,108352,S14,4,5,tradaug,2026
964,108416,S14,4,5,tradaug,2026
965,108480,S14,4,7,tradaug,2026
966,108544,S14,4,5,tradaug,2026
967,108608,S14,4,5,tradaug,2026
968,108672,S14,4,4,tradaug,2026
969,108736,S14,4,7,tradaug,2026
970,108800,S14,4,4,tradaug,2026
971,108864,S14,4,5,tradaug,2026
972,108928,S14,4,5,tradaug,2026
973,108992,S14,4,5,tradaug,2026
974,109056,S14,4,5,tradaug,2026
975,109120,S14,4,5,tradaug,2026
976,109184,S14,4,5,tradaug,2026
977,109248,S14,4,5,tradaug,2026
978,109312,S14,4,5,tradaug,2026
979,109376,S14,4,5,tradaug,2026
980,109440,S14,4,5,tradaug,2026
981,109504,S14,4,5,tradaug,2026
982,109568,S14,4,7,tradaug,2026
983,109632,S14,4,5,tradaug,2026
984,109696,S14,4,5,tradaug,2026
985,109760,S14,4,5,tradaug,2026
986,109824,S14,4,0,tradaug,2026
987,109888,S14,4,7,tradaug,2026
988,109952,S14,4,5,tradaug,2026
989,110016,S14,4,7,tradaug,2026
990,110080,S14,4,5,tradaug,2026
991,110144,S14,4,5,tradaug,2026
992,110208,S14,4,5,tradaug,2026
993,110272,S14,4,2,tradaug,2026
994,110336,S14,4,5,tradaug,2026
995,110400,S14,4,5,tradaug,2026
996,110464,S14,4,5,tradaug,2026
997,110528,S14,4,5,tradaug,2026
998,110592,S14,4,7,tradaug,2026
999,110656,S14,4,4,tradaug,2026
1000,110720,S14,4,5,tradaug,2026
1001,110784,S14,4,5,tradaug,2026
1002,110848,S14,4,5,tradaug,2026
1003,110912,S14,4,5,tradaug,2026
1004,110976,S14,4,7,tradaug,2026
1005,111040,S14,4,5,tradaug,2026
1006,111104,S14,4,7,tradaug,2026
1007,111168,S14,4,5,tradaug,2026
1008,111232,S14,4,5,tradaug,2026
1009,111296,S14,4,7,tradaug,2026
1010,111360,S14,4,5,tradaug,2026
1011,111424,S14,4,5,tradaug,2026
1012,111488,S14,4,7,tradaug,2026
1013,111552,S14,4,5,tradaug,2026
1014,111616,S14,4,4,tradaug,2026
1015,111680,S14,4,5,tradaug,2026
1016,111744,S14,4,7,tradaug,2026
1017,111808,S14,4,5,tradaug,2026
1018,111872,S14,4,5,tradaug,2026
1019,111936,S14,4,5,tradaug,2026
1020,112000,S14,4,5,tradaug,2026
1021,112064,S14,4,5,tradaug,2026
1022,112128,S14,4,5,tradaug,2026
1023,112192,S14,4,5,tradaug,2026
1024,112256,S14,4,5,tradaug,2026
1025,112320,S14,4,5,tradaug,2026
1026,112384,S14,4,7,tradaug,2026
1027,112448,S14,4,5,tradaug,2026
1028,112512,S14,4,5,tradaug,2026
1029,112576,S14,4,5,tradaug,2026
1030,112640,S14,4,5,tradaug,2026
1031,112704,S14,4,7,tradaug,2026
1032,112768,S14,4,5,tradaug,2026
1033,112832,S14,4,5,tradaug,2026
1034,112896,S14,4,5,tradaug,2026
1035,112960,S14,4,5,tradaug,2026
1036,113024,S14,4,5,tradaug,2026
1037,113088,S14,4,5,tradaug,2026
1038,113152,S14,4,7,tradaug,2026
1039,113216,S14,4,4,tradaug,2026
1040,113280,S14,4,7,tradaug,2026
1041,113344,S14,4,7,tradaug,2026
1042,113408,S14,4,5,tradaug,2026
1043,113472,S14,4,5,tradaug,2026
1044,113536,S14,4,5,tradaug,2026
1045,113600,S14,4,5,tradaug,2026
1046,113664,S14,4,5,tradaug,2026
1047,113728,S14,4,5,tradaug,2026
1048,113792,S14,4,5,tradaug,2026
1049,113856,S14,4,5,tradaug,2026
1050,113920,S14,4,5,tradaug,2026
1051,113984,S14,4,5,tradaug,2026
1052,114048,S14,4,5,tradaug,2026
1053,114112,S14,4,4,tradaug,2026
1054,114176,S14,4,5,tradaug,2026
1055,114240,S14,4,5,tradaug,2026
1056,114304,S14,4,5,tradaug,2026
1057,114368,S14,4,5,tradaug,2026
1058,114432,S14,4,5,tradaug,2026
1059,114496,S14,4,5,tradaug,2026
1060,114560,S14,4,5,tradaug,2026
1061,114624,S14,4,5,tradaug,2026
1062,114688,S14,4,4,tradaug,2026
1063,114752,S14,4,4,tradaug,2026
1064,114816,S14,4,5,tradaug,2026
1065,114880,S14,4,5,tradaug,2026
1066,114944,S14,4,5,tradaug,2026
1067,115008,S14,4,5,tradaug,2026
1068,115072,S14,4,5,tradaug,2026
1069,115136,S14,4,7,tradaug,2026
1070,115200,S14,4,5,tradaug,2026
1071,115264,S14,4,5,tradaug,2026
1072,115328,S14,4,5,tradaug,2026
1073,115392,S14,4,4,tradaug,2026
1074,115456,S14,4,5,tradaug,2026
1075,115520,S14,4,5,tradaug,2026
1076,115584,S14,4,5,tradaug,2026
1077,115648,S14,4,5,tradaug,2026
1078,115712,S14,4,4,tradaug,2026
1079,115776,S14,4,4,tradaug,2026
1080,115840,S14,4,7,tradaug,2026
1081,115904,S14,4,5,tradaug,2026
1082,115968,S14,4,5,tradaug,2026
1083,116032,S14,4,5,tradaug,2026
1084,116096,S14,4,4,tradaug,2026
1085,116160,S14,4,5,tradaug,2026
1086,116224,S14,4,7,tradaug,2026
1087,116288,S14,4,5,tradaug,2026
1088,116352,S14,4,4,tradaug,2026
1089,116416,S14,4,5,tradaug,2026
1090,116480,S14,4,5,tradaug,2026
1091,116544,S14,4,5,tradaug,2026
1092,116608,S14,4,5,tradaug,2026
1093,116672,S14,4,5,tradaug,2026
1094,116736,S14,4,5,tradaug,2026
1095,116800,S14,4,5,tradaug,2026
1096,116864,S14,4,5,tradaug,2026
1097,116928,S14,4,4,tradaug,2026
1098,116992,S14,4,5,tradaug,2026
1099,117056,S14,4,7,tradaug,2026
1100,117120,S14,4,4,tradaug,2026
1101,117184,S14,4,0,tradaug,2026
1102,117248,S14,4,5,tradaug,2026
1103,117312,S14,4,5,tradaug,2026
1104,117376,S14,4,5,tradaug,2026
1105,117440,S14,4,5,tradaug,2026
1106,117504,S14,4,5,tradaug,2026
1107,117568,S14,4,5,tradaug,2026
1108,117632,S14,4,0,tradaug,2026
1109,117696,S14,4,5,tradaug,2026
1110,117760,S14,4,5,tradaug,2026
1111,117824,S14,4,5,tradaug,2026
1112,117888,S14,4,5,tradaug,2026
1113,117952,S14,4,5,tradaug,2026
1114,118016,S14,4,5,tradaug,2026
1115,118080,S14,4,5,tradaug,2026
1116,118144,S14,4,5,tradaug,2026
1117,118208,S14,4,7,tradaug,2026
1118,118272,S14,4,5,tradaug,2026
1119,118336,S14,4,7,tradaug,2026
1120,118400,S14,4,5,tradaug,2026
1121,118464,S14,4,5,tradaug,2026
1122,118528,S14,4,5,tradaug,2026
1123,118592,S14,4,5,tradaug,2026
1124,118656,S14,4,7,tradaug,2026
1125,118720,S14,4,5,tradaug,2026
1126,118784,S14,4,5,tradaug,2026
1127,118848,S14,4,7,tradaug,2026
1128,118912,S14,4,2,tradaug,2026
1129,118976,S14,4,5,tradaug,2026
1130,119040,S14,4,5,tradaug,2026
1131,119104,S14,4,4,tradaug,2026
1132,119168,S14,4,4,tradaug,2026
1133,119232,S14,4,5,tradaug,2026
1134,119296,S14,4,5,tradaug,2026
1135,119360,S14,4,4,tradaug,2026
1136,119424,S14,4,5,tradaug,2026
1137,119488,S14,4,4,tradaug,2026
1138,119552,S14,4,5,tradaug,2026
1139,119616,S14,4,4,tradaug,2026
1140,119680,S14,4,7,tradaug,2026
1141,119744,S14,4,5,tradaug,2026
1142,119808,S14,4,5,tradaug,2026
1143,119872,S14,4,5,tradaug,2026
1144,119936,S14,4,5,tradaug,2026
1145,120000,S14,4,5,tradaug,2026
1146,120064,S14,4,5,tradaug,2026
1147,120128,S14,4,5,tradaug,2026
1148,120192,S14,4,7,tradaug,2026
1149,120256,S14,4,5,tradaug,2026
1150,120320,S14,4,7,tradaug,2026
1151,120384,S14,4,5,tradaug,2026
1152,120448,S14,4,5,tradaug,2026
1153,120512,S14,4,5,tradaug,2026
1154,120576,S14,4,7,tradaug,2026
1155,120640,S14,4,5,tradaug,2026
1156,120704,S14,4,5,tradaug,2026
1157,120768,S14,4,4,tradaug,2026
1158,120832,S14,4,5,tradaug,2026
1159,120896,S14,4,5,tradaug,2026
1160,120960,S14,4,1,tradaug,2026
1161,121024,S14,4,5,tradaug,2026
1162,121088,S14,4,5,tradaug,2026
1163,121152,S14,4,5,tradaug,2026
1164,121216,S14,4,5,tradaug,2026
1165,121280,S14,4,5,tradaug,2026
1166,121344,S14,4,4,tradaug,2026
1167,121408,S14,4,5,tradaug,2026
1168,121472,S14,4,5,tradaug,2026
1169,121536,S14,4,4,tradaug,2026
1170,121600,S14,4,5,tradaug,2026
1171,121664,S14,4,5,tradaug,2026
1172,121728,S14,4,5,tradaug,2026
1173,121792,S14,4,5,tradaug,2026
1174,121856,S14,4,5,tradaug,2026
1175,121920,S14,4,5,tradaug,2026
1176,121984,S14,4,4,tradaug,2026
1177,122048,S14,4,5,tradaug,2026
1178,122112,S14,4,5,tradaug,2026
1179,122176,S14,4,5,tradaug,2026
1180,122240,S14,4,7,tradaug,2026
1181,122304,S14,4,5,tradaug,2026
1182,122368,S14,4,5,tradaug,2026
1183,122432,S14,4,5,tradaug,2026
1184,122496,S14,4,5,tradaug,2026
1185,122560,S14,4,5,tradaug,2026
1186,122624,S14,4,5,tradaug,2026
1187,122688,S14,4,4,tradaug,2026
1188,122752,S14,4,5,tradaug,2026
1189,122816,S14,4,7,tradaug,2026
1190,122880,S14,4,5,tradaug,2026
1191,122944,S14,4,5,tradaug,2026
1192,123008,S14,4,5,tradaug,2026
1193,123072,S14,4,7,tradaug,2026
1194,123136,S14,4,5,tradaug,2026
1195,123200,S14,4,5,tradaug,2026
1196,123264,S14,4,5,tradaug,2026
1197,123328,S14,4,7,tradaug,2026
1198,123392,S14,4,5,tradaug,2026
1199,123456,S14,4,7,tradaug,2026
1200,123520,S14,4,4,tradaug,2026
1201,123584,S14,4,5,tradaug,2026
1202,123648,S14,4,5,tradaug,2026
1203,123712,S14,4,7,tradaug,2026
1204,123776,S14,4,5,tradaug,2026
1205,123840,S14,4,5,tradaug,2026
1206,123904,S14,4,5,tradaug,2026
1207,123968,S14,4,5,tradaug,2026
1208,124032,S14,4,4,tradaug,2026
1209,124096,S14,4,5,tradaug,2026
1210,124160,S14,4,7,tradaug,2026
1211,124224,S14,4,4,tradaug,2026
1212,124288,S14,4,7,tradaug,2026
1213,124352,S14,4,7,tradaug,2026
1214,124416,S14,4,5,tradaug,2026
1215,124480,S14,4,5,tradaug,2026
1216,124544,S14,4,5,tradaug,2026
1217,124608,S14,4,4,tradaug,2026
1218,124672,S14,4,5,tradaug,2026
1219,124736,S14,4,5,tradaug,2026
1220,124800,S14,4,4,tradaug,2026
1221,124864,S14,4,5,tradaug,2026
1222,124928,S14,4,7,tradaug,2026
1223,124992,S14,4,5,tradaug,2026
1224,125056,S14,4,7,tradaug,2026
1225,125120,S14,4,5,tradaug,2026
1226,125184,S14,4,2,tradaug,2026
1227,125248,S14,4,5,tradaug,2026
1228,125312,S14,4,5,tradaug,2026
1229,125376,S14,4,5,tradaug,2026
1230,125440,S14,4,5,tradaug,2026
1231,125504,S14,4,5,tradaug,2026
1232,125568,S14,4,5,tradaug,2026
1233,125632,S14,4,5,tradaug,2026
1234,125696,S14,4,5,tradaug,2026
1235,125760,S14,4,5,tradaug,2026
1236,125824,S14,4,5,tradaug,2026
1237,125888,S14,4,5,tradaug,2026
1238,125952,S14,4,5,tradaug,2026
1239,126016,S14,4,7,tradaug,2026
1240,126080,S14,4,5,tradaug,2026
1241,126144,S14,4,7,tradaug,2026
1242,126208,S14,4,5,tradaug,2026
1243,126272,S14,4,5,tradaug,2026
1244,126336,S14,4,7,tradaug,2026
1245,126400,S14,4,5,tradaug,2026
1246,126464,S14,4,5,tradaug,2026
1247,126528,S14,4,5,tradaug,2026
1248,126592,S14,4,5,tradaug,2026
1249,126656,S14,4,7,tradaug,2026
1250,126720,S14,4,5,tradaug,2026
1251,126784,S14,4,5,tradaug,2026
1252,126848,S14,4,5,tradaug,2026
1253,126912,S14,4,5,tradaug,2026
1254,126976,S14,4,5,tradaug,2026
1255,127040,S14,4,0,tradaug,2026
1256,127104,S14,4,2,tradaug,2026
1257,127168,S14,4,5,tradaug,2026
1258,127232,S14,4,7,tradaug,2026
1259,127296,S14,4,7,tradaug,2026
1260,127360,S14,4,5,tradaug,2026
1261,127424,S14,4,7,tradaug,2026
1262,127488,S14,4,7,tradaug,2026
1263,127552,S14,4,5,tradaug,2026
1264,127616,S14,4,5,tradaug,2026
1265,127680,S14,4,7,tradaug,2026
1266,127744,S14,4,5,tradaug,2026
1267,127808,S14,4,7,tradaug,2026
1268,127872,S14,4,5,tradaug,2026
1269,127936,S14,4,5,tradaug,2026
1270,128000,S14,4,5,tradaug,2026
1271,128064,S14,4,5,tradaug,2026
1272,128128,S14,4,7,tradaug,2026
1273,128192,S14,4,5,tradaug,2026
1274,128256,S14,4,7,tradaug,2026
1275,128320,S14,4,5,tradaug,2026
1276,128384,S14,4,7,tradaug,2026
1277,128448,S14,4,7,tradaug,2026
1278,128512,S14,4,5,tradaug,2026
1279,128576,S14,4,7,tradaug,2026
1280,128640,S14,4,5,tradaug,2026
1281,128704,S14,4,2,tradaug,2026
1282,128768,S14,4,5,tradaug,2026
1283,128832,S14,4,5,tradaug,2026
1284,128896,S14,4,5,tradaug,2026
1285,128960,S14,4,5,tradaug,2026
1286,129024,S14,4,4,tradaug,2026
1287,129088,S14,4,0,tradaug,2026
1288,129152,S14,4,7,tradaug,2026
1289,129216,S14,4,5,tradaug,2026
1290,129280,S14,4,5,tradaug,2026
1291,129344,S14,4,5,tradaug,2026
1292,129408,S14,4,4,tradaug,2026
1293,129472,S14,4,7,tradaug,2026
1294,129536,S14,4,5,tradaug,2026
1295,129600,S14,4,5,tradaug,2026
1296,129664,S14,4,7,tradaug,2026
1297,129728,S14,4,5,tradaug,2026
1298,129792,S14,4,5,tradaug,2026
1299,129856,S14,4,5,tradaug,2026
1300,129920,S14,4,7,tradaug,2026
1301,129984,S14,4,5,tradaug,2026
1302,130048,S14,4,5,tradaug,2026
1303,130112,S14,4,5,tradaug,2026
1304,130176,S14,4,5,tradaug,2026
1305,130240,S14,4,5,tradaug,2026
1306,130304,S14,4,5,tradaug,2026
1307,130368,S14,4,5,tradaug,2026
1308,130432,S14,4,5,tradaug,2026
1309,130496,S14,4,5,tradaug,2026
1310,130560,S14,4,4,tradaug,2026
1311,130624,S14,4,5,tradaug,2026
1312,130688,S14,4,5,tradaug,2026
1313,130752,S14,4,5,tradaug,2026
1314,130816,S14,4,4,tradaug,2026
1315,130880,S14,4,5,tradaug,2026
1316,130944,S14,4,7,tradaug,2026
1317,131008,S14,4,5,tradaug,2026
1318,131072,S14,4,7,tradaug,2026
1319,131136,S14,4,4,tradaug,2026
1320,131200,S14,4,5,tradaug,2026
1321,131264,S14,4,5,tradaug,2026
1322,131328,S14,4,5,tradaug,2026
1323,131392,S14,4,5,tradaug,2026
1324,131456,S14,4,5,tradaug,2026
1325,131520,S14,4,5,tradaug,2026
1326,131584,S14,4,7,tradaug,2026
1327,131648,S14,4,5,tradaug,2026
1328,131712,S14,4,5,tradaug,2026
1329,131776,S14,4,7,tradaug,2026
1330,131840,S14,4,7,tradaug,2026
1331,131904,S14,4,5,tradaug,2026
1332,131968,S14,4,5,tradaug,2026
1333,132032,S14,4,5,tradaug,2026
1334,132096,S14,4,5,tradaug,2026
1335,132160,S14,4,7,tradaug,2026
1336,132224,S14,4,5,tradaug,2026
1337,132288,S14,4,5,tradaug,2026
1338,132352,S14,4,5,tradaug,2026
1339,132416,S14,4,5,tradaug,2026
1340,132480,S14,4,5,tradaug,2026
1341,132544,S14,4,5,tradaug,2026
1342,132608,S14,4,5,tradaug,2026
1343,132672,S14,4,7,tradaug,2026
1344,132736,S14,4,5,tradaug,2026
1345,132800,S14,4,5,tradaug,2026
1346,132864,S14,4,5,tradaug,2026
1347,132928,S14,4,5,tradaug,2026
1348,132992,S14,4,5,tradaug,2026
1349,133056,S14,4,5,tradaug,2026
1350,133120,S14,4,7,tradaug,2026
1351,133184,S14,4,5,tradaug,2026
1352,133248,S14,4,5,tradaug,2026
1353,133312,S14,4,7,tradaug,2026
1354,133376,S14,4,5,tradaug,2026
1355,133440,S14,4,4,tradaug,2026
1356,133504,S14,4,5,tradaug,2026
1357,133568,S14,4,4,tradaug,2026
1358,133632,S14,4,5,tradaug,2026
1359,133696,S14,4,5,tradaug,2026
1360,133760,S14,4,5,tradaug,2026
1361,133824,S14,4,5,tradaug,2026
1362,133888,S14,4,5,tradaug,2026
1363,133952,S14,4,5,tradaug,2026
1364,134016,S14,4,5,tradaug,2026
1365,134080,S14,4,7,tradaug,2026
1366,134144,S14,4,5,tradaug,2026
1367,134208,S14,4,5,tradaug,2026
1368,134272,S14,4,5,tradaug,2026
1369,134336,S14,4,5,tradaug,2026
1370,134400,S14,4,5,tradaug,2026
1371,134464,S14,4,5,tradaug,2026
1372,134528,S14,4,5,tradaug,2026
1373,134592,S14,4,5,tradaug,2026
1374,134656,S14,4,5,tradaug,2026
1375,134720,S14,4,5,tradaug,2026
1376,134784,S14,4,5,tradaug,2026
1377,134848,S14,4,7,tradaug,2026
1378,134912,S14,4,5,tradaug,2026
1379,134976,S14,4,5,tradaug,2026
1380,135040,S14,4,5,tradaug,2026
1381,135104,S14,4,5,tradaug,2026
1382,135168,S14,4,5,tradaug,2026
1383,135232,S14,4,5,tradaug,2026
1384,135296,S14,4,5,tradaug,2026
1385,135360,S14,4,5,tradaug,2026
1386,135424,S14,4,4,tradaug,2026
1387,135488,S14,4,5,tradaug,2026
1388,135552,S14,4,5,tradaug,2026
1389,135616,S14,4,0,tradaug,2026
1390,135680,S14,4,5,tradaug,2026
1391,135744,S14,4,5,tradaug,2026
1392,135808,S14,4,7,tradaug,2026
1393,135872,S14,4,5,tradaug,2026
1394,135936,S14,4,5,tradaug,2026
1395,136000,S14,4,5,tradaug,2026
1396,136064,S14,4,5,tradaug,2026
1397,136128,S14,4,5,tradaug,2026
1398,136192,S14,4,7,tradaug,2026
1399,136256,S14,4,5,tradaug,2026
1400,136320,S14,4,5,tradaug,2026
1401,136384,S14,4,5,tradaug,2026
1402,136448,S14,4,5,tradaug,2026
1403,136512,S14,4,4,tradaug,2026
1404,136576,S14,4,5,tradaug,2026
1405,136640,S14,4,5,tradaug,2026
1406,136704,S14,4,5,tradaug,2026
1407,136768,S14,4,7,tradaug,2026
1408,136832,S14,4,5,tradaug,2026
1409,136896,S14,4,5,tradaug,2026
1410,136960,S14,4,5,tradaug,2026
1411,137024,S14,4,7,tradaug,2026
1412,137088,S14,4,5,tradaug,2026
1413,137152,S14,4,4,tradaug,2026
1414,137216,S14,4,5,tradaug,2026
1415,137280,S14,4,5,tradaug,2026
1416,151488,S14,5,5,tradaug,2026
1417,151552,S14,5,5,tradaug,2026
1418,151616,S14,5,5,tradaug,2026
1419,151680,S14,5,5,tradaug,2026
1420,151744,S14,5,5,tradaug,2026
1421,151808,S14,5,5,tradaug,2026
1422,151872,S14,5,2,tradaug,2026
1423,151936,S14,5,5,tradaug,2026
1424,152000,S14,5,5,tradaug,2026
1425,152064,S14,5,5,tradaug,2026
1426,152128,S14,5,5,tradaug,2026
1427,152192,S14,5,2,tradaug,2026
1428,152256,S14,5,6,tradaug,2026
1429,152320,S14,5,5,tradaug,2026
1430,152384,S14,5,6,tradaug,2026
1431,152448,S14,5,5,tradaug,2026
1432,152512,S14,5,5,tradaug,2026
1433,152576,S14,5,5,tradaug,2026
1434,152640,S14,5,5,tradaug,2026
1435,152704,S14,5,5,tradaug,2026
1436,152768,S14,5,0,tradaug,2026
1437,152832,S14,5,5,tradaug,2026
1438,152896,S14,5,0,tradaug,2026
1439,152960,S14,5,5,tradaug,2026
1440,153024,S14,5,5,tradaug,2026
1441,153088,S14,5,2,tradaug,2026
1442,153152,S14,5,5,tradaug,2026
1443,153216,S14,5,5,tradaug,2026
1444,153280,S14,5,5,tradaug,2026
1445,153344,S14,5,5,tradaug,2026
1446,153408,S14,5,5,tradaug,2026
1447,153472,S14,5,5,tradaug,2026
1448,153536,S14,5,5,tradaug,2026
1449,153600,S14,5,5,tradaug,2026
1450,153664,S14,5,5,tradaug,2026
1451,153728,S14,5,7,tradaug,2026
1452,153792,S14,5,5,tradaug,2026
1453,153856,S14,5,5,tradaug,2026
1454,153920,S14,5,5,tradaug,2026
1455,153984,S14,5,5,tradaug,2026
1456,154048,S14,5,5,tradaug,2026
1457,154112,S14,5,5,tradaug,2026
1458,154176,S14,5,5,tradaug,2026
1459,154240,S14,5,5,tradaug,2026
1460,154304,S14,5,5,tradaug,2026
1461,154368,S14,5,5,tradaug,2026
1462,154432,S14,5,7,tradaug,2026
1463,154496,S14,5,4,tradaug,2026
1464,154560,S14,5,5,tradaug,2026
1465,154624,S14,5,5,tradaug,2026
1466,154688,S14,5,5,tradaug,2026
1467,154752,S14,5,5,tradaug,2026
1468,154816,S14,5,4,tradaug,2026
1469,154880,S14,5,5,tradaug,2026
1470,154944,S14,5,5,tradaug,2026
1471,155008,S14,5,5,tradaug,2026
1472,155072,S14,5,5,tradaug,2026
1473,155136,S14,5,5,tradaug,2026
1474,155200,S14,5,5,tradaug,2026
1475,155264,S14,5,7,tradaug,2026
1476,155328,S14,5,5,tradaug,2026
1477,155392,S14,5,0,tradaug,2026
1478,155456,S14,5,7,tradaug,2026
1479,155520,S14,5,5,tradaug,2026
1480,155584,S14,5,5,tradaug,2026
1481,155648,S14,5,5,tradaug,2026
1482,155712,S14,5,5,tradaug,2026
1483,155776,S14,5,5,tradaug,2026
1484,155840,S14,5,2,tradaug,2026
1485,155904,S14,5,2,tradaug,2026
1486,155968,S14,5,7,tradaug,2026
1487,156032,S14,5,7,tradaug,2026
1488,156096,S14,5,5,tradaug,2026
1489,156160,S14,5,5,tradaug,2026
1490,156224,S14,5,5,tradaug,2026
1491,156288,S14,5,5,tradaug,2026
1492,156352,S14,5,5,tradaug,2026
1493,156416,S14,5,5,tradaug,2026
1494,156480,S14,5,5,tradaug,2026
1495,156544,S14,5,5,tradaug,2026
1496,156608,S14,5,5,tradaug,2026
1497,156672,S14,5,7,tradaug,2026
1498,156736,S14,5,5,tradaug,2026
1499,156800,S14,5,7,tradaug,2026
1500,156864,S14,5,7,tradaug,2026
1501,156928,S14,5,5,tradaug,2026
1502,156992,S14,5,5,tradaug,2026
1503,157056,S14,5,5,tradaug,2026
1504,157120,S14,5,5,tradaug,2026
1505,157184,S14,5,7,tradaug,2026
1506,157248,S14,5,5,tradaug,2026
1507,157312,S14,5,2,tradaug,2026
1508,157376,S14,5,0,tradaug,2026
1509,157440,S14,5,0,tradaug,2026
1510,157504,S14,5,5,tradaug,2026
1511,157568,S14,5,5,tradaug,2026
1512,157632,S14,5,0,tradaug,2026
1513,157696,S14,5,7,tradaug,2026
1514,157760,S14,5,7,tradaug,2026
1515,157824,S14,5,5,tradaug,2026
1516,157888,S14,5,5,tradaug,2026
1517,157952,S14,5,5,tradaug,2026
1518,158016,S14,5,5,tradaug,2026
1519,158080,S14,5,5,tradaug,2026
1520,158144,S14,5,7,tradaug,2026
1521,158208,S14,5,5,tradaug,2026
1522,158272,S14,5,5,tradaug,2026
1523,158336,S14,5,5,tradaug,2026
1524,158400,S14,5,7,tradaug,2026
1525,158464,S14,5,5,tradaug,2026
1526,158528,S14,5,5,tradaug,2026
1527,158592,S14,5,5,tradaug,2026
1528,158656,S14,5,5,tradaug,2026
1529,158720,S14,5,5,tradaug,2026
1530,158784,S14,5,5,tradaug,2026
1531,158848,S14,5,5,tradaug,2026
1532,158912,S14,5,5,tradaug,2026
1533,158976,S14,5,5,tradaug,2026
1534,159040,S14,5,2,tradaug,2026
1535,159104,S14,5,7,tradaug,2026
1536,159168,S14,5,5,tradaug,2026
1537,159232,S14,5,5,tradaug,2026
1538,159296,S14,5,5,tradaug,2026
1539,159360,S14,5,5,tradaug,2026
1540,159424,S14,5,5,tradaug,2026
1541,159488,S14,5,5,tradaug,2026
1542,159552,S14,5,5,tradaug,2026
1543,159616,S14,5,5,tradaug,2026
1544,159680,S14,5,5,tradaug,2026
1545,159744,S14,5,5,tradaug,2026
1546,159808,S14,5,7,tradaug,2026
1547,159872,S14,5,5,tradaug,2026
1548,159936,S14,5,5,tradaug,2026
1549,160000,S14,5,5,tradaug,2026
1550,160064,S14,5,5,tradaug,2026
1551,160128,S14,5,5,tradaug,2026
1552,160192,S14,5,4,tradaug,2026
1553,160256,S14,5,7,tradaug,2026
1554,160320,S14,5,5,tradaug,2026
1555,160384,S14,5,5,tradaug,2026
1556,160448,S14,5,2,tradaug,2026
1557,160512,S14,5,5,tradaug,2026
1558,160576,S14,5,5,tradaug,2026
1559,160640,S14,5,5,tradaug,2026
1560,160704,S14,5,5,tradaug,2026
1561,160768,S14,5,2,tradaug,2026
1562,160832,S14,5,5,tradaug,2026
1563,160896,S14,5,7,tradaug,2026
1564,160960,S14,5,7,tradaug,2026
1565,161024,S14,5,5,tradaug,2026
1566,161088,S14,5,5,tradaug,2026
1567,161152,S14,5,2,tradaug,2026
1568,161216,S14,5,4,tradaug,2026
1569,161280,S14,5,5,tradaug,2026
1570,161344,S14,5,5,tradaug,2026
1571,161408,S14,5,7,tradaug,2026
1572,161472,S14,5,5,tradaug,2026
1573,161536,S14,5,5,tradaug,2026
1574,161600,S14,5,2,tradaug,2026
1575,161664,S14,5,5,tradaug,2026
1576,161728,S14,5,4,tradaug,2026
1577,161792,S14,5,5,tradaug,2026
1578,161856,S14,5,5,tradaug,2026
1579,161920,S14,5,5,tradaug,2026
1580,161984,S14,5,5,tradaug,2026
1581,162048,S14,5,5,tradaug,2026
1582,162112,S14,5,5,tradaug,2026
1583,162176,S14,5,5,tradaug,2026
1584,162240,S14,5,5,tradaug,2026
1585,162304,S14,5,5,tradaug,2026
1586,162368,S14,5,5,tradaug,2026
1587,162432,S14,5,5,tradaug,2026
1588,162496,S14,5,5,tradaug,2026
1589,162560,S14,5,5,tradaug,2026
1590,162624,S14,5,5,tradaug,2026
1591,162688,S14,5,5,tradaug,2026
1592,162752,S14,5,5,tradaug,2026
1593,162816,S14,5,5,tradaug,2026
1594,162880,S14,5,7,tradaug,2026
1595,162944,S14,5,7,tradaug,2026
1596,163008,S14,5,5,tradaug,2026
1597,163072,S14,5,5,tradaug,2026
1598,163136,S14,5,5,tradaug,2026
1599,163200,S14,5,2,tradaug,2026
1600,163264,S14,5,5,tradaug,2026
1601,163328,S14,5,4,tradaug,2026
1602,163392,S14,5,5,tradaug,2026
1603,163456,S14,5,5,tradaug,2026
1604,163520,S14,5,4,tradaug,2026
1605,163584,S14,5,5,tradaug,2026
1606,163648,S14,5,5,tradaug,2026
1607,163712,S14,5,4,tradaug,2026
1608,163776,S14,5,5,tradaug,2026
1609,163840,S14,5,7,tradaug,2026
1610,163904,S14,5,7,tradaug,2026
1611,163968,S14,5,5,tradaug,2026
1612,164032,S14,5,4,tradaug,2026
1613,164096,S14,5,5,tradaug,2026
1614,164160,S14,5,5,tradaug,2026
1615,164224,S14,5,5,tradaug,2026
1616,164288,S14,5,5,tradaug,2026
1617,164352,S14,5,2,tradaug,2026
1618,164416,S14,5,5,tradaug,2026
1619,164480,S14,5,7,tradaug,2026
1620,164544,S14,5,5,tradaug,2026
1621,164608,S14,5,5,tradaug,2026
1622,164672,S14,5,5,tradaug,2026
1623,164736,S14,5,5,tradaug,2026
1624,164800,S14,5,5,tradaug,2026
1625,164864,S14,5,5,tradaug,2026
1626,164928,S14,5,7,tradaug,2026
1627,164992,S14,5,5,tradaug,2026
1628,165056,S14,5,5,tradaug,2026
1629,165120,S14,5,5,tradaug,2026
1630,165184,S14,5,5,tradaug,2026
1631,165248,S14,5,5,tradaug,2026
1632,165312,S14,5,5,tradaug,2026
1633,165376,S14,5,5,tradaug,2026
1634,165440,S14,5,5,tradaug,2026
1635,165504,S14,5,0,tradaug,2026
1636,165568,S14,5,5,tradaug,2026
1637,165632,S14,5,7,tradaug,2026
1638,165696,S14,5,5,tradaug,2026
1639,165760,S14,5,7,tradaug,2026
1640,165824,S14,5,7,tradaug,2026
1641,165888,S14,5,5,tradaug,2026
1642,165952,S14,5,5,tradaug,2026
1643,166016,S14,5,5,tradaug,2026
1644,166080,S14,5,4,tradaug,2026
1645,166144,S14,5,5,tradaug,2026
1646,166208,S14,5,5,tradaug,2026
1647,166272,S14,5,5,tradaug,2026
1648,166336,S14,5,5,tradaug,2026
1649,166400,S14,5,2,tradaug,2026
1650,166464,S14,5,5,tradaug,2026
1651,166528,S14,5,5,tradaug,2026
1652,166592,S14,5,5,tradaug,2026
1653,166656,S14,5,5,tradaug,2026
1654,166720,S14,5,5,tradaug,2026
1655,166784,S14,5,5,tradaug,2026
1656,166848,S14,5,5,tradaug,2026
1657,166912,S14,5,0,tradaug,2026
1658,166976,S14,5,5,tradaug,2026
1659,167040,S14,5,5,tradaug,2026
1660,167104,S14,5,5,tradaug,2026
1661,167168,S14,5,5,tradaug,2026
1662,167232,S14,5,7,tradaug,2026
1663,167296,S14,5,5,tradaug,2026
1664,167360,S14,5,5,tradaug,2026
1665,167424,S14,5,5,tradaug,2026
1666,167488,S14,5,7,tradaug,2026
1667,167552,S14,5,5,tradaug,2026
1668,167616,S14,5,5,tradaug,2026
1669,167680,S14,5,4,tradaug,2026
1670,167744,S14,5,5,tradaug,2026
1671,167808,S14,5,5,tradaug,2026
1672,167872,S14,5,5,tradaug,2026
1673,167936,S14,5,5,tradaug,2026
1674,168000,S14,5,5,tradaug,2026
1675,168064,S14,5,0,tradaug,2026
1676,168128,S14,5,5,tradaug,2026
1677,168192,S14,5,5,tradaug,2026
1678,168256,S14,5,4,tradaug,2026
1679,168320,S14,5,5,tradaug,2026
1680,168384,S14,5,7,tradaug,2026
1681,168448,S14,5,5,tradaug,2026
1682,168512,S14,5,0,tradaug,2026
1683,168576,S14,5,5,tradaug,2026
1684,168640,S14,5,5,tradaug,2026
1685,168704,S14,5,5,tradaug,2026
1686,168768,S14,5,5,tradaug,2026
1687,168832,S14,5,5,tradaug,2026
1688,168896,S14,5,5,tradaug,2026
1689,168960,S14,5,0,tradaug,2026
1690,169024,S14,5,2,tradaug,2026
1691,169088,S14,5,5,tradaug,2026
1692,169152,S14,5,5,tradaug,2026
1693,169216,S14,5,7,tradaug,2026
1694,169280,S14,5,7,tradaug,2026
1695,169344,S14,5,0,tradaug,2026
1696,169408,S14,5,5,tradaug,2026
1697,169472,S14,5,5,tradaug,2026
1698,169536,S14,5,5,tradaug,2026
1699,169600,S14,5,5,tradaug,2026
1700,169664,S14,5,5,tradaug,2026
1701,169728,S14,5,7,tradaug,2026
1702,169792,S14,5,5,tradaug,2026
1703,169856,S14,5,5,tradaug,2026
1704,169920,S14,5,5,tradaug,2026
1705,169984,S14,5,5,tradaug,2026
1706,170048,S14,5,7,tradaug,2026
1707,170112,S14,5,5,tradaug,2026
1708,170176,S14,5,7,tradaug,2026
1709,170240,S14,5,5,tradaug,2026
1710,170304,S14,5,5,tradaug,2026
1711,170368,S14,5,5,tradaug,2026
1712,170432,S14,5,5,tradaug,2026
1713,170496,S14,5,5,tradaug,2026
1714,170560,S14,5,5,tradaug,2026
1715,170624,S14,5,5,tradaug,2026
1716,170688,S14,5,5,tradaug,2026
1717,170752,S14,5,5,tradaug,2026
1718,170816,S14,5,5,tradaug,2026
1719,170880,S14,5,7,tradaug,2026
1720,170944,S14,5,7,tradaug,2026
1721,171008,S14,5,5,tradaug,2026
1722,171072,S14,5,5,tradaug,2026
1723,171136,S14,5,5,tradaug,2026
1724,171200,S14,5,5,tradaug,2026
1725,171264,S14,5,2,tradaug,2026
1726,171328,S14,5,7,tradaug,2026
1727,171392,S14,5,5,tradaug,2026
1728,171456,S14,5,5,tradaug,2026
1729,171520,S14,5,2,tradaug,2026
1730,171584,S14,5,5,tradaug,2026
1731,171648,S14,5,5,tradaug,2026
1732,171712,S14,5,5,tradaug,2026
1733,171776,S14,5,0,tradaug,2026
1734,171840,S14,5,5,tradaug,2026
1735,171904,S14,5,5,tradaug,2026
1736,171968,S14,5,5,tradaug,2026
1737,172032,S14,5,5,tradaug,2026
1738,172096,S14,5,7,tradaug,2026
1739,172160,S14,5,5,tradaug,2026
1740,172224,S14,5,0,tradaug,2026
1741,172288,S14,5,7,tradaug,2026
1742,172352,S14,5,5,tradaug,2026
1743,172416,S14,5,5,tradaug,2026
1744,172480,S14,5,4,tradaug,2026
1745,172544,S14,5,5,tradaug,2026
1746,172608,S14,5,5,tradaug,2026
1747,172672,S14,5,7,tradaug,2026
1748,172736,S14,5,5,tradaug,2026
1749,172800,S14,5,5,tradaug,2026
1750,172864,S14,5,5,tradaug,2026
1751,172928,S14,5,5,tradaug,2026
1752,172992,S14,5,5,tradaug,2026
1753,173056,S14,5,0,tradaug,2026
1754,173120,S14,5,5,tradaug,2026
1755,173184,S14,5,5,tradaug,2026
1756,173248,S14,5,5,tradaug,2026
1757,173312,S14,5,5,tradaug,2026
1758,173376,S14,5,7,tradaug,2026
1759,173440,S14,5,5,tradaug,2026
1760,173504,S14,5,5,tradaug,2026
1761,173568,S14,5,5,tradaug,2026
1762,173632,S14,5,5,tradaug,2026
1763,173696,S14,5,0,tradaug,2026
1764,173760,S14,5,5,tradaug,2026
1765,173824,S14,5,0,tradaug,2026
1766,173888,S14,5,5,tradaug,2026
1767,173952,S14,5,5,tradaug,2026
1768,174016,S14,5,5,tradaug,2026
1769,174080,S14,5,4,tradaug,2026
1770,174144,S14,5,5,tradaug,2026
1771,174208,S14,5,5,tradaug,2026
1772,174272,S14,5,5,tradaug,2026
1773,174336,S14,5,5,tradaug,2026
1774,174400,S14,5,4,tradaug,2026
1775,174464,S14,5,5,tradaug,2026
1776,174528,S14,5,5,tradaug,2026
1777,174592,S14,5,5,tradaug,2026
1778,174656,S14,5,5,tradaug,2026
1779,174720,S14,5,7,tradaug,2026
1780,174784,S14,5,0,tradaug,2026
1781,174848,S14,5,5,tradaug,2026
1782,174912,S14,5,5,tradaug,2026
1783,174976,S14,5,5,tradaug,2026
1784,175040,S14,5,4,tradaug,2026
1785,175104,S14,5,5,tradaug,2026
1786,175168,S14,5,5,tradaug,2026
1787,175232,S14,5,5,tradaug,2026
1788,175296,S14,5,5,tradaug,2026
1789,175360,S14,5,5,tradaug,2026
1790,175424,S14,5,5,tradaug,2026
1791,175488,S14,5,7,tradaug,2026
1792,175552,S14,5,5,tradaug,2026
1793,175616,S14,5,5,tradaug,2026
1794,175680,S14,5,7,tradaug,2026
1795,175744,S14,5,7,tradaug,2026
1796,175808,S14,5,0,tradaug,2026
1797,175872,S14,5,5,tradaug,2026
1798,175936,S14,5,5,tradaug,2026
1799,176000,S14,5,5,tradaug,2026
1800,176064,S14,5,0,tradaug,2026
1801,176128,S14,5,5,tradaug,2026
1802,176192,S14,5,7,tradaug,2026
1803,176256,S14,5,5,tradaug,2026
1804,176320,S14,5,5,tradaug,2026
1805,176384,S14,5,5,tradaug,2026
1806,176448,S14,5,5,tradaug,2026
1807,176512,S14,5,5,tradaug,2026
1808,176576,S14,5,5,tradaug,2026
1809,176640,S14,5,7,tradaug,2026
1810,176704,S14,5,5,tradaug,2026
1811,176768,S14,5,5,tradaug,2026
1812,176832,S14,5,5,tradaug,2026
1813,176896,S14,5,4,tradaug,2026
1814,176960,S14,5,5,tradaug,2026
1815,177024,S14,5,7,tradaug,2026
1816,177088,S14,5,5,tradaug,2026
1817,177152,S14,5,5,tradaug,2026
1818,177216,S14,5,5,tradaug,2026
1819,177280,S14,5,5,tradaug,2026
1820,177344,S14,5,2,tradaug,2026
1821,177408,S14,5,5,tradaug,2026
1822,177472,S14,5,5,tradaug,2026
1823,177536,S14,5,5,tradaug,2026
1824,177600,S14,5,5,tradaug,2026
1825,177664,S14,5,7,tradaug,2026
1826,177728,S14,5,5,tradaug,2026
1827,177792,S14,5,5,tradaug,2026
1828,177856,S14,5,5,tradaug,2026
1829,177920,S14,5,5,tradaug,2026
1830,177984,S14,5,0,tradaug,2026
1831,178048,S14,5,5,tradaug,2026
1832,178112,S14,5,5,tradaug,2026
1833,178176,S14,5,5,tradaug,2026
1834,178240,S14,5,5,tradaug,2026
1835,178304,S14,5,5,tradaug,2026
1836,178368,S14,5,5,tradaug,2026
1837,178432,S14,5,5,tradaug,2026
1838,178496,S14,5,5,tradaug,2026
1839,178560,S14,5,5,tradaug,2026
1840,178624,S14,5,4,tradaug,2026
1841,178688,S14,5,5,tradaug,2026
1842,178752,S14,5,5,tradaug,2026
1843,178816,S14,5,5,tradaug,2026
1844,178880,S14,5,5,tradaug,2026
1845,178944,S14,5,5,tradaug,2026
1846,179008,S14,5,5,tradaug,2026
1847,179072,S14,5,5,tradaug,2026
1848,179136,S14,5,5,tradaug,2026
1849,179200,S14,5,5,tradaug,2026
1850,179264,S14,5,5,tradaug,2026
1851,179328,S14,5,5,tradaug,2026
1852,179392,S14,5,7,tradaug,2026
1853,179456,S14,5,7,tradaug,2026
1854,179520,S14,5,5,tradaug,2026
1855,179584,S14,5,4,tradaug,2026
1856,179648,S14,5,5,tradaug,2026
1857,179712,S14,5,5,tradaug,2026
1858,179776,S14,5,5,tradaug,2026
1859,179840,S14,5,7,tradaug,2026
1860,179904,S14,5,5,tradaug,2026
1861,179968,S14,5,5,tradaug,2026
1862,180032,S14,5,5,tradaug,2026
1863,180096,S14,5,5,tradaug,2026
1864,180160,S14,5,5,tradaug,2026
1865,180224,S14,5,5,tradaug,2026
1866,180288,S14,5,5,tradaug,2026
1867,180352,S14,5,5,tradaug,2026
1868,180416,S14,5,5,tradaug,2026
1869,180480,S14,5,5,tradaug,2026
1870,180544,S14,5,0,tradaug,2026
1871,180608,S14,5,5,tradaug,2026
1872,180672,S14,5,5,tradaug,2026
1873,180736,S14,5,5,tradaug,2026
1874,180800,S14,5,5,tradaug,2026
1875,180864,S14,5,5,tradaug,2026
1876,180928,S14,5,5,tradaug,2026
1877,180992,S14,5,2,tradaug,2026
1878,181056,S14,5,5,tradaug,2026
1879,181120,S14,5,5,tradaug,2026
1880,181184,S14,5,7,tradaug,2026
1881,181248,S14,5,5,tradaug,2026
1882,181312,S14,5,5,tradaug,2026
1883,181376,S14,5,5,tradaug,2026
1884,181440,S14,5,5,tradaug,2026
1885,181504,S14,5,5,tradaug,2026
1886,181568,S14,5,2,tradaug,2026
1887,181632,S14,5,7,tradaug,2026
1888,181696,S14,5,5,tradaug,2026
1889,181760,S14,5,0,tradaug,2026
1890,181824,S14,5,5,tradaug,2026
1891,181888,S14,5,5,tradaug,2026
1892,181952,S14,5,5,tradaug,2026
1893,182016,S14,5,5,tradaug,2026
1894,182080,S14,5,5,tradaug,2026
1895,182144,S14,5,7,tradaug,2026
1896,182208,S14,5,4,tradaug,2026
1897,182272,S14,5,5,tradaug,2026
1898,182336,S14,5,5,tradaug,2026
1899,182400,S14,5,0,tradaug,2026
1900,182464,S14,5,7,tradaug,2026
1901,182528,S14,5,7,tradaug,2026
1902,182592,S14,5,5,tradaug,2026
1903,182656,S14,5,5,tradaug,2026
1904,182720,S14,5,5,tradaug,2026
1905,182784,S14,5,5,tradaug,2026
1906,182848,S14,5,5,tradaug,2026
1907,182912,S14,5,5,tradaug,2026
1908,182976,S14,5,5,tradaug,2026
1909,183040,S14,5,5,tradaug,2026
1910,183104,S14,5,4,tradaug,2026
1911,183168,S14,5,5,tradaug,2026
1912,183232,S14,5,5,tradaug,2026
1913,183296,S14,5,5,tradaug,2026
1914,183360,S14,5,5,tradaug,2026
1915,183424,S14,5,5,tradaug,2026
1916,183488,S14,5,5,tradaug,2026
1917,183552,S14,5,5,tradaug,2026
1918,183616,S14,5,4,tradaug,2026
1919,183680,S14,5,5,tradaug,2026
1920,183744,S14,5,5,tradaug,2026
1921,183808,S14,5,5,tradaug,2026
1922,183872,S14,5,5,tradaug,2026
1923,183936,S14,5,5,tradaug,2026
1924,184000,S14,5,5,tradaug,2026
1925,184064,S14,5,5,tradaug,2026
1926,184128,S14,5,5,tradaug,2026
1927,184192,S14,5,7,tradaug,2026
1928,184256,S14,5,5,tradaug,2026
1929,184320,S14,5,0,tradaug,2026
1930,184384,S14,5,5,tradaug,2026
1931,184448,S14,5,5,tradaug,2026
1932,184512,S14,5,5,tradaug,2026
1933,184576,S14,5,5,tradaug,2026
1934,184640,S14,5,5,tradaug,2026
1935,184704,S14,5,5,tradaug,2026
1936,184768,S14,5,0,tradaug,2026
1937,184832,S14,5,5,tradaug,2026
1938,184896,S14,5,5,tradaug,2026
1939,184960,S14,5,7,tradaug,2026
1940,185024,S14,5,5,tradaug,2026
1941,185088,S14,5,5,tradaug,2026
1942,185152,S14,5,0,tradaug,2026
1943,185216,S14,5,5,tradaug,2026
1944,185280,S14,5,5,tradaug,2026
1945,185344,S14,5,5,tradaug,2026
1946,185408,S14,5,5,tradaug,2026
1947,185472,S14,5,5,tradaug,2026
1948,185536,S14,5,5,tradaug,2026
1949,185600,S14,5,5,tradaug,2026
1950,185664,S14,5,5,tradaug,2026
1951,185728,S14,5,5,tradaug,2026
1952,185792,S14,5,0,tradaug,2026
1953,185856,S14,5,5,tradaug,2026
1954,185920,S14,5,5,tradaug,2026
1955,185984,S14,5,5,tradaug,2026
1956,186048,S14,5,5,tradaug,2026
1957,186112,S14,5,7,tradaug,2026
1958,186176,S14,5,5,tradaug,2026
1959,186240,S14,5,7,tradaug,2026
1960,186304,S14,5,5,tradaug,2026
1961,186368,S14,5,0,tradaug,2026
1962,186432,S14,5,7,tradaug,2026
1963,186496,S14,5,0,tradaug,2026
1964,186560,S14,5,7,tradaug,2026
1965,186624,S14,5,7,tradaug,2026
1966,186688,S14,5,7,tradaug,2026
1967,186752,S14,5,7,tradaug,2026
1968,186816,S14,5,0,tradaug,2026
1969,186880,S14,5,5,tradaug,2026
1970,186944,S14,5,5,tradaug,2026
1971,187008,S14,5,5,tradaug,2026
1972,187072,S14,5,5,tradaug,2026
1973,187136,S14,5,7,tradaug,2026
1974,187200,S14,5,5,tradaug,2026
1975,187264,S14,5,5,tradaug,2026
1976,187328,S14,5,5,tradaug,2026
1977,187392,S14,5,5,tradaug,2026
1978,187456,S14,5,5,tradaug,2026
1979,187520,S14,5,5,tradaug,2026
1980,187584,S14,5,2,tradaug,2026
1981,187648,S14,5,2,tradaug,2026
1982,187712,S14,5,0,tradaug,2026
1983,187776,S14,5,5,tradaug,2026
1984,187840,S14,5,0,tradaug,2026
1985,187904,S14,5,5,tradaug,2026
1986,187968,S14,5,5,tradaug,2026
1987,188032,S14,5,4,tradaug,2026
1988,188096,S14,5,5,tradaug,2026
1989,188160,S14,5,5,tradaug,2026
1990,188224,S14,5,5,tradaug,2026
1991,188288,S14,5,5,tradaug,2026
1992,188352,S14,5,5,tradaug,2026
1993,188416,S14,5,7,tradaug,2026
1994,188480,S14,5,0,tradaug,2026
1995,188544,S14,5,5,tradaug,2026
1996,188608,S14,5,5,tradaug,2026
1997,188672,S14,5,7,tradaug,2026
1998,188736,S14,5,5,tradaug,2026
1999,188800,S14,5,4,tradaug,2026
2000,188864,S14,5,0,tradaug,2026
2001,188928,S14,5,5,tradaug,2026
2002,188992,S14,5,5,tradaug,2026
2003,189056,S14,5,5,tradaug,2026
2004,189120,S14,5,5,tradaug,2026
2005,189184,S14,5,5,tradaug,2026
2006,189248,S14,5,5,tradaug,2026
2007,189312,S14,5,5,tradaug,2026
2008,189376,S14,5,0,tradaug,2026
2009,189440,S14,5,5,tradaug,2026
2010,189504,S14,5,5,tradaug,2026
2011,189568,S14,5,5,tradaug,2026
2012,189632,S14,5,5,tradaug,2026
2013,189696,S14,5,4,tradaug,2026
2014,189760,S14,5,7,tradaug,2026
2015,189824,S14,5,4,tradaug,2026
2016,189888,S14,5,7,tradaug,2026
2017,189952,S14,5,5,tradaug,2026
2018,190016,S14,5,5,tradaug,2026
2019,190080,S14,5,5,tradaug,2026
2020,190144,S14,5,5,tradaug,2026
2021,190208,S14,5,5,tradaug,2026
2022,190272,S14,5,5,tradaug,2026
2023,190336,S14,5,5,tradaug,2026
2024,190400,S14,5,5,tradaug,2026
2025,190464,S14,5,5,tradaug,2026
2026,190528,S14,5,7,tradaug,2026
2027,190592,S14,5,5,tradaug,2026
2028,190656,S14,5,5,tradaug,2026
2029,190720,S14,5,7,tradaug,2026
2030,190784,S14,5,5,tradaug,2026
2031,190848,S14,5,5,tradaug,2026
2032,190912,S14,5,4,tradaug,2026
2033,190976,S14,5,4,tradaug,2026
2034,191040,S14,5,5,tradaug,2026
2035,191104,S14,5,5,tradaug,2026
2036,191168,S14,5,5,tradaug,2026
2037,191232,S14,5,5,tradaug,2026
2038,191296,S14,5,4,tradaug,2026
2039,191360,S14,5,5,tradaug,2026
2040,191424,S14,5,5,tradaug,2026
2041,191488,S14,5,5,tradaug,2026
2042,191552,S14,5,5,tradaug,2026
2043,191616,S14,5,5,tradaug,2026
2044,191680,S14,5,5,tradaug,2026
2045,191744,S14,5,5,tradaug,2026
2046,191808,S14,5,5,tradaug,2026
2047,191872,S14,5,5,tradaug,2026
2048,191936,S14,5,5,tradaug,2026
2049,192000,S14,5,2,tradaug,2026
2050,192064,S14,5,7,tradaug,2026
2051,192128,S14,5,0,tradaug,2026
2052,192192,S14,5,5,tradaug,2026
2053,192256,S14,5,5,tradaug,2026
2054,192320,S14,5,5,tradaug,2026
2055,192384,S14,5,5,tradaug,2026
2056,192448,S14,5,5,tradaug,2026
2057,192512,S14,5,5,tradaug,2026
2058,192576,S14,5,5,tradaug,2026
2059,192640,S14,5,5,tradaug,2026
2060,192704,S14,5,5,tradaug,2026
2061,192768,S14,5,7,tradaug,2026
2062,192832,S14,5,5,tradaug,2026
2063,192896,S14,5,5,tradaug,2026
2064,192960,S14,5,5,tradaug,2026
2065,193024,S14,5,5,tradaug,2026
2066,193088,S14,5,2,tradaug,2026
2067,193152,S14,5,5,tradaug,2026
2068,193216,S14,5,5,tradaug,2026
2069,193280,S14,5,5,tradaug,2026
2070,193344,S14,5,5,tradaug,2026
2071,193408,S14,5,5,tradaug,2026
2072,193472,S14,5,5,tradaug,2026
2073,193536,S14,5,7,tradaug,2026
2074,193600,S14,5,0,tradaug,2026
2075,193664,S14,5,5,tradaug,2026
2076,193728,S14,5,5,tradaug,2026
2077,193792,S14,5,2,tradaug,2026
2078,193856,S14,5,5,tradaug,2026
2079,193920,S14,5,5,tradaug,2026
2080,193984,S14,5,7,tradaug,2026
2081,194048,S14,5,7,tradaug,2026
2082,194112,S14,5,5,tradaug,2026
2083,194176,S14,5,7,tradaug,2026
2084,194240,S14,5,5,tradaug,2026
2085,194304,S14,5,5,tradaug,2026
2086,194368,S14,5,7,tradaug,2026
2087,194432,S14,5,0,tradaug,2026
2088,194496,S14,5,5,tradaug,2026
2089,194560,S14,5,5,tradaug,2026
2090,194624,S14,5,0,tradaug,2026
2091,194688,S14,5,0,tradaug,2026
2092,194752,S14,5,5,tradaug,2026
2093,194816,S14,5,7,tradaug,2026
2094,194880,S14,5,0,tradaug,2026
2095,194944,S14,5,5,tradaug,2026
2096,195008,S14,5,5,tradaug,2026
2097,195072,S14,5,5,tradaug,2026
2098,195136,S14,5,5,tradaug,2026
2099,195200,S14,5,5,tradaug,2026
2100,195264,S14,5,5,tradaug,2026
2101,195328,S14,5,5,tradaug,2026
2102,195392,S14,5,5,tradaug,2026
2103,195456,S14,5,4,tradaug,2026
2104,195520,S14,5,7,tradaug,2026
2105,195584,S14,5,5,tradaug,2026
2106,195648,S14,5,5,tradaug,2026
2107,195712,S14,5,5,tradaug,2026
2108,195776,S14,5,5,tradaug,2026
2109,195840,S14,5,5,tradaug,2026
2110,195904,S14,5,5,tradaug,2026
2111,195968,S14,5,7,tradaug,2026
2112,196032,S14,5,5,tradaug,2026
2113,196096,S14,5,5,tradaug,2026
2114,196160,S14,5,5,tradaug,2026
2115,196224,S14,5,5,tradaug,2026
2116,196288,S14,5,5,tradaug,2026
2117,196352,S14,5,5,tradaug,2026
2118,196416,S14,5,5,tradaug,2026
2119,196480,S14,5,7,tradaug,2026
2120,196544,S14,5,5,tradaug,2026
2121,196608,S14,5,5,tradaug,2026
2122,196672,S14,5,5,tradaug,2026
2123,196736,S14,5,5,tradaug,2026
2124,196800,S14,5,5,tradaug,2026
2125,196864,S14,5,5,tradaug,2026
2126,196928,S14,5,5,tradaug,2026
2127,196992,S14,5,5,tradaug,2026
2128,197056,S14,5,5,tradaug,2026
2129,197120,S14,5,0,tradaug,2026
2130,197184,S14,5,0,tradaug,2026
2131,197248,S14,5,5,tradaug,2026
2132,197312,S14,5,5,tradaug,2026
2133,197376,S14,5,5,tradaug,2026
2134,197440,S14,5,5,tradaug,2026
2135,197504,S14,5,5,tradaug,2026
2136,197568,S14,5,5,tradaug,2026
2137,197632,S14,5,0,tradaug,2026
2138,197696,S14,5,5,tradaug,2026
2139,197760,S14,5,5,tradaug,2026
2140,197824,S14,5,4,tradaug,2026
2141,197888,S14,5,2,tradaug,2026
2142,197952,S14,5,5,tradaug,2026
2143,198016,S14,5,5,tradaug,2026
2144,198080,S14,5,5,tradaug,2026
2145,198144,S14,5,5,tradaug,2026
2146,198208,S14,5,5,tradaug,2026
2147,198272,S14,5,5,tradaug,2026
2148,198336,S14,5,7,tradaug,2026
2149,198400,S14,5,0,tradaug,2026
2150,198464,S14,5,5,tradaug,2026
2151,198528,S14,5,5,tradaug,2026
2152,198592,S14,5,5,tradaug,2026
2153,198656,S14,5,5,tradaug,2026
2154,198720,S14,5,5,tradaug,2026
2155,198784,S14,5,5,tradaug,2026
2156,198848,S14,5,5,tradaug,2026
2157,198912,S14,5,5,tradaug,2026
2158,198976,S14,5,5,tradaug,2026
2159,199040,S14,5,5,tradaug,2026
2160,199104,S14,5,5,tradaug,2026
2161,199168,S14,5,5,tradaug,2026
2162,199232,S14,5,5,tradaug,2026
2163,199296,S14,5,0,tradaug,2026
2164,199360,S14,5,5,tradaug,2026
2165,199424,S14,5,5,tradaug,2026
2166,199488,S14,5,5,tradaug,2026
2167,199552,S14,5,5,tradaug,2026
2168,199616,S14,5,5,tradaug,2026
2169,199680,S14,5,2,tradaug,2026
2170,199744,S14,5,5,tradaug,2026
2171,199808,S14,5,5,tradaug,2026
2172,199872,S14,5,5,tradaug,2026
2173,199936,S14,5,5,tradaug,2026
2174,200000,S14,5,5,tradaug,2026
2175,200064,S14,5,5,tradaug,2026
2176,200128,S14,5,0,tradaug,2026
2177,200192,S14,5,7,tradaug,2026
2178,200256,S14,5,0,tradaug,2026
2179,200320,S14,5,5,tradaug,2026
2180,200384,S14,5,5,tradaug,2026
2181,200448,S14,5,5,tradaug,2026
2182,200512,S14,5,5,tradaug,2026
2183,200576,S14,5,4,tradaug,2026
2184,200640,S14,5,5,tradaug,2026
2185,200704,S14,5,5,tradaug,2026
2186,200768,S14,5,5,tradaug,2026
2187,200832,S14,5,5,tradaug,2026
2188,200896,S14,5,7,tradaug,2026
2189,200960,S14,5,5,tradaug,2026
2190,201024,S14,5,5,tradaug,2026
2191,201088,S14,5,7,tradaug,2026
2192,201152,S14,5,5,tradaug,2026
2193,201216,S14,5,2,tradaug,2026
2194,201280,S14,5,0,tradaug,2026
2195,201344,S14,5,7,tradaug,2026
2196,201408,S14,5,5,tradaug,2026
2197,201472,S14,5,5,tradaug,2026
2198,201536,S14,5,5,tradaug,2026
2199,201600,S14,5,5,tradaug,2026
2200,201664,S14,5,5,tradaug,2026
2201,201728,S14,5,5,tradaug,2026
2202,201792,S14,5,5,tradaug,2026
2203,201856,S14,5,0,tradaug,2026
2204,201920,S14,5,5,tradaug,2026
2205,201984,S14,5,5,tradaug,2026
2206,202048,S14,5,5,tradaug,2026
2207,202112,S14,5,5,tradaug,2026
2208,202176,S14,5,7,tradaug,2026
2209,202240,S14,5,5,tradaug,2026
2210,202304,S14,5,5,tradaug,2026
2211,202368,S14,5,5,tradaug,2026
2212,202432,S14,5,5,tradaug,2026
2213,202496,S14,5,5,tradaug,2026
2214,202560,S14,5,7,tradaug,2026
2215,202624,S14,5,5,tradaug,2026
2216,202688,S14,5,0,tradaug,2026
2217,202752,S14,5,5,tradaug,2026
2218,202816,S14,5,5,tradaug,2026
2219,202880,S14,5,5,tradaug,2026
2220,202944,S14,5,5,tradaug,2026
2221,203008,S14,5,5,tradaug,2026
2222,203072,S14,5,4,tradaug,2026
2223,203136,S14,5,7,tradaug,2026
2224,203200,S14,5,5,tradaug,2026
2225,203264,S14,5,5,tradaug,2026
2226,203328,S14,5,7,tradaug,2026
2227,203392,S14,5,5,tradaug,2026
2228,203456,S14,5,5,tradaug,2026
2229,203520,S14,5,7,tradaug,2026
2230,203584,S14,5,5,tradaug,2026
2231,203648,S14,5,5,tradaug,2026
2232,203712,S14,5,5,tradaug,2026
2233,203776,S14,5,4,tradaug,2026
2234,203840,S14,5,5,tradaug,2026
2235,203904,S14,5,5,tradaug,2026
2236,203968,S14,5,7,tradaug,2026
2237,204032,S14,5,5,tradaug,2026
2238,204096,S14,5,5,tradaug,2026
2239,204160,S14,5,4,tradaug,2026
2240,204224,S14,5,5,tradaug,2026
2241,204288,S14,5,5,tradaug,2026
2242,204352,S14,5,5,tradaug,2026
2243,204416,S14,5,7,tradaug,2026
2244,204480,S14,5,5,tradaug,2026
2245,204544,S14,5,5,tradaug,2026
2246,204608,S14,5,7,tradaug,2026
2247,204672,S14,5,5,tradaug,2026
2248,204736,S14,5,7,tradaug,2026
2249,204800,S14,5,5,tradaug,2026
2250,204864,S14,5,5,tradaug,2026
2251,204928,S14,5,5,tradaug,2026
2252,204992,S14,5,5,tradaug,2026
2253,205056,S14,5,5,tradaug,2026
2254,205120,S14,5,5,tradaug,2026
2255,205184,S14,5,7,tradaug,2026
2256,205248,S14,5,5,tradaug,2026
2257,205312,S14,5,5,tradaug,2026
2258,205376,S14,5,5,tradaug,2026
2259,205440,S14,5,5,tradaug,2026
2260,205504,S14,5,0,tradaug,2026
2261,205568,S14,5,7,tradaug,2026
2262,205632,S14,5,5,tradaug,2026
2263,205696,S14,5,5,tradaug,2026
2264,205760,S14,5,5,tradaug,2026
2265,205824,S14,5,7,tradaug,2026
2266,205888,S14,5,5,tradaug,2026
2267,205952,S14,5,5,tradaug,2026
2268,206016,S14,5,5,tradaug,2026
2269,206080,S14,5,5,tradaug,2026
2270,206144,S14,5,2,tradaug,2026
2271,206208,S14,5,5,tradaug,2026
2272,206272,S14,5,5,tradaug,2026
2273,206336,S14,5,5,tradaug,2026
2274,206400,S14,5,5,tradaug,2026
2275,206464,S14,5,5,tradaug,2026
2276,206528,S14,5,5,tradaug,2026
2277,206592,S14,5,5,tradaug,2026
2278,206656,S14,5,5,tradaug,2026
2279,206720,S14,5,7,tradaug,2026
2280,206912,S14,6,5,tradaug,2026
2281,206976,S14,6,2,tradaug,2026
2282,207040,S14,6,1,tradaug,2026
2283,207104,S14,6,1,tradaug,2026
2284,207168,S14,6,2,tradaug,2026
2285,207232,S14,6,5,tradaug,2026
2286,207296,S14,6,5,tradaug,2026
2287,207360,S14,6,5,tradaug,2026
2288,207424,S14,6,5,tradaug,2026
2289,207488,S14,6,1,tradaug,2026
2290,207552,S14,6,1,tradaug,2026
2291,207616,S14,6,6,tradaug,2026
2292,207680,S14,6,7,tradaug,2026
2293,207744,S14,6,5,tradaug,2026
2294,207808,S14,6,5,tradaug,2026
2295,207872,S14,6,5,tradaug,2026
2296,207936,S14,6,0,tradaug,2026
2297,208000,S14,6,5,tradaug,2026
2298,208064,S14,6,5,tradaug,2026
2299,208128,S14,6,5,tradaug,2026
2300,208192,S14,6,5,tradaug,2026
2301,208256,S14,6,0,tradaug,2026
2302,208320,S14,6,1,tradaug,2026
2303,208384,S14,6,5,tradaug,2026
2304,208448,S14,6,5,tradaug,2026
2305,208512,S14,6,6,tradaug,2026
2306,208576,S14,6,5,tradaug,2026
2307,208640,S14,6,5,tradaug,2026
2308,208704,S14,6,5,tradaug,2026
2309,208768,S14,6,1,tradaug,2026
2310,208832,S14,6,6,tradaug,2026
2311,208896,S14,6,0,tradaug,2026
2312,208960,S14,6,5,tradaug,2026
2313,209024,S14,6,5,tradaug,2026
2314,209088,S14,6,5,tradaug,2026
2315,209152,S14,6,5,tradaug,2026
2316,209216,S14,6,1,tradaug,2026
2317,209280,S14,6,5,tradaug,2026
2318,209344,S14,6,6,tradaug,2026
2319,209408,S14,6,4,tradaug,2026
2320,209472,S14,6,0,tradaug,2026
2321,209536,S14,6,1,tradaug,2026
2322,209600,S14,6,1,tradaug,2026
2323,209664,S14,6,6,tradaug,2026
2324,209728,S14,6,5,tradaug,2026
2325,209792,S14,6,7,tradaug,2026
2326,209856,S14,6,0,tradaug,2026
2327,209920,S14,6,4,tradaug,2026
2328,209984,S14,6,1,tradaug,2026
2329,210048,S14,6,6,tradaug,2026
2330,210112,S14,6,5,tradaug,2026
2331,210176,S14,6,5,tradaug,2026
2332,210240,S14,6,0,tradaug,2026
2333,210304,S14,6,6,tradaug,2026
2334,210368,S14,6,1,tradaug,2026
2335,210432,S14,6,5,tradaug,2026
2336,210496,S14,6,5,tradaug,2026
2337,210560,S14,6,5,tradaug,2026
2338,210624,S14,6,2,tradaug,2026
2339,210688,S14,6,5,tradaug,2026
2340,210752,S14,6,1,tradaug,2026
2341,210816,S14,6,5,tradaug,2026
2342,210880,S14,6,5,tradaug,2026
2343,210944,S14,6,5,tradaug,2026
2344,211008,S14,6,0,tradaug,2026
2345,211072,S14,6,0,tradaug,2026
2346,211136,S14,6,5,tradaug,2026
2347,211200,S14,6,5,tradaug,2026
2348,211264,S14,6,5,tradaug,2026
2349,211328,S14,6,6,tradaug,2026
2350,211392,S14,6,5,tradaug,2026
2351,211456,S14,6,1,tradaug,2026
2352,211520,S14,6,4,tradaug,2026
2353,211584,S14,6,5,tradaug,2026
2354,211648,S14,6,5,tradaug,2026
2355,211712,S14,6,5,tradaug,2026
2356,211776,S14,6,0,tradaug,2026
2357,211840,S14,6,5,tradaug,2026
2358,211904,S14,6,0,tradaug,2026
2359,211968,S14,6,1,tradaug,2026
2360,212032,S14,6,5,tradaug,2026
2361,212096,S14,6,1,tradaug,2026
2362,212160,S14,6,5,tradaug,2026
2363,212224,S14,6,5,tradaug,2026
2364,212288,S14,6,6,tradaug,2026
2365,212352,S14,6,4,tradaug,2026
2366,212416,S14,6,5,tradaug,2026
2367,212480,S14,6,1,tradaug,2026
2368,212544,S14,6,6,tradaug,2026
2369,212608,S14,6,5,tradaug,2026
2370,212672,S14,6,5,tradaug,2026
2371,212736,S14,6,5,tradaug,2026
2372,212800,S14,6,1,tradaug,2026
2373,212864,S14,6,5,tradaug,2026
2374,212928,S14,6,0,tradaug,2026
2375,212992,S14,6,5,tradaug,2026
2376,213056,S14,6,5,tradaug,2026
2377,213120,S14,6,6,tradaug,2026
2378,213184,S14,6,1,tradaug,2026
2379,213248,S14,6,1,tradaug,2026
2380,213312,S14,6,0,tradaug,2026
2381,213376,S14,6,5,tradaug,2026
2382,213440,S14,6,5,tradaug,2026
2383,213504,S14,6,5,tradaug,2026
2384,213568,S14,6,0,tradaug,2026
2385,213632,S14,6,5,tradaug,2026
2386,213696,S14,6,0,tradaug,2026
2387,213760,S14,6,1,tradaug,2026
2388,213824,S14,6,5,tradaug,2026
2389,213888,S14,6,5,tradaug,2026
2390,213952,S14,6,5,tradaug,2026
2391,214016,S14,6,1,tradaug,2026
2392,214080,S14,6,7,tradaug,2026
2393,214144,S14,6,6,tradaug,2026
2394,214208,S14,6,5,tradaug,2026
2395,214272,S14,6,6,tradaug,2026
2396,214336,S14,6,0,tradaug,2026
2397,214400,S14,6,5,tradaug,2026
2398,214464,S14,6,0,tradaug,2026
2399,214528,S14,6,5,tradaug,2026
2400,214592,S14,6,5,tradaug,2026
2401,214656,S14,6,5,tradaug,2026
2402,214720,S14,6,1,tradaug,2026
2403,214784,S14,6,5,tradaug,2026
2404,214848,S14,6,5,tradaug,2026
2405,214912,S14,6,5,tradaug,2026
2406,214976,S14,6,5,tradaug,2026
2407,215040,S14,6,5,tradaug,2026
2408,215104,S14,6,0,tradaug,2026
2409,215168,S14,6,5,tradaug,2026
2410,215232,S14,6,1,tradaug,2026
2411,215296,S14,6,6,tradaug,2026
2412,215360,S14,6,7,tradaug,2026
2413,215424,S14,6,1,tradaug,2026
2414,215488,S14,6,1,tradaug,2026
2415,215552,S14,6,5,tradaug,2026
2416,215616,S14,6,5,tradaug,2026
2417,215680,S14,6,1,tradaug,2026
2418,215744,S14,6,1,tradaug,2026
2419,215808,S14,6,5,tradaug,2026
2420,215872,S14,6,1,tradaug,2026
2421,215936,S14,6,6,tradaug,2026
2422,216000,S14,6,1,tradaug,2026
2423,216064,S14,6,5,tradaug,2026
2424,216128,S14,6,5,tradaug,2026
2425,216192,S14,6,5,tradaug,2026
2426,216256,S14,6,5,tradaug,2026
2427,216320,S14,6,1,tradaug,2026
2428,216384,S14,6,5,tradaug,2026
2429,216448,S14,6,5,tradaug,2026
2430,216512,S14,6,7,tradaug,2026
2431,216576,S14,6,0,tradaug,2026
2432,216640,S14,6,5,tradaug,2026
2433,216704,S14,6,7,tradaug,2026
2434,216768,S14,6,5,tradaug,2026
2435,216832,S14,6,0,tradaug,2026
2436,216896,S14,6,5,tradaug,2026
2437,216960,S14,6,0,tradaug,2026
2438,217024,S14,6,5,tradaug,2026
2439,217088,S14,6,5,tradaug,2026
2440,217152,S14,6,0,tradaug,2026
2441,217216,S14,6,5,tradaug,2026
2442,217280,S14,6,5,tradaug,2026
2443,217344,S14,6,1,tradaug,2026
2444,217408,S14,6,5,tradaug,2026
2445,217472,S14,6,5,tradaug,2026
2446,217536,S14,6,5,tradaug,2026
2447,217600,S14,6,6,tradaug,2026
2448,217664,S14,6,5,tradaug,2026
2449,217728,S14,6,5,tradaug,2026
2450,217792,S14,6,5,tradaug,2026
2451,217856,S14,6,5,tradaug,2026
2452,217920,S14,6,0,tradaug,2026
2453,217984,S14,6,5,tradaug,2026
2454,218048,S14,6,5,tradaug,2026
2455,218112,S14,6,6,tradaug,2026
2456,218176,S14,6,6,tradaug,2026
2457,218240,S14,6,5,tradaug,2026
2458,218304,S14,6,0,tradaug,2026
2459,218368,S14,6,6,tradaug,2026
2460,218432,S14,6,5,tradaug,2026
2461,218496,S14,6,5,tradaug,2026
2462,218560,S14,6,5,tradaug,2026
2463,218624,S14,6,5,tradaug,2026
2464,218688,S14,6,6,tradaug,2026
2465,218752,S14,6,7,tradaug,2026
2466,218816,S14,6,5,tradaug,2026
2467,218880,S14,6,0,tradaug,2026
2468,218944,S14,6,5,tradaug,2026
2469,219008,S14,6,6,tradaug,2026
2470,219072,S14,6,0,tradaug,2026
2471,219136,S14,6,6,tradaug,2026
2472,219200,S14,6,1,tradaug,2026
2473,219264,S14,6,5,tradaug,2026
2474,219328,S14,6,1,tradaug,2026
2475,219392,S14,6,1,tradaug,2026
2476,219456,S14,6,1,tradaug,2026
2477,219520,S14,6,2,tradaug,2026
2478,219584,S14,6,0,tradaug,2026
2479,219648,S14,6,5,tradaug,2026
2480,219712,S14,6,0,tradaug,2026
2481,219776,S14,6,6,tradaug,2026
2482,219840,S14,6,5,tradaug,2026
2483,219904,S14,6,5,tradaug,2026
2484,219968,S14,6,5,tradaug,2026
2485,220032,S14,6,5,tradaug,2026
2486,220096,S14,6,5,tradaug,2026
2487,220160,S14,6,5,tradaug,2026
2488,220224,S14,6,5,tradaug,2026
2489,220288,S14,6,5,tradaug,2026
2490,220352,S14,6,4,tradaug,2026
2491,220416,S14,6,2,tradaug,2026
2492,220480,S14,6,1,tradaug,2026
2493,220544,S14,6,1,tradaug,2026
2494,220608,S14,6,1,tradaug,2026
2495,220672,S14,6,5,tradaug,2026
2496,220736,S14,6,2,tradaug,2026
2497,220800,S14,6,5,tradaug,2026
2498,220864,S14,6,5,tradaug,2026
2499,220928,S14,6,0,tradaug,2026
2500,220992,S14,6,5,tradaug,2026
2501,221056,S14,6,6,tradaug,2026
2502,221120,S14,6,5,tradaug,2026
2503,221184,S14,6,5,tradaug,2026
2504,221248,S14,6,5,tradaug,2026
2505,221312,S14,6,0,tradaug,2026
2506,221376,S14,6,5,tradaug,2026
2507,221440,S14,6,0,tradaug,2026
2508,221504,S14,6,5,tradaug,2026
2509,221568,S14,6,7,tradaug,2026
2510,221632,S14,6,0,tradaug,2026
2511,221696,S14,6,0,tradaug,2026
2512,221760,S14,6,5,tradaug,2026
2513,221824,S14,6,5,tradaug,2026
2514,221888,S14,6,5,tradaug,2026
2515,221952,S14,6,1,tradaug,2026
2516,222016,S14,6,5,tradaug,2026
2517,222080,S14,6,7,tradaug,2026
2518,222144,S14,6,0,tradaug,2026
2519,222208,S14,6,7,tradaug,2026
2520,222272,S14,6,1,tradaug,2026
2521,222336,S14,6,2,tradaug,2026
2522,222400,S14,6,1,tradaug,2026
2523,222464,S14,6,6,tradaug,2026
2524,222528,S14,6,0,tradaug,2026
2525,222592,S14,6,5,tradaug,2026
2526,222656,S14,6,1,tradaug,2026
2527,222720,S14,6,5,tradaug,2026
2528,222784,S14,6,5,tradaug,2026
2529,222848,S14,6,5,tradaug,2026
2530,222912,S14,6,5,tradaug,2026
2531,222976,S14,6,5,tradaug,2026
2532,223040,S14,6,5,tradaug,2026
2533,223104,S14,6,5,tradaug,2026
2534,223168,S14,6,4,tradaug,2026
2535,223232,S14,6,5,tradaug,2026
2536,223296,S14,6,5,tradaug,2026
2537,223360,S14,6,0,tradaug,2026
2538,223424,S14,6,5,tradaug,2026
2539,223488,S14,6,1,tradaug,2026
2540,223552,S14,6,1,tradaug,2026
2541,223616,S14,6,0,tradaug,2026
2542,223680,S14,6,5,tradaug,2026
2543,223744,S14,6,1,tradaug,2026
2544,223808,S14,6,5,tradaug,2026
2545,223872,S14,6,1,tradaug,2026
2546,223936,S14,6,5,tradaug,2026
2547,224000,S14,6,5,tradaug,2026
2548,224064,S14,6,1,tradaug,2026
2549,224128,S14,6,0,tradaug,2026
2550,224192,S14,6,1,tradaug,2026
2551,224256,S14,6,5,tradaug,2026
2552,224320,S14,6,1,tradaug,2026
2553,224384,S14,6,6,tradaug,2026
2554,224448,S14,6,7,tradaug,2026
2555,224512,S14,6,1,tradaug,2026
2556,224576,S14,6,7,tradaug,2026
2557,224640,S14,6,0,tradaug,2026
2558,224704,S14,6,5,tradaug,2026
2559,224768,S14,6,6,tradaug,2026
2560,224832,S14,6,1,tradaug,2026
2561,224896,S14,6,5,tradaug,2026
2562,224960,S14,6,5,tradaug,2026
2563,225024,S14,6,5,tradaug,2026
2564,225088,S14,6,5,tradaug,2026
2565,225152,S14,6,5,tradaug,2026
2566,225216,S14,6,5,tradaug,2026
2567,225280,S14,6,5,tradaug,2026
2568,225344,S14,6,7,tradaug,2026
2569,225408,S14,6,5,tradaug,2026
2570,225472,S14,6,7,tradaug,2026
2571,225536,S14,6,0,tradaug,2026
2572,225600,S14,6,5,tradaug,2026
2573,225664,S14,6,7,tradaug,2026
2574,225728,S14,6,5,tradaug,2026
2575,225792,S14,6,1,tradaug,2026
2576,225856,S14,6,0,tradaug,2026
2577,225920,S14,6,6,tradaug,2026
2578,225984,S14,6,5,tradaug,2026
2579,226048,S14,6,5,tradaug,2026
2580,226112,S14,6,5,tradaug,2026
2581,226176,S14,6,0,tradaug,2026
2582,226240,S14,6,5,tradaug,2026
2583,226304,S14,6,6,tradaug,2026
2584,226368,S14,6,5,tradaug,2026
2585,226432,S14,6,0,tradaug,2026
2586,228672,S14,7,7,tradaug,2026
2587,228736,S14,7,5,tradaug,2026
2588,228800,S14,7,7,tradaug,2026
2589,228864,S14,7,7,tradaug,2026
2590,228928,S14,7,7,tradaug,2026
2591,228992,S14,7,5,tradaug,2026
2592,229056,S14,7,7,tradaug,2026
2593,229120,S14,7,5,tradaug,2026
2594,229184,S14,7,5,tradaug,2026
2595,229248,S14,7,5,tradaug,2026
2596,229312,S14,7,4,tradaug,2026
2597,229376,S14,7,5,tradaug,2026
2598,229440,S14,7,5,tradaug,2026
2599,229504,S14,7,5,tradaug,2026
2600,229568,S14,7,7,tradaug,2026
2601,229632,S14,7,5,tradaug,2026
2602,229696,S14,7,5,tradaug,2026
2603,229760,S14,7,5,tradaug,2026
2604,229824,S14,7,7,tradaug,2026
2605,229888,S14,7,7,tradaug,2026
2606,229952,S14,7,5,tradaug,2026
2607,230016,S14,7,5,tradaug,2026
2608,230080,S14,7,5,tradaug,2026
2609,230144,S14,7,7,tradaug,2026
2610,230208,S14,7,5,tradaug,2026
2611,230272,S14,7,5,tradaug,2026
2612,230336,S14,7,4,tradaug,2026
2613,230400,S14,7,7,tradaug,2026
2614,230464,S14,7,5,tradaug,2026
2615,230528,S14,7,5,tradaug,2026
2616,230592,S14,7,5,tradaug,2026
2617,230656,S14,7,7,tradaug,2026
2618,230720,S14,7,5,tradaug,2026
2619,230784,S14,7,5,tradaug,2026
2620,230848,S14,7,5,tradaug,2026
2621,230912,S14,7,7,tradaug,2026
2622,230976,S14,7,7,tradaug,2026
2623,231040,S14,7,5,tradaug,2026
2624,231104,S14,7,5,tradaug,2026
2625,231168,S14,7,7,tradaug,2026
2626,231232,S14,7,5,tradaug,2026
2627,231296,S14,7,5,tradaug,2026
2628,231360,S14,7,5,tradaug,2026
2629,231424,S14,7,5,tradaug,2026
2630,231488,S14,7,5,tradaug,2026
2631,231552,S14,7,7,tradaug,2026
2632,231616,S14,7,7,tradaug,2026
2633,231680,S14,7,5,tradaug,2026
2634,231744,S14,7,5,tradaug,2026
2635,231808,S14,7,5,tradaug,2026
2636,231872,S14,7,5,tradaug,2026
2637,231936,S14,7,5,tradaug,2026
2638,232000,S14,7,5,tradaug,2026
2639,232064,S14,7,5,tradaug,2026
2640,232128,S14,7,5,tradaug,2026
2641,232192,S14,7,7,tradaug,2026
2642,232256,S14,7,5,tradaug,2026
2643,232320,S14,7,5,tradaug,2026
2644,232384,S14,7,7,tradaug,2026
2645,232448,S14,7,5,tradaug,2026
2646,232512,S14,7,5,tradaug,2026
2647,232576,S14,7,7,tradaug,2026
2648,232640,S14,7,7,tradaug,2026
2649,232704,S14,7,5,tradaug,2026
2650,232768,S14,7,5,tradaug,2026
2651,232832,S14,7,5,tradaug,2026
2652,232896,S14,7,4,tradaug,2026
2653,232960,S14,7,5,tradaug,2026
2654,233024,S14,7,7,tradaug,2026
2655,233088,S14,7,4,tradaug,2026
2656,233152,S14,7,7,tradaug,2026
2657,233216,S14,7,5,tradaug,2026
2658,233280,S14,7,5,tradaug,2026
2659,233344,S14,7,4,tradaug,2026
2660,233408,S14,7,7,tradaug,2026
2661,233472,S14,7,7,tradaug,2026
2662,233536,S14,7,5,tradaug,2026
2663,233600,S14,7,5,tradaug,2026
2664,233664,S14,7,0,tradaug,2026
2665,233728,S14,7,5,tradaug,2026
2666,233792,S14,7,7,tradaug,2026
2667,233856,S14,7,5,tradaug,2026
2668,233920,S14,7,4,tradaug,2026
2669,233984,S14,7,5,tradaug,2026
2670,234048,S14,7,5,tradaug,2026
2671,234112,S14,7,5,tradaug,2026
2672,234176,S14,7,5,tradaug,2026
2673,234240,S14,7,5,tradaug,2026
2674,234304,S14,7,5,tradaug,2026
2675,234368,S14,7,5,tradaug,2026
2676,234432,S14,7,5,tradaug,2026
2677,234496,S14,7,5,tradaug,2026
2678,234560,S14,7,2,tradaug,2026
2679,234624,S14,7,7,tradaug,2026
2680,234688,S14,7,7,tradaug,2026
2681,234752,S14,7,5,tradaug,2026
2682,234816,S14,7,5,tradaug,2026
2683,234880,S14,7,5,tradaug,2026
2684,234944,S14,7,5,tradaug,2026
2685,235008,S14,7,5,tradaug,2026
2686,235072,S14,7,5,tradaug,2026
2687,235136,S14,7,7,tradaug,2026
2688,235200,S14,7,5,tradaug,2026
2689,235264,S14,7,5,tradaug,2026
2690,235328,S14,7,5,tradaug,2026
2691,235392,S14,7,5,tradaug,2026
2692,235456,S14,7,5,tradaug,2026
2693,235520,S14,7,5,tradaug,2026
2694,235584,S14,7,0,tradaug,2026
2695,235648,S14,7,7,tradaug,2026
2696,235712,S14,7,7,tradaug,2026
2697,235776,S14,7,5,tradaug,2026
2698,235840,S14,7,5,tradaug,2026
2699,235904,S14,7,7,tradaug,2026
2700,235968,S14,7,7,tradaug,2026
2701,236032,S14,7,5,tradaug,2026
2702,236096,S14,7,7,tradaug,2026
2703,236160,S14,7,7,tradaug,2026
2704,236224,S14,7,7,tradaug,2026
2705,236288,S14,7,5,tradaug,2026
2706,236352,S14,7,5,tradaug,2026
2707,236416,S14,7,5,tradaug,2026
2708,236480,S14,7,5,tradaug,2026
2709,236544,S14,7,5,tradaug,2026
2710,236608,S14,7,5,tradaug,2026
2711,236672,S14,7,5,tradaug,2026
2712,236736,S14,7,5,tradaug,2026
2713,236800,S14,7,5,tradaug,2026
2714,236864,S14,7,5,tradaug,2026
2715,236928,S14,7,5,tradaug,2026
2716,236992,S14,7,5,tradaug,2026
2717,237056,S14,7,5,tradaug,2026
2718,237120,S14,7,5,tradaug,2026
2719,237184,S14,7,5,tradaug,2026
2720,237248,S14,7,7,tradaug,2026
2721,237312,S14,7,7,tradaug,2026
2722,237376,S14,7,2,tradaug,2026
2723,237440,S14,7,5,tradaug,2026
2724,237504,S14,7,7,tradaug,2026
2725,237568,S14,7,7,tradaug,2026
2726,237632,S14,7,5,tradaug,2026
2727,237696,S14,7,5,tradaug,2026
2728,237760,S14,7,5,tradaug,2026
2729,237824,S14,7,5,tradaug,2026
2730,237888,S14,7,5,tradaug,2026
2731,237952,S14,7,7,tradaug,2026
2732,238016,S14,7,5,tradaug,2026
2733,238080,S14,7,2,tradaug,2026
2734,238144,S14,7,7,tradaug,2026
2735,238208,S14,7,5,tradaug,2026
2736,238272,S14,7,5,tradaug,2026
2737,238336,S14,7,5,tradaug,2026
2738,238400,S14,7,0,tradaug,2026
2739,238464,S14,7,5,tradaug,2026
2740,238528,S14,7,5,tradaug,2026
2741,238592,S14,7,5,tradaug,2026
2742,238656,S14,7,5,tradaug,2026
2743,238720,S14,7,5,tradaug,2026
2744,238784,S14,7,5,tradaug,2026
2745,238848,S14,7,5,tradaug,2026
2746,238912,S14,7,5,tradaug,2026
2747,238976,S14,7,5,tradaug,2026
2748,239040,S14,7,5,tradaug,2026
2749,239104,S14,7,2,tradaug,2026
2750,239168,S14,7,5,tradaug,2026
2751,239232,S14,7,4,tradaug,2026
2752,239296,S14,7,4,tradaug,2026
2753,239360,S14,7,5,tradaug,2026
2754,239424,S14,7,7,tradaug,2026
2755,239488,S14,7,7,tradaug,2026
2756,239552,S14,7,7,tradaug,2026
2757,239616,S14,7,5,tradaug,2026
2758,239680,S14,7,5,tradaug,2026
2759,239744,S14,7,7,tradaug,2026
2760,239808,S14,7,2,tradaug,2026
2761,239872,S14,7,7,tradaug,2026
2762,239936,S14,7,7,tradaug,2026
2763,240000,S14,7,5,tradaug,2026
2764,240064,S14,7,7,tradaug,2026
2765,240128,S14,7,5,tradaug,2026
2766,240192,S14,7,5,tradaug,2026
2767,240256,S14,7,5,tradaug,2026
2768,240320,S14,7,5,tradaug,2026
2769,240384,S14,7,5,tradaug,2026
2770,240448,S14,7,5,tradaug,2026
2771,240512,S14,7,7,tradaug,2026
2772,240576,S14,7,7,tradaug,2026
2773,240640,S14,7,7,tradaug,2026
2774,240704,S14,7,5,tradaug,2026
2775,240768,S14,7,7,tradaug,2026
2776,240832,S14,7,5,tradaug,2026
2777,240896,S14,7,7,tradaug,2026
2778,240960,S14,7,5,tradaug,2026
2779,241024,S14,7,4,tradaug,2026
2780,241088,S14,7,5,tradaug,2026
2781,241152,S14,7,5,tradaug,2026
2782,241216,S14,7,5,tradaug,2026
2783,241280,S14,7,5,tradaug,2026
2784,241344,S14,7,5,tradaug,2026
2785,241408,S14,7,5,tradaug,2026
2786,241472,S14,7,7,tradaug,2026
2787,241536,S14,7,5,tradaug,2026
2788,241600,S14,7,5,tradaug,2026
2789,241664,S14,7,5,tradaug,2026
2790,241728,S14,7,5,tradaug,2026
2791,241792,S14,7,5,tradaug,2026
2792,241856,S14,7,5,tradaug,2026
2793,241920,S14,7,5,tradaug,2026
2794,241984,S14,7,5,tradaug,2026
2795,242048,S14,7,5,tradaug,2026
2796,242112,S14,7,5,tradaug,2026
2797,242176,S14,7,5,tradaug,2026
2798,242240,S14,7,7,tradaug,2026
2799,242304,S14,7,5,tradaug,2026
2800,242368,S14,7,7,tradaug,2026
2801,242432,S14,7,0,tradaug,2026
2802,242496,S14,7,7,tradaug,2026
2803,242560,S14,7,5,tradaug,2026
2804,242624,S14,7,5,tradaug,2026
2805,242688,S14,7,7,tradaug,2026
2806,242752,S14,7,5,tradaug,2026
2807,242816,S14,7,7,tradaug,2026
2808,242880,S14,7,5,tradaug,2026
2809,242944,S14,7,5,tradaug,2026
2810,243008,S14,7,5,tradaug,2026
2811,243072,S14,7,7,tradaug,2026
2812,243136,S14,7,5,tradaug,2026
2813,243200,S14,7,7,tradaug,2026
2814,243264,S14,7,4,tradaug,2026
2815,243328,S14,7,7,tradaug,2026
2816,243392,S14,7,5,tradaug,2026
2817,243456,S14,7,5,tradaug,2026
2818,243520,S14,7,5,tradaug,2026
2819,243584,S14,7,5,tradaug,2026
2820,243648,S14,7,5,tradaug,2026
2821,243712,S14,7,7,tradaug,2026
2822,243776,S14,7,5,tradaug,2026
2823,243840,S14,7,4,tradaug,2026
2824,243904,S14,7,5,tradaug,2026
2825,243968,S14,7,7,tradaug,2026
2826,244032,S14,7,5,tradaug,2026
2827,244096,S14,7,5,tradaug,2026
2828,244160,S14,7,5,tradaug,2026
2829,244224,S14,7,5,tradaug,2026
2830,244288,S14,7,5,tradaug,2026
2831,244352,S14,7,5,tradaug,2026
2832,244416,S14,7,5,tradaug,2026
2833,244480,S14,7,7,tradaug,2026
2834,244544,S14,7,5,tradaug,2026
2835,244608,S14,7,5,tradaug,2026
2836,244672,S14,7,5,tradaug,2026
2837,244736,S14,7,5,tradaug,2026
2838,244800,S14,7,5,tradaug,2026
2839,244864,S14,7,5,tradaug,2026
2840,244928,S14,7,2,tradaug,2026
2841,244992,S14,7,7,tradaug,2026
2842,245056,S14,7,7,tradaug,2026
2843,245120,S14,7,7,tradaug,2026
2844,245184,S14,7,7,tradaug,2026
2845,245248,S14,7,7,tradaug,2026
2846,245312,S14,7,0,tradaug,2026
2847,245376,S14,7,7,tradaug,2026
2848,245440,S14,7,5,tradaug,2026
2849,245504,S14,7,5,tradaug,2026
2850,245568,S14,7,5,tradaug,2026
2851,245632,S14,7,5,tradaug,2026
2852,245696,S14,7,5,tradaug,2026
2853,245760,S14,7,5,tradaug,2026
2854,245824,S14,7,5,tradaug,2026
2855,245888,S14,7,5,tradaug,2026
2856,245952,S14,7,5,tradaug,2026
2857,246016,S14,7,5,tradaug,2026
2858,246080,S14,7,7,tradaug,2026
2859,246144,S14,7,7,tradaug,2026
2860,246208,S14,7,2,tradaug,2026
2861,246272,S14,7,7,tradaug,2026
2862,246336,S14,7,5,tradaug,2026
2863,246400,S14,7,7,tradaug,2026
2864,246464,S14,7,7,tradaug,2026
2865,246528,S14,7,5,tradaug,2026
2866,246592,S14,7,5,tradaug,2026
2867,246656,S14,7,7,tradaug,2026
2868,246720,S14,7,5,tradaug,2026
2869,246784,S14,7,5,tradaug,2026
2870,246848,S14,7,5,tradaug,2026
2871,246912,S14,7,5,tradaug,2026
2872,246976,S14,7,5,tradaug,2026
2873,247040,S14,7,5,tradaug,2026
2874,247104,S14,7,7,tradaug,2026
2875,247168,S14,7,7,tradaug,2026
2876,247232,S14,7,5,tradaug,2026
2877,247296,S14,7,5,tradaug,2026
2878,247360,S14,7,5,tradaug,2026
2879,247424,S14,7,5,tradaug,2026
2880,247488,S14,7,7,tradaug,2026
2881,247552,S14,7,5,tradaug,2026
2882,247616,S14,7,5,tradaug,2026
2883,247680,S14,7,7,tradaug,2026
2884,247744,S14,7,7,tradaug,2026
2885,247808,S14,7,5,tradaug,2026
2886,247872,S14,7,5,tradaug,2026
2887,247936,S14,7,5,tradaug,2026
2888,248000,S14,7,7,tradaug,2026
2889,248064,S14,7,5,tradaug,2026
2890,248128,S14,7,5,tradaug,2026
2891,248192,S14,7,5,tradaug,2026
2892,248256,S14,7,5,tradaug,2026
2893,248320,S14,7,5,tradaug,2026
2894,248384,S14,7,5,tradaug,2026
2895,248448,S14,7,7,tradaug,2026
2896,248512,S14,7,5,tradaug,2026
2897,248576,S14,7,5,tradaug,2026
2898,248640,S14,7,5,tradaug,2026
2899,248704,S14,7,5,tradaug,2026
2900,248768,S14,7,5,tradaug,2026
2901,248832,S14,7,5,tradaug,2026
2902,248896,S14,7,5,tradaug,2026
2903,248960,S14,7,5,tradaug,2026
2904,249024,S14,7,7,tradaug,2026
2905,249088,S14,7,5,tradaug,2026
2906,249152,S14,7,4,tradaug,2026
2907,249216,S14,7,5,tradaug,2026
2908,249280,S14,7,7,tradaug,2026
2909,249344,S14,7,7,tradaug,2026
2910,249408,S14,7,5,tradaug,2026
2911,249472,S14,7,5,tradaug,2026
2912,249536,S14,7,5,tradaug,2026
2913,249600,S14,7,0,tradaug,2026
2914,249664,S14,7,5,tradaug,2026
2915,249728,S14,7,5,tradaug,2026
2916,249792,S14,7,7,tradaug,2026
2917,249856,S14,7,7,tradaug,2026
2918,249920,S14,7,5,tradaug,2026
2919,249984,S14,7,5,tradaug,2026
2920,250048,S14,7,5,tradaug,2026
2921,250112,S14,7,2,tradaug,2026
2922,250176,S14,7,5,tradaug,2026
2923,250240,S14,7,5,tradaug,2026
2924,250304,S14,7,7,tradaug,2026
2925,250368,S14,7,5,tradaug,2026
2926,250432,S14,7,5,tradaug,2026
2927,250496,S14,7,7,tradaug,2026
2928,250560,S14,7,5,tradaug,2026
2929,250624,S14,7,5,tradaug,2026
2930,250688,S14,7,5,tradaug,2026
2931,250752,S14,7,5,tradaug,2026
2932,250816,S14,7,5,tradaug,2026
2933,250880,S14,7,5,tradaug,2026
2934,250944,S14,7,5,tradaug,2026
2935,251008,S14,7,7,tradaug,2026
2936,251072,S14,7,5,tradaug,2026
2937,251136,S14,7,5,tradaug,2026
2938,251200,S14,7,5,tradaug,2026
2939,251264,S14,7,7,tradaug,2026
2940,251328,S14,7,2,tradaug,2026
2941,251392,S14,7,5,tradaug,2026
2942,251456,S14,7,7,tradaug,2026
2943,251520,S14,7,7,tradaug,2026
2944,251584,S14,7,7,tradaug,2026
2945,251648,S14,7,5,tradaug,2026
2946,251712,S14,7,2,tradaug,2026
2947,251776,S14,7,7,tradaug,2026
2948,251840,S14,7,5,tradaug,2026
2949,251904,S14,7,7,tradaug,2026
2950,251968,S14,7,5,tradaug,2026
2951,252032,S14,7,5,tradaug,2026
2952,252096,S14,7,5,tradaug,2026
2953,252160,S14,7,5,tradaug,2026
2954,252224,S14,7,5,tradaug,2026
2955,252288,S14,7,5,tradaug,2026
2956,252352,S14,7,5,tradaug,2026
2957,252416,S14,7,5,tradaug,2026
2958,252480,S14,7,7,tradaug,2026
2959,252544,S14,7,7,tradaug,2026
2960,252608,S14,7,5,tradaug,2026
2961,252672,S14,7,5,tradaug,2026
2962,252736,S14,7,5,tradaug,2026
2963,252800,S14,7,5,tradaug,2026
2964,252864,S14,7,5,tradaug,2026
2965,252928,S14,7,5,tradaug,2026
2966,252992,S14,7,5,tradaug,2026
2967,253056,S14,7,5,tradaug,2026
2968,253120,S14,7,5,tradaug,2026
2969,253184,S14,7,5,tradaug,2026
2970,253248,S14,7,5,tradaug,2026
2971,253312,S14,7,7,tradaug,2026
2972,253376,S14,7,5,tradaug,2026
2973,253440,S14,7,7,tradaug,2026
2974,253504,S14,7,5,tradaug,2026
2975,253568,S14,7,5,tradaug,2026
2976,253632,S14,7,7,tradaug,2026
2977,253696,S14,7,7,tradaug,2026
2978,253760,S14,7,5,tradaug,2026
2979,253824,S14,7,5,tradaug,2026
2980,253888,S14,7,7,tradaug,2026
2981,253952,S14,7,7,tradaug,2026
2982,254016,S14,7,5,tradaug,2026
2983,254080,S14,7,7,tradaug,2026
2984,254144,S14,7,5,tradaug,2026
2985,254208,S14,7,5,tradaug,2026
2986,254272,S14,7,7,tradaug,2026
2987,254336,S14,7,5,tradaug,2026
2988,254400,S14,7,5,tradaug,2026
2989,254464,S14,7,5,tradaug,2026
2990,254528,S14,7,5,tradaug,2026
2991,254592,S14,7,5,tradaug,2026
2992,254656,S14,7,5,tradaug,2026
2993,254720,S14,7,7,tradaug,2026
2994,254784,S14,7,7,tradaug,2026
2995,254848,S14,7,5,tradaug,2026
2996,254912,S14,7,5,tradaug,2026
2997,254976,S14,7,5,tradaug,2026
2998,255040,S14,7,5,tradaug,2026
2999,255104,S14,7,5,tradaug,2026
3000,255168,S14,7,5,tradaug,2026
3001,255232,S14,7,7,tradaug,2026
3002,255296,S14,7,5,tradaug,2026
3003,255360,S14,7,5,tradaug,2026
3004,255424,S14,7,5,tradaug,2026
3005,255488,S14,7,5,tradaug,2026
3006,255552,S14,7,7,tradaug,2026
3007,255616,S14,7,5,tradaug,2026
3008,255680,S14,7,7,tradaug,2026
3009,255744,S14,7,5,tradaug,2026
3010,255808,S14,7,4,tradaug,2026
3011,255872,S14,7,5,tradaug,2026
3012,255936,S14,7,7,tradaug,2026
3013,256000,S14,7,5,tradaug,2026
3014,256064,S14,7,5,tradaug,2026
3015,256128,S14,7,5,tradaug,2026
3016,256192,S14,7,5,tradaug,2026
3017,256256,S14,7,7,tradaug,2026
3018,256320,S14,7,5,tradaug,2026
3019,256384,S14,7,7,tradaug,2026
3020,256448,S14,7,5,tradaug,2026
3021,256512,S14,7,5,tradaug,2026
3022,256576,S14,7,5,tradaug,2026
3023,256640,S14,7,7,tradaug,2026
3024,256704,S14,7,7,tradaug,2026
3025,256768,S14,7,7,tradaug,2026
3026,256832,S14,7,5,tradaug,2026
3027,256896,S14,7,5,tradaug,2026
3028,256960,S14,7,5,tradaug,2026
3029,257024,S14,7,5,tradaug,2026
3030,257088,S14,7,5,tradaug,2026
3031,257152,S14,7,0,tradaug,2026
3032,257216,S14,7,4,tradaug,2026
3033,257280,S14,7,7,tradaug,2026
3034,257344,S14,7,5,tradaug,2026
3035,257408,S14,7,7,tradaug,2026
3036,257472,S14,7,7,tradaug,2026
3037,257536,S14,7,4,tradaug,2026
3038,257600,S14,7,4,tradaug,2026
3039,257664,S14,7,5,tradaug,2026
3040,257728,S14,7,5,tradaug,2026
3041,257792,S14,7,5,tradaug,2026
3042,257856,S14,7,5,tradaug,2026
3043,257920,S14,7,5,tradaug,2026
3044,257984,S14,7,5,tradaug,2026
3045,258048,S14,7,5,tradaug,2026
3046,258112,S14,7,7,tradaug,2026
3047,258176,S14,7,7,tradaug,2026
3048,258240,S14,7,5,tradaug,2026
3049,258304,S14,7,0,tradaug,2026
3050,258368,S14,7,5,tradaug,2026
3051,258432,S14,7,7,tradaug,2026
3052,258496,S14,7,5,tradaug,2026
3053,258560,S14,7,7,tradaug,2026
3054,258624,S14,7,7,tradaug,2026
3055,258688,S14,7,7,tradaug,2026
3056,258752,S14,7,5,tradaug,2026
3057,258816,S14,7,5,tradaug,2026
3058,258880,S14,7,5,tradaug,2026
3059,258944,S14,7,5,tradaug,2026
3060,259008,S14,7,5,tradaug,2026
3061,259072,S14,7,5,tradaug,2026
3062,259136,S14,7,5,tradaug,2026
3063,259200,S14,7,5,tradaug,2026
3064,259264,S14,7,5,tradaug,2026
3065,259328,S14,7,7,tradaug,2026
3066,259392,S14,7,7,tradaug,2026
3067,259456,S14,7,7,tradaug,2026
3068,259520,S14,7,5,tradaug,2026
3069,259584,S14,7,2,tradaug,2026
3070,259648,S14,7,5,tradaug,2026
3071,259712,S14,7,5,tradaug,2026
3072,259776,S14,7,7,tradaug,2026
3073,259840,S14,7,7,tradaug,2026
3074,259904,S14,7,5,tradaug,2026
3075,259968,S14,7,7,tradaug,2026
3076,260032,S14,7,5,tradaug,2026
3077,260096,S14,7,5,tradaug,2026
3078,260160,S14,7,7,tradaug,2026
3079,260224,S14,7,5,tradaug,2026
3080,260288,S14,7,5,tradaug,2026
3081,260352,S14,7,7,tradaug,2026
3082,260416,S14,7,5,tradaug,2026
3083,260480,S14,7,7,tradaug,2026
3084,260544,S14,7,7,tradaug,2026
3085,260608,S14,7,2,tradaug,2026
3086,260672,S14,7,5,tradaug,2026
3087,260736,S14,7,4,tradaug,2026
3088,260800,S14,7,5,tradaug,2026
3089,260864,S14,7,0,tradaug,2026
3090,260928,S14,7,5,tradaug,2026
3091,260992,S14,7,5,tradaug,2026
3092,261056,S14,7,5,tradaug,2026
3093,261120,S14,7,5,tradaug,2026
3094,261184,S14,7,5,tradaug,2026
3095,261248,S14,7,5,tradaug,2026
3096,261312,S14,7,7,tradaug,2026
3097,261376,S14,7,5,tradaug,2026
3098,261440,S14,7,5,tradaug,2026
3099,261504,S14,7,5,tradaug,2026
3100,261568,S14,7,7,tradaug,2026
3101,261632,S14,7,7,tradaug,2026
3102,261696,S14,7,7,tradaug,2026
3103,261760,S14,7,5,tradaug,2026
3104,261824,S14,7,7,tradaug,2026
3105,261888,S14,7,7,tradaug,2026
3106,261952,S14,7,5,tradaug,2026
3107,262016,S14,7,5,tradaug,2026
3108,262080,S14,7,2,tradaug,2026
3109,262144,S14,7,5,tradaug,2026
3110,262208,S14,7,7,tradaug,2026
3111,262272,S14,7,5,tradaug,2026
3112,262336,S14,7,7,tradaug,2026
3113,262400,S14,7,7,tradaug,2026
3114,262464,S14,7,7,tradaug,2026
3115,262528,S14,7,5,tradaug,2026
3116,262592,S14,7,5,tradaug,2026
3117,262656,S14,7,5,tradaug,2026
3118,262720,S14,7,7,tradaug,2026
3119,262784,S14,7,5,tradaug,2026
3120,262848,S14,7,7,tradaug,2026
3121,262912,S14,7,4,tradaug,2026
3122,262976,S14,7,5,tradaug,2026
3123,263040,S14,7,5,tradaug,2026
3124,263104,S14,7,5,tradaug,2026
3125,263168,S14,7,5,tradaug,2026
3126,263232,S14,7,5,tradaug,2026
3127,263296,S14,7,7,tradaug,2026
3128,263360,S14,7,5,tradaug,2026
3129,263424,S14,7,7,tradaug,2026
3130,263488,S14,7,5,tradaug,2026
3131,263552,S14,7,7,tradaug,2026
3132,263616,S14,7,5,tradaug,2026
3133,263680,S14,7,5,tradaug,2026
3134,263744,S14,7,7,tradaug,2026
3135,263808,S14,7,5,tradaug,2026
3136,263872,S14,7,5,tradaug,2026
3137,263936,S14,7,2,tradaug,2026
3138,264000,S14,7,5,tradaug,2026
3139,264064,S14,7,5,tradaug,2026
3140,264128,S14,7,5,tradaug,2026
3141,264192,S14,7,5,tradaug,2026
3142,264256,S14,7,5,tradaug,2026
3143,264320,S14,7,7,tradaug,2026
3144,264384,S14,7,2,tradaug,2026
3145,264448,S14,7,4,tradaug,2026
3146,264512,S14,7,5,tradaug,2026
3147,264576,S14,7,5,tradaug,2026
3148,264640,S14,7,7,tradaug,2026
3149,264704,S14,7,5,tradaug,2026
3150,264768,S14,7,5,tradaug,2026
3151,264832,S14,7,5,tradaug,2026
3152,264896,S14,7,5,tradaug,2026
3153,264960,S14,7,5,tradaug,2026
3154,265024,S14,7,5,tradaug,2026
3155,265088,S14,7,5,tradaug,2026
3156,265152,S14,7,5,tradaug,2026
3157,265216,S14,7,5,tradaug,2026
3158,265280,S14,7,5,tradaug,2026
3159,265344,S14,7,5,tradaug,2026
3160,265408,S14,7,7,tradaug,2026
3161,265472,S14,7,5,tradaug,2026
3162,265536,S14,7,5,tradaug,2026
3163,265600,S14,7,4,tradaug,2026
3164,265664,S14,7,4,tradaug,2026
3165,265728,S14,7,5,tradaug,2026
3166,265792,S14,7,7,tradaug,2026
3167,265856,S14,7,5,tradaug,2026
3168,265920,S14,7,5,tradaug,2026
3169,265984,S14,7,5,tradaug,2026
3170,266048,S14,7,5,tradaug,2026
3171,266112,S14,7,5,tradaug,2026
3172,266176,S14,7,7,tradaug,2026
3173,266240,S14,7,7,tradaug,2026
3174,266304,S14,7,5,tradaug,2026
3175,266368,S14,7,2,tradaug,2026
3176,266432,S14,7,5,tradaug,2026
3177,266496,S14,7,5,tradaug,2026
3178,266560,S14,7,7,tradaug,2026
3179,266624,S14,7,5,tradaug,2026
3180,266688,S14,7,7,tradaug,2026
3181,266752,S14,7,7,tradaug,2026
3182,266816,S14,7,5,tradaug,2026
3183,266880,S14,7,5,tradaug,2026
3184,266944,S14,7,7,tradaug,2026
3185,267008,S14,7,5,tradaug,2026
3186,267072,S14,7,2,tradaug,2026
3187,1664,S15,0,5,tradaug,2026
3188,1728,S15,0,0,tradaug,2026
3189,1792,S15,0,5,tradaug,2026
3190,1856,S15,0,5,tradaug,2026
3191,1920,S15,0,5,tradaug,2026
3192,1984,S15,0,7,tradaug,2026
3193,2048,S15,0,7,tradaug,2026
3194,2112,S15,0,5,tradaug,2026
3195,2176,S15,0,5,tradaug,2026
3196,2240,S15,0,5,tradaug,2026
3197,2304,S15,0,5,tradaug,2026
3198,2368,S15,0,5,tradaug,2026
3199,2432,S15,0,5,tradaug,2026
3200,2496,S15,0,5,tradaug,2026
3201,2560,S15,0,5,tradaug,2026
3202,2624,S15,0,5,tradaug,2026
3203,2688,S15,0,2,tradaug,2026
3204,2752,S15,0,5,tradaug,2026
3205,2816,S15,0,5,tradaug,2026
3206,2880,S15,0,5,tradaug,2026
3207,2944,S15,0,7,tradaug,2026
3208,3008,S15,0,5,tradaug,2026
3209,3072,S15,0,5,tradaug,2026
3210,3136,S15,0,5,tradaug,2026
3211,3200,S15,0,5,tradaug,2026
3212,3264,S15,0,5,tradaug,2026
3213,3328,S15,0,5,tradaug,2026
3214,3392,S15,0,5,tradaug,2026
3215,3456,S15,0,0,tradaug,2026
3216,3520,S15,0,5,tradaug,2026
3217,3584,S15,0,5,tradaug,2026
3218,3648,S15,0,4,tradaug,2026
3219,3712,S15,0,4,tradaug,2026
3220,3776,S15,0,5,tradaug,2026
3221,3840,S15,0,5,tradaug,2026
3222,3904,S15,0,0,tradaug,2026
3223,3968,S15,0,5,tradaug,2026
3224,4032,S15,0,4,tradaug,2026
3225,4096,S15,0,5,tradaug,2026
3226,4160,S15,0,5,tradaug,2026
3227,4224,S15,0,5,tradaug,2026
3228,4288,S15,0,5,tradaug,2026
3229,4352,S15,0,5,tradaug,2026
3230,4416,S15,0,5,tradaug,2026
3231,4480,S15,0,7,tradaug,2026
3232,4544,S15,0,5,tradaug,2026
3233,4608,S15,0,2,tradaug,2026
3234,4672,S15,0,5,tradaug,2026
3235,4736,S15,0,5,tradaug,2026
3236,4800,S15,0,5,tradaug,2026
3237,4864,S15,0,2,tradaug,2026
3238,4928,S15,0,4,tradaug,2026
3239,4992,S15,0,5,tradaug,2026
3240,5056,S15,0,7,tradaug,2026
3241,5120,S15,0,7,tradaug,2026
3242,5184,S15,0,2,tradaug,2026
3243,5248,S15,0,5,tradaug,2026
3244,5312,S15,0,5,tradaug,2026
3245,5376,S15,0,0,tradaug,2026
3246,5440,S15,0,5,tradaug,2026
3247,5504,S15,0,7,tradaug,2026
3248,5568,S15,0,5,tradaug,2026
3249,5632,S15,0,5,tradaug,2026
3250,5696,S15,0,5,tradaug,2026
3251,5760,S15,0,5,tradaug,2026
3252,5824,S15,0,5,tradaug,2026
3253,5888,S15,0,4,tradaug,2026
3254,5952,S15,0,5,tradaug,2026
3255,6016,S15,0,5,tradaug,2026
3256,6080,S15,0,5,tradaug,2026
3257,6144,S15,0,5,tradaug,2026
3258,6208,S15,0,5,tradaug,2026
3259,6272,S15,0,5,tradaug,2026
3260,6336,S15,0,5,tradaug,2026
3261,6400,S15,0,0,tradaug,2026
3262,6464,S15,0,5,tradaug,2026
3263,6528,S15,0,5,tradaug,2026
3264,6592,S15,0,5,tradaug,2026
3265,6656,S15,0,5,tradaug,2026
3266,6720,S15,0,5,tradaug,2026
3267,6784,S15,0,0,tradaug,2026
3268,6848,S15,0,5,tradaug,2026
3269,6912,S15,0,5,tradaug,2026
3270,6976,S15,0,5,tradaug,2026
3271,7040,S15,0,7,tradaug,2026
3272,7104,S15,0,5,tradaug,2026
3273,7168,S15,0,5,tradaug,2026
3274,7232,S15,0,5,tradaug,2026
3275,7296,S15,0,5,tradaug,2026
3276,7360,S15,0,0,tradaug,2026
3277,7424,S15,0,0,tradaug,2026
3278,7488,S15,0,5,tradaug,2026
3279,7552,S15,0,5,tradaug,2026
3280,7616,S15,0,5,tradaug,2026
3281,7680,S15,0,5,tradaug,2026
3282,7744,S15,0,5,tradaug,2026
3283,7808,S15,0,4,tradaug,2026
3284,7872,S15,0,5,tradaug,2026
3285,7936,S15,0,5,tradaug,2026
3286,8000,S15,0,5,tradaug,2026
3287,8064,S15,0,5,tradaug,2026
3288,8128,S15,0,5,tradaug,2026
3289,8192,S15,0,5,tradaug,2026
3290,8256,S15,0,5,tradaug,2026
3291,8320,S15,0,4,tradaug,2026
3292,8384,S15,0,5,tradaug,2026
3293,8448,S15,0,5,tradaug,2026
3294,8512,S15,0,0,tradaug,2026
3295,8576,S15,0,5,tradaug,2026
3296,8640,S15,0,5,tradaug,2026
3297,8704,S15,0,5,tradaug,2026
3298,8768,S15,0,5,tradaug,2026
3299,8832,S15,0,5,tradaug,2026
3300,8896,S15,0,5,tradaug,2026
3301,8960,S15,0,2,tradaug,2026
3302,9024,S15,0,5,tradaug,2026
3303,9088,S15,0,5,tradaug,2026
3304,9152,S15,0,0,tradaug,2026
3305,9216,S15,0,5,tradaug,2026
3306,9280,S15,0,4,tradaug,2026
3307,9344,S15,0,5,tradaug,2026
3308,9408,S15,0,4,tradaug,2026
3309,9472,S15,0,5,tradaug,2026
3310,9536,S15,0,5,tradaug,2026
3311,9600,S15,0,5,tradaug,2026
3312,9664,S15,0,7,tradaug,2026
3313,9728,S15,0,5,tradaug,2026
3314,9792,S15,0,5,tradaug,2026
3315,9856,S15,0,5,tradaug,2026
3316,9920,S15,0,5,tradaug,2026
3317,9984,S15,0,5,tradaug,2026
3318,10048,S15,0,5,tradaug,2026
3319,10112,S15,0,5,tradaug,2026
3320,10176,S15,0,5,tradaug,2026
3321,10240,S15,0,7,tradaug,2026
3322,10304,S15,0,5,tradaug,2026
3323,10368,S15,0,5,tradaug,2026
3324,10432,S15,0,5,tradaug,2026
3325,10496,S15,0,5,tradaug,2026
3326,10560,S15,0,5,tradaug,2026
3327,10624,S15,0,5,tradaug,2026
3328,10688,S15,0,5,tradaug,2026
3329,10752,S15,0,5,tradaug,2026
3330,10816,S15,0,5,tradaug,2026
3331,10880,S15,0,5,tradaug,2026
3332,10944,S15,0,5,tradaug,2026
3333,11008,S15,0,5,tradaug,2026
3334,11072,S15,0,4,tradaug,2026
3335,11136,S15,0,5,tradaug,2026
3336,11200,S15,0,2,tradaug,2026
3337,11264,S15,0,0,tradaug,2026
3338,11328,S15,0,5,tradaug,2026
3339,11392,S15,0,5,tradaug,2026
3340,11456,S15,0,5,tradaug,2026
3341,11520,S15,0,5,tradaug,2026
3342,11584,S15,0,5,tradaug,2026
3343,11648,S15,0,5,tradaug,2026
3344,11712,S15,0,4,tradaug,2026
3345,11776,S15,0,0,tradaug,2026
3346,11840,S15,0,5,tradaug,2026
3347,11904,S15,0,5,tradaug,2026
3348,11968,S15,0,5,tradaug,2026
3349,12032,S15,0,5,tradaug,2026
3350,12096,S15,0,7,tradaug,2026
3351,12160,S15,0,5,tradaug,2026
3352,12224,S15,0,4,tradaug,2026
3353,12288,S15,0,5,tradaug,2026
3354,12352,S15,0,5,tradaug,2026
3355,12416,S15,0,5,tradaug,2026
3356,12480,S15,0,5,tradaug,2026
3357,12544,S15,0,5,tradaug,2026
3358,12608,S15,0,5,tradaug,2026
3359,12672,S15,0,5,tradaug,2026
3360,12736,S15,0,2,tradaug,2026
3361,12800,S15,0,2,tradaug,2026
3362,12864,S15,0,0,tradaug,2026
3363,12928,S15,0,5,tradaug,2026
3364,12992,S15,0,7,tradaug,2026
3365,13056,S15,0,5,tradaug,2026
3366,13120,S15,0,2,tradaug,2026
3367,13184,S15,0,4,tradaug,2026
3368,13248,S15,0,7,tradaug,2026
3369,13312,S15,0,5,tradaug,2026
3370,13376,S15,0,5,tradaug,2026
3371,13440,S15,0,7,tradaug,2026
3372,13504,S15,0,5,tradaug,2026
3373,13568,S15,0,7,tradaug,2026
3374,13632,S15,0,7,tradaug,2026
3375,13696,S15,0,5,tradaug,2026
3376,13760,S15,0,7,tradaug,2026
3377,13824,S15,0,5,tradaug,2026
3378,13888,S15,0,0,tradaug,2026
3379,13952,S15,0,5,tradaug,2026
3380,14016,S15,0,5,tradaug,2026
3381,14080,S15,0,5,tradaug,2026
3382,14144,S15,0,5,tradaug,2026
3383,14208,S15,0,5,tradaug,2026
3384,14272,S15,0,5,tradaug,2026
3385,14336,S15,0,5,tradaug,2026
3386,14400,S15,0,5,tradaug,2026
3387,14464,S15,0,5,tradaug,2026
3388,14528,S15,0,0,tradaug,2026
3389,14592,S15,0,5,tradaug,2026
3390,14656,S15,0,7,tradaug,2026
3391,14720,S15,0,5,tradaug,2026
3392,14784,S15,0,5,tradaug,2026
3393,14848,S15,0,5,tradaug,2026
3394,14912,S15,0,5,tradaug,2026
3395,14976,S15,0,5,tradaug,2026
3396,15040,S15,0,5,tradaug,2026
3397,15104,S15,0,0,tradaug,2026
3398,15168,S15,0,5,tradaug,2026
3399,15232,S15,0,5,tradaug,2026
3400,15296,S15,0,0,tradaug,2026
3401,15360,S15,0,5,tradaug,2026
3402,15424,S15,0,5,tradaug,2026
3403,15488,S15,0,0,tradaug,2026
3404,15552,S15,0,5,tradaug,2026
3405,15616,S15,0,5,tradaug,2026
3406,15680,S15,0,7,tradaug,2026
3407,15744,S15,0,5,tradaug,2026
3408,15808,S15,0,5,tradaug,2026
3409,15872,S15,0,5,tradaug,2026
3410,15936,S15,0,5,tradaug,2026
3411,16000,S15,0,5,tradaug,2026
3412,16064,S15,0,5,tradaug,2026
3413,16128,S15,0,0,tradaug,2026
3414,16192,S15,0,7,tradaug,2026
3415,16256,S15,0,0,tradaug,2026
3416,16320,S15,0,5,tradaug,2026
3417,16384,S15,0,7,tradaug,2026
3418,16448,S15,0,5,tradaug,2026
3419,16512,S15,0,0,tradaug,2026
3420,16576,S15,0,2,tradaug,2026
3421,16640,S15,0,5,tradaug,2026
3422,16704,S15,0,5,tradaug,2026
3423,16768,S15,0,0,tradaug,2026
3424,16832,S15,0,5,tradaug,2026
3425,16896,S15,0,5,tradaug,2026
3426,16960,S15,0,5,tradaug,2026
3427,17024,S15,0,4,tradaug,2026
3428,17088,S15,0,5,tradaug,2026
3429,17152,S15,0,5,tradaug,2026
3430,17216,S15,0,5,tradaug,2026
3431,17280,S15,0,5,tradaug,2026
3432,17344,S15,0,5,tradaug,2026
3433,17408,S15,0,5,tradaug,2026
3434,17472,S15,0,7,tradaug,2026
3435,17536,S15,0,5,tradaug,2026
3436,17600,S15,0,5,tradaug,2026
3437,17664,S15,0,7,tradaug,2026
3438,17728,S15,0,0,tradaug,2026
3439,17792,S15,0,5,tradaug,2026
3440,17856,S15,0,5,tradaug,2026
3441,17920,S15,0,5,tradaug,2026
3442,17984,S15,0,5,tradaug,2026
3443,18048,S15,0,5,tradaug,2026
3444,18112,S15,0,5,tradaug,2026
3445,18176,S15,0,5,tradaug,2026
3446,18240,S15,0,5,tradaug,2026
3447,18304,S15,0,5,tradaug,2026
3448,18368,S15,0,5,tradaug,2026
3449,18432,S15,0,4,tradaug,2026
3450,18496,S15,0,5,tradaug,2026
3451,18560,S15,0,5,tradaug,2026
3452,18624,S15,0,5,tradaug,2026
3453,18688,S15,0,0,tradaug,2026
3454,18752,S15,0,5,tradaug,2026
3455,18816,S15,0,5,tradaug,2026
3456,18880,S15,0,5,tradaug,2026
3457,18944,S15,0,7,tradaug,2026
3458,19008,S15,0,5,tradaug,2026
3459,19072,S15,0,5,tradaug,2026
3460,19136,S15,0,5,tradaug,2026
3461,19200,S15,0,7,tradaug,2026
3462,19264,S15,0,0,tradaug,2026
3463,19328,S15,0,5,tradaug,2026
3464,19392,S15,0,2,tradaug,2026
3465,19456,S15,0,5,tradaug,2026
3466,19520,S15,0,5,tradaug,2026
3467,19584,S15,0,7,tradaug,2026
3468,19648,S15,0,5,tradaug,2026
3469,19712,S15,0,5,tradaug,2026
3470,19776,S15,0,5,tradaug,2026
3471,19840,S15,0,0,tradaug,2026
3472,19904,S15,0,5,tradaug,2026
3473,19968,S15,0,5,tradaug,2026
3474,20032,S15,0,5,tradaug,2026
3475,20096,S15,0,4,tradaug,2026
3476,20160,S15,0,5,tradaug,2026
3477,20224,S15,0,5,tradaug,2026
3478,20288,S15,0,5,tradaug,2026
3479,20352,S15,0,5,tradaug,2026
3480,20416,S15,0,0,tradaug,2026
3481,20480,S15,0,5,tradaug,2026
3482,20544,S15,0,7,tradaug,2026
3483,20608,S15,0,5,tradaug,2026
3484,20672,S15,0,0,tradaug,2026
3485,20736,S15,0,5,tradaug,2026
3486,20800,S15,0,0,tradaug,2026
3487,20864,S15,0,7,tradaug,2026
3488,20928,S15,0,5,tradaug,2026
3489,20992,S15,0,7,tradaug,2026
3490,21056,S15,0,5,tradaug,2026
3491,24896,S15,1,5,tradaug,2026
3492,24960,S15,1,5,tradaug,2026
3493,25024,S15,1,1,tradaug,2026
3494,25088,S15,1,1,tradaug,2026
3495,25152,S15,1,5,tradaug,2026
3496,25216,S15,1,5,tradaug,2026
3497,25280,S15,1,0,tradaug,2026
3498,25344,S15,1,5,tradaug,2026
3499,25408,S15,1,6,tradaug,2026
3500,25472,S15,1,1,tradaug,2026
3501,25536,S15,1,1,tradaug,2026
3502,25600,S15,1,1,tradaug,2026
3503,25664,S15,1,1,tradaug,2026
3504,25728,S15,1,7,tradaug,2026
3505,25792,S15,1,5,tradaug,2026
3506,25856,S15,1,6,tradaug,2026
3507,25920,S15,1,1,tradaug,2026
3508,25984,S15,1,5,tradaug,2026
3509,26048,S15,1,0,tradaug,2026
3510,26112,S15,1,5,tradaug,2026
3511,26176,S15,1,6,tradaug,2026
3512,26240,S15,1,1,tradaug,2026
3513,26304,S15,1,7,tradaug,2026
3514,26368,S15,1,5,tradaug,2026
3515,26432,S15,1,5,tradaug,2026
3516,26496,S15,1,5,tradaug,2026
3517,26560,S15,1,1,tradaug,2026
3518,26624,S15,1,1,tradaug,2026
3519,26688,S15,1,5,tradaug,2026
3520,26752,S15,1,5,tradaug,2026
3521,26816,S15,1,1,tradaug,2026
3522,26880,S15,1,1,tradaug,2026
3523,26944,S15,1,4,tradaug,2026
3524,27008,S15,1,2,tradaug,2026
3525,27072,S15,1,0,tradaug,2026
3526,27136,S15,1,2,tradaug,2026
3527,27200,S15,1,1,tradaug,2026
3528,27264,S15,1,1,tradaug,2026
3529,27328,S15,1,0,tradaug,2026
3530,27392,S15,1,5,tradaug,2026
3531,27456,S15,1,1,tradaug,2026
3532,27520,S15,1,1,tradaug,2026
3533,27584,S15,1,5,tradaug,2026
3534,27648,S15,1,7,tradaug,2026
3535,27712,S15,1,7,tradaug,2026
3536,27776,S15,1,1,tradaug,2026
3537,27840,S15,1,1,tradaug,2026
3538,27904,S15,1,5,tradaug,2026
3539,27968,S15,1,0,tradaug,2026
3540,28032,S15,1,5,tradaug,2026
3541,28096,S15,1,5,tradaug,2026
3542,28160,S15,1,1,tradaug,2026
3543,28224,S15,1,1,tradaug,2026
3544,28288,S15,1,1,tradaug,2026
3545,28352,S15,1,7,tradaug,2026
3546,28416,S15,1,6,tradaug,2026
3547,28480,S15,1,1,tradaug,2026
3548,28544,S15,1,5,tradaug,2026
3549,28608,S15,1,5,tradaug,2026
3550,28672,S15,1,7,tradaug,2026
3551,28736,S15,1,7,tradaug,2026
3552,28800,S15,1,1,tradaug,2026
3553,28864,S15,1,5,tradaug,2026
3554,28928,S15,1,7,tradaug,2026
3555,28992,S15,1,5,tradaug,2026
3556,29056,S15,1,5,tradaug,2026
3557,29120,S15,1,0,tradaug,2026
3558,29184,S15,1,7,tradaug,2026
3559,29248,S15,1,5,tradaug,2026
3560,29312,S15,1,5,tradaug,2026
3561,29376,S15,1,5,tradaug,2026
3562,29440,S15,1,5,tradaug,2026
3563,29504,S15,1,5,tradaug,2026
3564,29568,S15,1,5,tradaug,2026
3565,29632,S15,1,1,tradaug,2026
3566,29696,S15,1,1,tradaug,2026
3567,29760,S15,1,5,tradaug,2026
3568,29824,S15,1,5,tradaug,2026
3569,29888,S15,1,0,tradaug,2026
3570,29952,S15,1,5,tradaug,2026
3571,30016,S15,1,5,tradaug,2026
3572,30080,S15,1,1,tradaug,2026
3573,30144,S15,1,5,tradaug,2026
3574,30208,S15,1,6,tradaug,2026
3575,30272,S15,1,1,tradaug,2026
3576,30336,S15,1,5,tradaug,2026
3577,30400,S15,1,5,tradaug,2026
3578,30464,S15,1,1,tradaug,2026
3579,30528,S15,1,5,tradaug,2026
3580,30592,S15,1,7,tradaug,2026
3581,30656,S15,1,5,tradaug,2026
3582,30720,S15,1,7,tradaug,2026
3583,30784,S15,1,5,tradaug,2026
3584,30848,S15,1,6,tradaug,2026
3585,30912,S15,1,5,tradaug,2026
3586,30976,S15,1,1,tradaug,2026
3587,31040,S15,1,7,tradaug,2026
3588,31104,S15,1,1,tradaug,2026
3589,31168,S15,1,5,tradaug,2026
3590,31232,S15,1,0,tradaug,2026
3591,31296,S15,1,0,tradaug,2026
3592,31360,S15,1,5,tradaug,2026
3593,31424,S15,1,1,tradaug,2026
3594,31488,S15,1,5,tradaug,2026
3595,31552,S15,1,1,tradaug,2026
3596,31616,S15,1,5,tradaug,2026
3597,31680,S15,1,5,tradaug,2026
3598,31744,S15,1,5,tradaug,2026
3599,31808,S15,1,1,tradaug,2026
3600,31872,S15,1,5,tradaug,2026
3601,31936,S15,1,6,tradaug,2026
3602,32000,S15,1,0,tradaug,2026
3603,32064,S15,1,1,tradaug,2026
3604,32128,S15,1,5,tradaug,2026
3605,32192,S15,1,1,tradaug,2026
3606,32256,S15,1,1,tradaug,2026
3607,32320,S15,1,7,tradaug,2026
3608,32384,S15,1,5,tradaug,2026
3609,32448,S15,1,5,tradaug,2026
3610,32512,S15,1,1,tradaug,2026
3611,32576,S15,1,6,tradaug,2026
3612,32640,S15,1,1,tradaug,2026
3613,32704,S15,1,1,tradaug,2026
3614,32768,S15,1,5,tradaug,2026
3615,32832,S15,1,6,tradaug,2026
3616,32896,S15,1,6,tradaug,2026
3617,32960,S15,1,6,tradaug,2026
3618,33024,S15,1,1,tradaug,2026
3619,33088,S15,1,1,tradaug,2026
3620,33152,S15,1,5,tradaug,2026
3621,33216,S15,1,7,tradaug,2026
3622,33280,S15,1,5,tradaug,2026
3623,33344,S15,1,0,tradaug,2026
3624,33408,S15,1,0,tradaug,2026
3625,33472,S15,1,5,tradaug,2026
3626,33536,S15,1,1,tradaug,2026
3627,33600,S15,1,1,tradaug,2026
3628,33664,S15,1,5,tradaug,2026
3629,33728,S15,1,6,tradaug,2026
3630,33792,S15,1,5,tradaug,2026
3631,33856,S15,1,5,tradaug,2026
3632,33920,S15,1,5,tradaug,2026
3633,33984,S15,1,5,tradaug,2026
3634,34048,S15,1,0,tradaug,2026
3635,34112,S15,1,5,tradaug,2026
3636,34176,S15,1,0,tradaug,2026
3637,34240,S15,1,5,tradaug,2026
3638,34304,S15,1,2,tradaug,2026
3639,34368,S15,1,1,tradaug,2026
3640,34432,S15,1,0,tradaug,2026
3641,34496,S15,1,7,tradaug,2026
3642,34560,S15,1,1,tradaug,2026
3643,34624,S15,1,6,tradaug,2026
3644,34688,S15,1,5,tradaug,2026
3645,34752,S15,1,5,tradaug,2026
3646,34816,S15,1,5,tradaug,2026
3647,34880,S15,1,5,tradaug,2026
3648,34944,S15,1,1,tradaug,2026
3649,35008,S15,1,0,tradaug,2026
3650,35072,S15,1,5,tradaug,2026
3651,35136,S15,1,5,tradaug,2026
3652,35200,S15,1,0,tradaug,2026
3653,35264,S15,1,5,tradaug,2026
3654,35328,S15,1,1,tradaug,2026
3655,35392,S15,1,1,tradaug,2026
3656,35456,S15,1,5,tradaug,2026
3657,35520,S15,1,6,tradaug,2026
3658,35584,S15,1,6,tradaug,2026
3659,35648,S15,1,5,tradaug,2026
3660,35712,S15,1,0,tradaug,2026
3661,35776,S15,1,5,tradaug,2026
3662,35840,S15,1,2,tradaug,2026
3663,35904,S15,1,1,tradaug,2026
3664,35968,S15,1,5,tradaug,2026
3665,36032,S15,1,1,tradaug,2026
3666,36096,S15,1,5,tradaug,2026
3667,36160,S15,1,1,tradaug,2026
3668,36224,S15,1,5,tradaug,2026
3669,36288,S15,1,5,tradaug,2026
3670,36352,S15,1,5,tradaug,2026
3671,36416,S15,1,5,tradaug,2026
3672,36480,S15,1,5,tradaug,2026
3673,36544,S15,1,1,tradaug,2026
3674,36608,S15,1,6,tradaug,2026
3675,36672,S15,1,1,tradaug,2026
3676,36736,S15,1,5,tradaug,2026
3677,36800,S15,1,0,tradaug,2026
3678,36864,S15,1,5,tradaug,2026
3679,36928,S15,1,6,tradaug,2026
3680,36992,S15,1,5,tradaug,2026
3681,37056,S15,1,1,tradaug,2026
3682,37120,S15,1,5,tradaug,2026
3683,37184,S15,1,5,tradaug,2026
3684,37248,S15,1,5,tradaug,2026
3685,37312,S15,1,1,tradaug,2026
3686,37376,S15,1,0,tradaug,2026
3687,37440,S15,1,5,tradaug,2026
3688,37504,S15,1,1,tradaug,2026
3689,37568,S15,1,1,tradaug,2026
3690,37632,S15,1,5,tradaug,2026
3691,37696,S15,1,5,tradaug,2026
3692,37760,S15,1,5,tradaug,2026
3693,37824,S15,1,5,tradaug,2026
3694,37888,S15,1,5,tradaug,2026
3695,37952,S15,1,1,tradaug,2026
3696,38016,S15,1,1,tradaug,2026
3697,38080,S15,1,1,tradaug,2026
3698,41280,S15,2,7,tradaug,2026
3699,41344,S15,2,5,tradaug,2026
3700,41408,S15,2,2,tradaug,2026
3701,41472,S15,2,2,tradaug,2026
3702,41536,S15,2,7,tradaug,2026
3703,41600,S15,2,5,tradaug,2026
3704,41664,S15,2,5,tradaug,2026
3705,41728,S15,2,7,tradaug,2026
3706,41792,S15,2,6,tradaug,2026
3707,41856,S15,2,2,tradaug,2026
3708,41920,S15,2,5,tradaug,2026
3709,41984,S15,2,5,tradaug,2026
3710,42048,S15,2,5,tradaug,2026
3711,42112,S15,2,5,tradaug,2026
3712,42176,S15,2,5,tradaug,2026
3713,42240,S15,2,5,tradaug,2026
3714,42304,S15,2,5,tradaug,2026
3715,42368,S15,2,2,tradaug,2026
3716,42432,S15,2,5,tradaug,2026
3717,42496,S15,2,5,tradaug,2026
3718,42560,S15,2,5,tradaug,2026
3719,42624,S15,2,2,tradaug,2026
3720,42688,S15,2,5,tradaug,2026
3721,42752,S15,2,0,tradaug,2026
3722,42816,S15,2,5,tradaug,2026
3723,42880,S15,2,5,tradaug,2026
3724,42944,S15,2,5,tradaug,2026
3725,43008,S15,2,6,tradaug,2026
3726,43072,S15,2,5,tradaug,2026
3727,43136,S15,2,5,tradaug,2026
3728,43200,S15,2,5,tradaug,2026
3729,43264,S15,2,5,tradaug,2026
3730,43328,S15,2,5,tradaug,2026
3731,43392,S15,2,5,tradaug,2026
3732,43456,S15,2,5,tradaug,2026
3733,43520,S15,2,2,tradaug,2026
3734,43584,S15,2,5,tradaug,2026
3735,43648,S15,2,7,tradaug,2026
3736,43712,S15,2,5,tradaug,2026
3737,43776,S15,2,5,tradaug,2026
3738,43840,S15,2,5,tradaug,2026
3739,43904,S15,2,7,tradaug,2026
3740,43968,S15,2,5,tradaug,2026
3741,44032,S15,2,2,tradaug,2026
3742,44096,S15,2,5,tradaug,2026
3743,44160,S15,2,5,tradaug,2026
3744,44224,S15,2,5,tradaug,2026
3745,44288,S15,2,7,tradaug,2026
3746,44352,S15,2,5,tradaug,2026
3747,44416,S15,2,5,tradaug,2026
3748,44480,S15,2,5,tradaug,2026
3749,44544,S15,2,4,tradaug,2026
3750,44608,S15,2,5,tradaug,2026
3751,44672,S15,2,5,tradaug,2026
3752,44736,S15,2,5,tradaug,2026
3753,44800,S15,2,2,tradaug,2026
3754,44864,S15,2,5,tradaug,2026
3755,44928,S15,2,5,tradaug,2026
3756,44992,S15,2,5,tradaug,2026
3757,45056,S15,2,5,tradaug,2026
3758,45120,S15,2,5,tradaug,2026
3759,45184,S15,2,5,tradaug,2026
3760,45248,S15,2,5,tradaug,2026
3761,45312,S15,2,5,tradaug,2026
3762,45376,S15,2,2,tradaug,2026
3763,45440,S15,2,5,tradaug,2026
3764,45504,S15,2,5,tradaug,2026
3765,45568,S15,2,5,tradaug,2026
3766,45632,S15,2,5,tradaug,2026
3767,45696,S15,2,5,tradaug,2026
3768,45760,S15,2,5,tradaug,2026
3769,45824,S15,2,5,tradaug,2026
3770,45888,S15,2,5,tradaug,2026
3771,45952,S15,2,5,tradaug,2026
3772,46016,S15,2,3,tradaug,2026
3773,46080,S15,2,5,tradaug,2026
3774,46144,S15,2,5,tradaug,2026
3775,46208,S15,2,5,tradaug,2026
3776,46272,S15,2,5,tradaug,2026
3777,46336,S15,2,5,tradaug,2026
3778,46400,S15,2,5,tradaug,2026
3779,46464,S15,2,2,tradaug,2026
3780,46528,S15,2,5,tradaug,2026
3781,46592,S15,2,4,tradaug,2026
3782,46656,S15,2,2,tradaug,2026
3783,46720,S15,2,7,tradaug,2026
3784,46784,S15,2,2,tradaug,2026
3785,46848,S15,2,5,tradaug,2026
3786,46912,S15,2,2,tradaug,2026
3787,46976,S15,2,5,tradaug,2026
3788,47040,S15,2,5,tradaug,2026
3789,47104,S15,2,1,tradaug,2026
3790,47168,S15,2,5,tradaug,2026
3791,47232,S15,2,5,tradaug,2026
3792,47296,S15,2,5,tradaug,2026
3793,47360,S15,2,5,tradaug,2026
3794,47424,S15,2,5,tradaug,2026
3795,47488,S15,2,5,tradaug,2026
3796,47552,S15,2,5,tradaug,2026
3797,47616,S15,2,5,tradaug,2026
3798,47680,S15,2,5,tradaug,2026
3799,47744,S15,2,5,tradaug,2026
3800,47808,S15,2,5,tradaug,2026
3801,47872,S15,2,5,tradaug,2026
3802,47936,S15,2,5,tradaug,2026
3803,48000,S15,2,2,tradaug,2026
3804,48064,S15,2,5,tradaug,2026
3805,48128,S15,2,2,tradaug,2026
3806,48192,S15,2,5,tradaug,2026
3807,48256,S15,2,5,tradaug,2026
3808,48320,S15,2,2,tradaug,2026
3809,48384,S15,2,5,tradaug,2026
3810,48448,S15,2,2,tradaug,2026
3811,48512,S15,2,2,tradaug,2026
3812,48576,S15,2,6,tradaug,2026
3813,48640,S15,2,5,tradaug,2026
3814,48704,S15,2,5,tradaug,2026
3815,48768,S15,2,2,tradaug,2026
3816,48832,S15,2,7,tradaug,2026
3817,48896,S15,2,5,tradaug,2026
3818,48960,S15,2,5,tradaug,2026
3819,49024,S15,2,5,tradaug,2026
3820,49088,S15,2,5,tradaug,2026
3821,49152,S15,2,5,tradaug,2026
3822,49216,S15,2,2,tradaug,2026
3823,49280,S15,2,5,tradaug,2026
3824,49344,S15,2,5,tradaug,2026
3825,49408,S15,2,5,tradaug,2026
3826,49472,S15,2,5,tradaug,2026
3827,49536,S15,2,2,tradaug,2026
3828,49600,S15,2,7,tradaug,2026
3829,49664,S15,2,7,tradaug,2026
3830,49728,S15,2,5,tradaug,2026
3831,49792,S15,2,5,tradaug,2026
3832,49856,S15,2,5,tradaug,2026
3833,49920,S15,2,5,tradaug,2026
3834,49984,S15,2,5,tradaug,2026
3835,50048,S15,2,7,tradaug,2026
3836,50112,S15,2,2,tradaug,2026
3837,50176,S15,2,5,tradaug,2026
3838,50240,S15,2,2,tradaug,2026
3839,50304,S15,2,5,tradaug,2026
3840,50368,S15,2,2,tradaug,2026
3841,50432,S15,2,5,tradaug,2026
3842,50496,S15,2,7,tradaug,2026
3843,50560,S15,2,5,tradaug,2026
3844,50624,S15,2,7,tradaug,2026
3845,50688,S15,2,5,tradaug,2026
3846,50752,S15,2,5,tradaug,2026
3847,50816,S15,2,5,tradaug,2026
3848,50880,S15,2,5,tradaug,2026
3849,50944,S15,2,5,tradaug,2026
3850,51008,S15,2,5,tradaug,2026
3851,51072,S15,2,5,tradaug,2026
3852,51136,S15,2,5,tradaug,2026
3853,51200,S15,2,5,tradaug,2026
3854,51264,S15,2,2,tradaug,2026
3855,51328,S15,2,5,tradaug,2026
3856,51392,S15,2,5,tradaug,2026
3857,51456,S15,2,5,tradaug,2026
3858,51520,S15,2,2,tradaug,2026
3859,51584,S15,2,5,tradaug,2026
3860,51648,S15,2,5,tradaug,2026
3861,51712,S15,2,5,tradaug,2026
3862,51776,S15,2,7,tradaug,2026
3863,51840,S15,2,2,tradaug,2026
3864,51904,S15,2,7,tradaug,2026
3865,51968,S15,2,2,tradaug,2026
3866,52032,S15,2,5,tradaug,2026
3867,52096,S15,2,5,tradaug,2026
3868,52160,S15,2,5,tradaug,2026
3869,52224,S15,2,5,tradaug,2026
3870,52288,S15,2,5,tradaug,2026
3871,52352,S15,2,5,tradaug,2026
3872,52416,S15,2,5,tradaug,2026
3873,68416,S15,3,3,tradaug,2026
3874,68480,S15,3,3,tradaug,2026
3875,68544,S15,3,3,tradaug,2026
3876,68608,S15,3,3,tradaug,2026
3877,68672,S15,3,3,tradaug,2026
3878,68736,S15,3,3,tradaug,2026
3879,68800,S15,3,3,tradaug,2026
3880,68864,S15,3,7,tradaug,2026
3881,68928,S15,3,3,tradaug,2026
3882,68992,S15,3,3,tradaug,2026
3883,69056,S15,3,3,tradaug,2026
3884,69120,S15,3,3,tradaug,2026
3885,69184,S15,3,3,tradaug,2026
3886,69248,S15,3,3,tradaug,2026
3887,69312,S15,3,3,tradaug,2026
3888,69376,S15,3,3,tradaug,2026
3889,69440,S15,3,3,tradaug,2026
3890,69504,S15,3,4,tradaug,2026
3891,69568,S15,3,3,tradaug,2026
3892,69632,S15,3,3,tradaug,2026
3893,69696,S15,3,3,tradaug,2026
3894,69760,S15,3,3,tradaug,2026
3895,69824,S15,3,3,tradaug,2026
3896,69888,S15,3,3,tradaug,2026
3897,69952,S15,3,3,tradaug,2026
3898,70016,S15,3,3,tradaug,2026
3899,70080,S15,3,3,tradaug,2026
3900,70144,S15,3,3,tradaug,2026
3901,70208,S15,3,3,tradaug,2026
3902,70272,S15,3,3,tradaug,2026
3903,70336,S15,3,3,tradaug,2026
3904,70400,S15,3,3,tradaug,2026
3905,70464,S15,3,3,tradaug,2026
3906,70528,S15,3,7,tradaug,2026
3907,70592,S15,3,3,tradaug,2026
3908,70656,S15,3,3,tradaug,2026
3909,70720,S15,3,3,tradaug,2026
3910,70784,S15,3,3,tradaug,2026
3911,70848,S15,3,3,tradaug,2026
3912,70912,S15,3,3,tradaug,2026
3913,70976,S15,3,3,tradaug,2026
3914,71040,S15,3,3,tradaug,2026
3915,71104,S15,3,3,tradaug,2026
3916,71168,S15,3,3,tradaug,2026
3917,71232,S15,3,3,tradaug,2026
3918,71296,S15,3,3,tradaug,2026
3919,71360,S15,3,3,tradaug,2026
3920,71424,S15,3,3,tradaug,2026
3921,71488,S15,3,3,tradaug,2026
3922,71552,S15,3,3,tradaug,2026
3923,71616,S15,3,3,tradaug,2026
3924,71680,S15,3,2,tradaug,2026
3925,71744,S15,3,3,tradaug,2026
3926,71808,S15,3,3,tradaug,2026
3927,71872,S15,3,3,tradaug,2026
3928,71936,S15,3,3,tradaug,2026
3929,72000,S15,3,3,tradaug,2026
3930,72064,S15,3,3,tradaug,2026
3931,72128,S15,3,3,tradaug,2026
3932,72192,S15,3,3,tradaug,2026
3933,72256,S15,3,3,tradaug,2026
3934,72320,S15,3,3,tradaug,2026
3935,72384,S15,3,3,tradaug,2026
3936,72448,S15,3,5,tradaug,2026
3937,72512,S15,3,3,tradaug,2026
3938,72576,S15,3,3,tradaug,2026
3939,72640,S15,3,3,tradaug,2026
3940,72704,S15,3,3,tradaug,2026
3941,72768,S15,3,3,tradaug,2026
3942,72832,S15,3,3,tradaug,2026
3943,72896,S15,3,3,tradaug,2026
3944,72960,S15,3,3,tradaug,2026
3945,73024,S15,3,4,tradaug,2026
3946,73088,S15,3,3,tradaug,2026
3947,73152,S15,3,3,tradaug,2026
3948,73216,S15,3,3,tradaug,2026
3949,73280,S15,3,3,tradaug,2026
3950,73344,S15,3,3,tradaug,2026
3951,73408,S15,3,3,tradaug,2026
3952,73472,S15,3,3,tradaug,2026
3953,73536,S15,3,3,tradaug,2026
3954,73600,S15,3,3,tradaug,2026
3955,73664,S15,3,3,tradaug,2026
3956,73728,S15,3,3,tradaug,2026
3957,73792,S15,3,3,tradaug,2026
3958,73856,S15,3,3,tradaug,2026
3959,73920,S15,3,3,tradaug,2026
3960,73984,S15,3,3,tradaug,2026
3961,74048,S15,3,3,tradaug,2026
3962,74112,S15,3,3,tradaug,2026
3963,74176,S15,3,4,tradaug,2026
3964,74240,S15,3,4,tradaug,2026
3965,74304,S15,3,3,tradaug,2026
3966,74368,S15,3,3,tradaug,2026
3967,74432,S15,3,3,tradaug,2026
3968,74496,S15,3,3,tradaug,2026
3969,74560,S15,3,3,tradaug,2026
3970,74624,S15,3,3,tradaug,2026
3971,74688,S15,3,4,tradaug,2026
3972,74752,S15,3,3,tradaug,2026
3973,74816,S15,3,3,tradaug,2026
3974,74880,S15,3,3,tradaug,2026
3975,74944,S15,3,3,tradaug,2026
3976,75008,S15,3,3,tradaug,2026
3977,75072,S15,3,3,tradaug,2026
3978,75136,S15,3,3,tradaug,2026
3979,75200,S15,3,3,tradaug,2026
3980,75264,S15,3,3,tradaug,2026
3981,75328,S15,3,3,tradaug,2026
3982,75392,S15,3,3,tradaug,2026
3983,75456,S15,3,3,tradaug,2026
3984,75520,S15,3,3,tradaug,2026
3985,75584,S15,3,3,tradaug,2026
3986,75648,S15,3,3,tradaug,2026
3987,75712,S15,3,3,tradaug,2026
3988,75776,S15,3,3,tradaug,2026
3989,75840,S15,3,3,tradaug,2026
3990,75904,S15,3,3,tradaug,2026
3991,75968,S15,3,3,tradaug,2026
3992,76032,S15,3,3,tradaug,2026
3993,76096,S15,3,4,tradaug,2026
3994,76160,S15,3,7,tradaug,2026
3995,76224,S15,3,3,tradaug,2026
3996,76288,S15,3,3,tradaug,2026
3997,76352,S15,3,3,tradaug,2026
3998,76416,S15,3,3,tradaug,2026
3999,76480,S15,3,3,tradaug,2026
4000,76544,S15,3,3,tradaug,2026
4001,76608,S15,3,3,tradaug,2026
4002,76672,S15,3,3,tradaug,2026
4003,76736,S15,3,3,tradaug,2026
4004,76800,S15,3,3,tradaug,2026
4005,76864,S15,3,3,tradaug,2026
4006,76928,S15,3,3,tradaug,2026
4007,76992,S15,3,3,tradaug,2026
4008,77056,S15,3,3,tradaug,2026
4009,77120,S15,3,3,tradaug,2026
4010,77184,S15,3,3,tradaug,2026
4011,77248,S15,3,3,tradaug,2026
4012,77312,S15,3,4,tradaug,2026
4013,77376,S15,3,3,tradaug,2026
4014,77440,S15,3,3,tradaug,2026
4015,77504,S15,3,3,tradaug,2026
4016,77568,S15,3,3,tradaug,2026
4017,77632,S15,3,3,tradaug,2026
4018,77696,S15,3,3,tradaug,2026
4019,77760,S15,3,3,tradaug,2026
4020,77824,S15,3,3,tradaug,2026
4021,77888,S15,3,4,tradaug,2026
4022,77952,S15,3,3,tradaug,2026
4023,78016,S15,3,3,tradaug,2026
4024,78080,S15,3,3,tradaug,2026
4025,78144,S15,3,4,tradaug,2026
4026,78208,S15,3,3,tradaug,2026
4027,78272,S15,3,3,tradaug,2026
4028,78336,S15,3,3,tradaug,2026
4029,78400,S15,3,3,tradaug,2026
4030,78464,S15,3,3,tradaug,2026
4031,78528,S15,3,3,tradaug,2026
4032,78592,S15,3,3,tradaug,2026
4033,78656,S15,3,3,tradaug,2026
4034,78720,S15,3,3,tradaug,2026
4035,78784,S15,3,3,tradaug,2026
4036,78848,S15,3,3,tradaug,2026
4037,78912,S15,3,3,tradaug,2026
4038,78976,S15,3,3,tradaug,2026
4039,79040,S15,3,3,tradaug,2026
4040,79104,S15,3,3,tradaug,2026
4041,79168,S15,3,3,tradaug,2026
4042,79232,S15,3,3,tradaug,2026
4043,79296,S15,3,3,tradaug,2026
4044,79360,S15,3,3,tradaug,2026
4045,79424,S15,3,3,tradaug,2026
4046,79488,S15,3,3,tradaug,2026
4047,79552,S15,3,3,tradaug,2026
4048,79616,S15,3,3,tradaug,2026
4049,79680,S15,3,3,tradaug,2026
4050,79744,S15,3,3,tradaug,2026
4051,79808,S15,3,3,tradaug,2026
4052,79872,S15,3,3,tradaug,2026
4053,79936,S15,3,3,tradaug,2026
4054,80000,S15,3,3,tradaug,2026
4055,80064,S15,3,3,tradaug,2026
4056,80128,S15,3,3,tradaug,2026
4057,80192,S15,3,3,tradaug,2026
4058,80256,S15,3,4,tradaug,2026
4059,80320,S15,3,4,tradaug,2026
4060,80384,S15,3,3,tradaug,2026
4061,80448,S15,3,3,tradaug,2026
4062,80512,S15,3,3,tradaug,2026
4063,80576,S15,3,3,tradaug,2026
4064,80640,S15,3,4,tradaug,2026
4065,80704,S15,3,3,tradaug,2026
4066,80768,S15,3,3,tradaug,2026
4067,80832,S15,3,3,tradaug,2026
4068,80896,S15,3,3,tradaug,2026
4069,80960,S15,3,3,tradaug,2026
4070,81024,S15,3,3,tradaug,2026
4071,81088,S15,3,3,tradaug,2026
4072,81152,S15,3,3,tradaug,2026
4073,81216,S15,3,3,tradaug,2026
4074,95936,S15,4,5,tradaug,2026
4075,96000,S15,4,5,tradaug,2026
4076,96064,S15,4,5,tradaug,2026
4077,96128,S15,4,5,tradaug,2026
4078,96192,S15,4,7,tradaug,2026
4079,96256,S15,4,5,tradaug,2026
4080,96320,S15,4,5,tradaug,2026
4081,96384,S15,4,5,tradaug,2026
4082,96448,S15,4,5,tradaug,2026
4083,96512,S15,4,5,tradaug,2026
4084,96576,S15,4,5,tradaug,2026
4085,96640,S15,4,5,tradaug,2026
4086,96704,S15,4,5,tradaug,2026
4087,96768,S15,4,5,tradaug,2026
4088,96832,S15,4,5,tradaug,2026
4089,96896,S15,4,7,tradaug,2026
4090,96960,S15,4,7,tradaug,2026
4091,97024,S15,4,5,tradaug,2026
4092,97088,S15,4,5,tradaug,2026
4093,97152,S15,4,7,tradaug,2026
4094,97216,S15,4,5,tradaug,2026
4095,97280,S15,4,5,tradaug,2026
4096,97344,S15,4,5,tradaug,2026
4097,97408,S15,4,5,tradaug,2026
4098,97472,S15,4,7,tradaug,2026
4099,97536,S15,4,5,tradaug,2026
4100,97600,S15,4,5,tradaug,2026
4101,97664,S15,4,5,tradaug,2026
4102,97728,S15,4,5,tradaug,2026
4103,97792,S15,4,5,tradaug,2026
4104,97856,S15,4,5,tradaug,2026
4105,97920,S15,4,5,tradaug,2026
4106,97984,S15,4,5,tradaug,2026
4107,98048,S15,4,5,tradaug,2026
4108,98112,S15,4,5,tradaug,2026
4109,98176,S15,4,5,tradaug,2026
4110,98240,S15,4,5,tradaug,2026
4111,98304,S15,4,7,tradaug,2026
4112,98368,S15,4,5,tradaug,2026
4113,98432,S15,4,7,tradaug,2026
4114,98496,S15,4,5,tradaug,2026
4115,98560,S15,4,5,tradaug,2026
4116,98624,S15,4,5,tradaug,2026
4117,98688,S15,4,4,tradaug,2026
4118,98752,S15,4,5,tradaug,2026
4119,98816,S15,4,5,tradaug,2026
4120,98880,S15,4,5,tradaug,2026
4121,98944,S15,4,4,tradaug,2026
4122,99008,S15,4,5,tradaug,2026
4123,99072,S15,4,5,tradaug,2026
4124,99136,S15,4,2,tradaug,2026
4125,99200,S15,4,5,tradaug,2026
4126,99264,S15,4,7,tradaug,2026
4127,99328,S15,4,5,tradaug,2026
4128,99392,S15,4,5,tradaug,2026
4129,99456,S15,4,5,tradaug,2026
4130,99520,S15,4,5,tradaug,2026
4131,99584,S15,4,5,tradaug,2026
4132,99648,S15,4,5,tradaug,2026
4133,99712,S15,4,5,tradaug,2026
4134,99776,S15,4,5,tradaug,2026
4135,99840,S15,4,5,tradaug,2026
4136,99904,S15,4,5,tradaug,2026
4137,99968,S15,4,5,tradaug,2026
4138,100032,S15,4,5,tradaug,2026
4139,100096,S15,4,5,tradaug,2026
4140,100160,S15,4,5,tradaug,2026
4141,100224,S15,4,5,tradaug,2026
4142,100288,S15,4,5,tradaug,2026
4143,100352,S15,4,5,tradaug,2026
4144,100416,S15,4,5,tradaug,2026
4145,100480,S15,4,5,tradaug,2026
4146,100544,S15,4,7,tradaug,2026
4147,100608,S15,4,5,tradaug,2026
4148,100672,S15,4,5,tradaug,2026
4149,100736,S15,4,5,tradaug,2026
4150,100800,S15,4,5,tradaug,2026
4151,100864,S15,4,5,tradaug,2026
4152,100928,S15,4,5,tradaug,2026
4153,100992,S15,4,5,tradaug,2026
4154,101056,S15,4,5,tradaug,2026
4155,101120,S15,4,5,tradaug,2026
4156,101184,S15,4,5,tradaug,2026
4157,101248,S15,4,5,tradaug,2026
4158,101312,S15,4,5,tradaug,2026
4159,101376,S15,4,5,tradaug,2026
4160,101440,S15,4,5,tradaug,2026
4161,101504,S15,4,5,tradaug,2026
4162,101568,S15,4,5,tradaug,2026
4163,101632,S15,4,5,tradaug,2026
4164,101696,S15,4,5,tradaug,2026
4165,101760,S15,4,5,tradaug,2026
4166,101824,S15,4,5,tradaug,2026
4167,101888,S15,4,7,tradaug,2026
4168,101952,S15,4,4,tradaug,2026
4169,102016,S15,4,5,tradaug,2026
4170,102080,S15,4,5,tradaug,2026
4171,102144,S15,4,5,tradaug,2026
4172,102208,S15,4,5,tradaug,2026
4173,102272,S15,4,7,tradaug,2026
4174,102336,S15,4,7,tradaug,2026
4175,102400,S15,4,5,tradaug,2026
4176,102464,S15,4,7,tradaug,2026
4177,102528,S15,4,5,tradaug,2026
4178,102592,S15,4,5,tradaug,2026
4179,102656,S15,4,7,tradaug,2026
4180,102720,S15,4,5,tradaug,2026
4181,102784,S15,4,7,tradaug,2026
4182,102848,S15,4,5,tradaug,2026
4183,102912,S15,4,5,tradaug,2026
4184,102976,S15,4,5,tradaug,2026
4185,103040,S15,4,7,tradaug,2026
4186,103104,S15,4,5,tradaug,2026
4187,103168,S15,4,5,tradaug,2026
4188,103232,S15,4,4,tradaug,2026
4189,103296,S15,4,5,tradaug,2026
4190,103360,S15,4,5,tradaug,2026
4191,103424,S15,4,5,tradaug,2026
4192,103488,S15,4,5,tradaug,2026
4193,103552,S15,4,7,tradaug,2026
4194,103616,S15,4,5,tradaug,2026
4195,103680,S15,4,5,tradaug,2026
4196,103744,S15,4,7,tradaug,2026
4197,103808,S15,4,5,tradaug,2026
4198,103872,S15,4,5,tradaug,2026
4199,103936,S15,4,5,tradaug,2026
4200,104000,S15,4,5,tradaug,2026
4201,104064,S15,4,7,tradaug,2026
4202,104128,S15,4,5,tradaug,2026
4203,104192,S15,4,5,tradaug,2026
4204,104256,S15,4,7,tradaug,2026
4205,104320,S15,4,5,tradaug,2026
4206,104384,S15,4,5,tradaug,2026
4207,104448,S15,4,7,tradaug,2026
4208,104512,S15,4,5,tradaug,2026
4209,104576,S15,4,5,tradaug,2026
4210,104640,S15,4,5,tradaug,2026
4211,104704,S15,4,5,tradaug,2026
4212,104768,S15,4,5,tradaug,2026
4213,104832,S15,4,5,tradaug,2026
4214,104896,S15,4,5,tradaug,2026
4215,104960,S15,4,5,tradaug,2026
4216,105024,S15,4,7,tradaug,2026
4217,105088,S15,4,5,tradaug,2026
4218,105152,S15,4,4,tradaug,2026
4219,105216,S15,4,5,tradaug,2026
4220,105280,S15,4,5,tradaug,2026
4221,105344,S15,4,5,tradaug,2026
4222,105408,S15,4,5,tradaug,2026
4223,105472,S15,4,5,tradaug,2026
4224,105536,S15,4,5,tradaug,2026
4225,105600,S15,4,7,tradaug,2026
4226,105664,S15,4,5,tradaug,2026
4227,105728,S15,4,5,tradaug,2026
4228,105792,S15,4,5,tradaug,2026
4229,105856,S15,4,7,tradaug,2026
4230,105920,S15,4,5,tradaug,2026
4231,105984,S15,4,7,tradaug,2026
4232,106048,S15,4,5,tradaug,2026
4233,106112,S15,4,7,tradaug,2026
4234,106176,S15,4,5,tradaug,2026
4235,106240,S15,4,5,tradaug,2026
4236,106304,S15,4,5,tradaug,2026
4237,106368,S15,4,4,tradaug,2026
4238,106432,S15,4,5,tradaug,2026
4239,106496,S15,4,5,tradaug,2026
4240,106560,S15,4,7,tradaug,2026
4241,106624,S15,4,5,tradaug,2026
4242,106688,S15,4,5,tradaug,2026
4243,106752,S15,4,5,tradaug,2026
4244,106816,S15,4,5,tradaug,2026
4245,106880,S15,4,7,tradaug,2026
4246,106944,S15,4,5,tradaug,2026
4247,107008,S15,4,7,tradaug,2026
4248,107072,S15,4,5,tradaug,2026
4249,107136,S15,4,5,tradaug,2026
4250,107200,S15,4,5,tradaug,2026
4251,107264,S15,4,5,tradaug,2026
4252,107328,S15,4,4,tradaug,2026
4253,107392,S15,4,5,tradaug,2026
4254,107456,S15,4,5,tradaug,2026
4255,107520,S15,4,7,tradaug,2026
4256,107584,S15,4,5,tradaug,2026
4257,107648,S15,4,5,tradaug,2026
4258,107712,S15,4,5,tradaug,2026
4259,107776,S15,4,7,tradaug,2026
4260,107840,S15,4,5,tradaug,2026
4261,107904,S15,4,4,tradaug,2026
4262,107968,S15,4,5,tradaug,2026
4263,108032,S15,4,5,tradaug,2026
4264,108096,S15,4,5,tradaug,2026
4265,108160,S15,4,5,tradaug,2026
4266,108224,S15,4,5,tradaug,2026
4267,108288,S15,4,5,tradaug,2026
4268,108352,S15,4,2,tradaug,2026
4269,108416,S15,4,5,tradaug,2026
4270,108480,S15,4,5,tradaug,2026
4271,108544,S15,4,5,tradaug,2026
4272,108608,S15,4,5,tradaug,2026
4273,108672,S15,4,5,tradaug,2026
4274,108736,S15,4,5,tradaug,2026
4275,108800,S15,4,2,tradaug,2026
4276,108864,S15,4,7,tradaug,2026
4277,108928,S15,4,5,tradaug,2026
4278,108992,S15,4,5,tradaug,2026
4279,109056,S15,4,4,tradaug,2026
4280,109120,S15,4,7,tradaug,2026
4281,109184,S15,4,5,tradaug,2026
4282,109248,S15,4,5,tradaug,2026
4283,109312,S15,4,5,tradaug,2026
4284,109376,S15,4,5,tradaug,2026
4285,109440,S15,4,5,tradaug,2026
4286,109504,S15,4,7,tradaug,2026
4287,109568,S15,4,5,tradaug,2026
4288,109632,S15,4,4,tradaug,2026
4289,109696,S15,4,4,tradaug,2026
4290,109760,S15,4,5,tradaug,2026
4291,109824,S15,4,7,tradaug,2026
4292,109888,S15,4,5,tradaug,2026
4293,109952,S15,4,4,tradaug,2026
4294,110016,S15,4,4,tradaug,2026
4295,110080,S15,4,4,tradaug,2026
4296,110144,S15,4,4,tradaug,2026
4297,110208,S15,4,5,tradaug,2026
4298,110272,S15,4,5,tradaug,2026
4299,110336,S15,4,5,tradaug,2026
4300,110400,S15,4,5,tradaug,2026
4301,110464,S15,4,5,tradaug,2026
4302,110528,S15,4,5,tradaug,2026
4303,110592,S15,4,5,tradaug,2026
4304,110656,S15,4,5,tradaug,2026
4305,110720,S15,4,7,tradaug,2026
4306,110784,S15,4,5,tradaug,2026
4307,110848,S15,4,0,tradaug,2026
4308,110912,S15,4,5,tradaug,2026
4309,110976,S15,4,5,tradaug,2026
4310,111040,S15,4,5,tradaug,2026
4311,111104,S15,4,5,tradaug,2026
4312,111168,S15,4,5,tradaug,2026
4313,111232,S15,4,5,tradaug,2026
4314,111296,S15,4,5,tradaug,2026
4315,111360,S15,4,5,tradaug,2026
4316,111424,S15,4,5,tradaug,2026
4317,111488,S15,4,5,tradaug,2026
4318,111552,S15,4,5,tradaug,2026
4319,111616,S15,4,7,tradaug,2026
4320,111680,S15,4,7,tradaug,2026
4321,111744,S15,4,0,tradaug,2026
4322,111808,S15,4,5,tradaug,2026
4323,111872,S15,4,5,tradaug,2026
4324,111936,S15,4,5,tradaug,2026
4325,112000,S15,4,5,tradaug,2026
4326,112064,S15,4,5,tradaug,2026
4327,112128,S15,4,5,tradaug,2026
4328,112192,S15,4,5,tradaug,2026
4329,112256,S15,4,5,tradaug,2026
4330,112320,S15,4,5,tradaug,2026
4331,112384,S15,4,7,tradaug,2026
4332,112448,S15,4,5,tradaug,2026
4333,112512,S15,4,5,tradaug,2026
4334,112576,S15,4,5,tradaug,2026
4335,112640,S15,4,5,tradaug,2026
4336,112704,S15,4,5,tradaug,2026
4337,112768,S15,4,5,tradaug,2026
4338,112832,S15,4,5,tradaug,2026
4339,112896,S15,4,4,tradaug,2026
4340,112960,S15,4,5,tradaug,2026
4341,113024,S15,4,5,tradaug,2026
4342,113088,S15,4,5,tradaug,2026
4343,113152,S15,4,5,tradaug,2026
4344,113216,S15,4,5,tradaug,2026
4345,113280,S15,4,5,tradaug,2026
4346,113344,S15,4,5,tradaug,2026
4347,113408,S15,4,5,tradaug,2026
4348,113472,S15,4,7,tradaug,2026
4349,113536,S15,4,7,tradaug,2026
4350,113600,S15,4,7,tradaug,2026
4351,113664,S15,4,7,tradaug,2026
4352,113728,S15,4,5,tradaug,2026
4353,113792,S15,4,5,tradaug,2026
4354,113856,S15,4,5,tradaug,2026
4355,113920,S15,4,5,tradaug,2026
4356,113984,S15,4,4,tradaug,2026
4357,114048,S15,4,7,tradaug,2026
4358,114112,S15,4,5,tradaug,2026
4359,114176,S15,4,5,tradaug,2026
4360,114240,S15,4,5,tradaug,2026
4361,114304,S15,4,4,tradaug,2026
4362,114368,S15,4,5,tradaug,2026
4363,114432,S15,4,7,tradaug,2026
4364,114496,S15,4,5,tradaug,2026
4365,114560,S15,4,5,tradaug,2026
4366,114624,S15,4,5,tradaug,2026
4367,114688,S15,4,7,tradaug,2026
4368,114752,S15,4,7,tradaug,2026
4369,114816,S15,4,5,tradaug,2026
4370,114880,S15,4,5,tradaug,2026
4371,114944,S15,4,4,tradaug,2026
4372,115008,S15,4,5,tradaug,2026
4373,115072,S15,4,5,tradaug,2026
4374,115136,S15,4,5,tradaug,2026
4375,115200,S15,4,5,tradaug,2026
4376,115264,S15,4,5,tradaug,2026
4377,115328,S15,4,5,tradaug,2026
4378,115392,S15,4,5,tradaug,2026
4379,115456,S15,4,5,tradaug,2026
4380,115520,S15,4,5,tradaug,2026
4381,115584,S15,4,7,tradaug,2026
4382,115648,S15,4,5,tradaug,2026
4383,115712,S15,4,5,tradaug,2026
4384,115776,S15,4,7,tradaug,2026
4385,115840,S15,4,7,tradaug,2026
4386,115904,S15,4,7,tradaug,2026
4387,115968,S15,4,5,tradaug,2026
4388,116032,S15,4,7,tradaug,2026
4389,116096,S15,4,5,tradaug,2026
4390,116160,S15,4,5,tradaug,2026
4391,116224,S15,4,5,tradaug,2026
4392,116288,S15,4,5,tradaug,2026
4393,116352,S15,4,5,tradaug,2026
4394,116416,S15,4,5,tradaug,2026
4395,116480,S15,4,5,tradaug,2026
4396,116544,S15,4,5,tradaug,2026
4397,116608,S15,4,5,tradaug,2026
4398,116672,S15,4,5,tradaug,2026
4399,116736,S15,4,5,tradaug,2026
4400,116800,S15,4,5,tradaug,2026
4401,116864,S15,4,5,tradaug,2026
4402,116928,S15,4,5,tradaug,2026
4403,116992,S15,4,7,tradaug,2026
4404,117056,S15,4,7,tradaug,2026
4405,117120,S15,4,7,tradaug,2026
4406,117184,S15,4,5,tradaug,2026
4407,117248,S15,4,5,tradaug,2026
4408,117312,S15,4,7,tradaug,2026
4409,117376,S15,4,5,tradaug,2026
4410,117440,S15,4,5,tradaug,2026
4411,117504,S15,4,5,tradaug,2026
4412,117568,S15,4,5,tradaug,2026
4413,117632,S15,4,0,tradaug,2026
4414,117696,S15,4,7,tradaug,2026
4415,117760,S15,4,7,tradaug,2026
4416,117824,S15,4,7,tradaug,2026
4417,117888,S15,4,4,tradaug,2026
4418,117952,S15,4,5,tradaug,2026
4419,118016,S15,4,4,tradaug,2026
4420,118080,S15,4,7,tradaug,2026
4421,118144,S15,4,5,tradaug,2026
4422,118208,S15,4,7,tradaug,2026
4423,118272,S15,4,5,tradaug,2026
4424,118336,S15,4,7,tradaug,2026
4425,118400,S15,4,4,tradaug,2026
4426,118464,S15,4,5,tradaug,2026
4427,118528,S15,4,5,tradaug,2026
4428,118592,S15,4,5,tradaug,2026
4429,118656,S15,4,5,tradaug,2026
4430,118720,S15,4,5,tradaug,2026
4431,118784,S15,4,5,tradaug,2026
4432,118848,S15,4,5,tradaug,2026
4433,118912,S15,4,4,tradaug,2026
4434,118976,S15,4,4,tradaug,2026
4435,119040,S15,4,7,tradaug,2026
4436,119104,S15,4,5,tradaug,2026
4437,119168,S15,4,7,tradaug,2026
4438,119232,S15,4,5,tradaug,2026
4439,119296,S15,4,5,tradaug,2026
4440,119360,S15,4,5,tradaug,2026
4441,119424,S15,4,5,tradaug,2026
4442,119488,S15,4,7,tradaug,2026
4443,119552,S15,4,5,tradaug,2026
4444,119616,S15,4,5,tradaug,2026
4445,119680,S15,4,2,tradaug,2026
4446,119744,S15,4,4,tradaug,2026
4447,119808,S15,4,5,tradaug,2026
4448,119872,S15,4,5,tradaug,2026
4449,119936,S15,4,5,tradaug,2026
4450,120000,S15,4,5,tradaug,2026
4451,120064,S15,4,5,tradaug,2026
4452,120128,S15,4,5,tradaug,2026
4453,120192,S15,4,5,tradaug,2026
4454,120256,S15,4,7,tradaug,2026
4455,120320,S15,4,5,tradaug,2026
4456,120384,S15,4,5,tradaug,2026
4457,120448,S15,4,5,tradaug,2026
4458,120512,S15,4,5,tradaug,2026
4459,120576,S15,4,5,tradaug,2026
4460,120640,S15,4,5,tradaug,2026
4461,120704,S15,4,5,tradaug,2026
4462,120768,S15,4,5,tradaug,2026
4463,120832,S15,4,5,tradaug,2026
4464,120896,S15,4,7,tradaug,2026
4465,134336,S15,5,5,tradaug,2026
4466,134400,S15,5,5,tradaug,2026
4467,134464,S15,5,5,tradaug,2026
4468,134528,S15,5,5,tradaug,2026
4469,134592,S15,5,5,tradaug,2026
4470,134656,S15,5,5,tradaug,2026
4471,134720,S15,5,5,tradaug,2026
4472,134784,S15,5,5,tradaug,2026
4473,134848,S15,5,5,tradaug,2026
4474,134912,S15,5,5,tradaug,2026
4475,134976,S15,5,5,tradaug,2026
4476,135040,S15,5,7,tradaug,2026
4477,135104,S15,5,2,tradaug,2026
4478,135168,S15,5,5,tradaug,2026
4479,135232,S15,5,5,tradaug,2026
4480,135296,S15,5,5,tradaug,2026
4481,135360,S15,5,5,tradaug,2026
4482,135424,S15,5,7,tradaug,2026
4483,135488,S15,5,5,tradaug,2026
4484,135552,S15,5,5,tradaug,2026
4485,135616,S15,5,7,tradaug,2026
4486,135680,S15,5,5,tradaug,2026
4487,135744,S15,5,5,tradaug,2026
4488,135808,S15,5,4,tradaug,2026
4489,135872,S15,5,5,tradaug,2026
4490,135936,S15,5,5,tradaug,2026
4491,136000,S15,5,5,tradaug,2026
4492,136064,S15,5,5,tradaug,2026
4493,136128,S15,5,5,tradaug,2026
4494,136192,S15,5,4,tradaug,2026
4495,136256,S15,5,0,tradaug,2026
4496,136320,S15,5,5,tradaug,2026
4497,136384,S15,5,5,tradaug,2026
4498,136448,S15,5,5,tradaug,2026
4499,136512,S15,5,5,tradaug,2026
4500,136576,S15,5,5,tradaug,2026
4501,136640,S15,5,7,tradaug,2026
4502,136704,S15,5,5,tradaug,2026
4503,136768,S15,5,0,tradaug,2026
4504,136832,S15,5,5,tradaug,2026
4505,136896,S15,5,5,tradaug,2026
4506,136960,S15,5,5,tradaug,2026
4507,137024,S15,5,5,tradaug,2026
4508,137088,S15,5,5,tradaug,2026
4509,137152,S15,5,5,tradaug,2026
4510,137216,S15,5,5,tradaug,2026
4511,137280,S15,5,5,tradaug,2026
4512,137344,S15,5,5,tradaug,2026
4513,137408,S15,5,5,tradaug,2026
4514,137472,S15,5,5,tradaug,2026
4515,137536,S15,5,5,tradaug,2026
4516,137600,S15,5,4,tradaug,2026
4517,137664,S15,5,5,tradaug,2026
4518,137728,S15,5,5,tradaug,2026
4519,137792,S15,5,4,tradaug,2026
4520,137856,S15,5,5,tradaug,2026
4521,137920,S15,5,5,tradaug,2026
4522,137984,S15,5,5,tradaug,2026
4523,138048,S15,5,5,tradaug,2026
4524,138112,S15,5,5,tradaug,2026
4525,138176,S15,5,5,tradaug,2026
4526,138240,S15,5,5,tradaug,2026
4527,138304,S15,5,2,tradaug,2026
4528,138368,S15,5,5,tradaug,2026
4529,138432,S15,5,5,tradaug,2026
4530,138496,S15,5,7,tradaug,2026
4531,138560,S15,5,5,tradaug,2026
4532,138624,S15,5,5,tradaug,2026
4533,138688,S15,5,5,tradaug,2026
4534,138752,S15,5,2,tradaug,2026
4535,138816,S15,5,5,tradaug,2026
4536,138880,S15,5,4,tradaug,2026
4537,138944,S15,5,7,tradaug,2026
4538,139008,S15,5,5,tradaug,2026
4539,139072,S15,5,5,tradaug,2026
4540,139136,S15,5,5,tradaug,2026
4541,139200,S15,5,5,tradaug,2026
4542,139264,S15,5,5,tradaug,2026
4543,139328,S15,5,5,tradaug,2026
4544,139392,S15,5,7,tradaug,2026
4545,139456,S15,5,5,tradaug,2026
4546,139520,S15,5,0,tradaug,2026
4547,139584,S15,5,5,tradaug,2026
4548,139648,S15,5,5,tradaug,2026
4549,139712,S15,5,5,tradaug,2026
4550,139776,S15,5,5,tradaug,2026
4551,139840,S15,5,7,tradaug,2026
4552,139904,S15,5,5,tradaug,2026
4553,139968,S15,5,5,tradaug,2026
4554,140032,S15,5,5,tradaug,2026
4555,140096,S15,5,5,tradaug,2026
4556,140160,S15,5,5,tradaug,2026
4557,140224,S15,5,5,tradaug,2026
4558,140288,S15,5,5,tradaug,2026
4559,140352,S15,5,2,tradaug,2026
4560,140416,S15,5,5,tradaug,2026
4561,140480,S15,5,5,tradaug,2026
4562,140544,S15,5,7,tradaug,2026
4563,140608,S15,5,5,tradaug,2026
4564,140672,S15,5,5,tradaug,2026
4565,140736,S15,5,5,tradaug,2026
4566,140800,S15,5,5,tradaug,2026
4567,140864,S15,5,5,tradaug,2026
4568,140928,S15,5,7,tradaug,2026
4569,140992,S15,5,4,tradaug,2026
4570,141056,S15,5,5,tradaug,2026
4571,141120,S15,5,5,tradaug,2026
4572,141184,S15,5,5,tradaug,2026
4573,141248,S15,5,5,tradaug,2026
4574,141312,S15,5,5,tradaug,2026
4575,141376,S15,5,5,tradaug,2026
4576,141440,S15,5,7,tradaug,2026
4577,141504,S15,5,7,tradaug,2026
4578,141568,S15,5,5,tradaug,2026
4579,141632,S15,5,5,tradaug,2026
4580,141696,S15,5,5,tradaug,2026
4581,141760,S15,5,5,tradaug,2026
4582,141824,S15,5,5,tradaug,2026
4583,141888,S15,5,7,tradaug,2026
4584,141952,S15,5,5,tradaug,2026
4585,142016,S15,5,5,tradaug,2026
4586,142080,S15,5,5,tradaug,2026
4587,142144,S15,5,5,tradaug,2026
4588,142208,S15,5,5,tradaug,2026
4589,142272,S15,5,5,tradaug,2026
4590,142336,S15,5,5,tradaug,2026
4591,142400,S15,5,0,tradaug,2026
4592,142464,S15,5,5,tradaug,2026
4593,142528,S15,5,2,tradaug,2026
4594,142592,S15,5,5,tradaug,2026
4595,142656,S15,5,7,tradaug,2026
4596,142720,S15,5,5,tradaug,2026
4597,142784,S15,5,7,tradaug,2026
4598,142848,S15,5,2,tradaug,2026
4599,142912,S15,5,5,tradaug,2026
4600,142976,S15,5,5,tradaug,2026
4601,143040,S15,5,5,tradaug,2026
4602,143104,S15,5,5,tradaug,2026
4603,143168,S15,5,5,tradaug,2026
4604,143232,S15,5,5,tradaug,2026
4605,143296,S15,5,5,tradaug,2026
4606,143360,S15,5,5,tradaug,2026
4607,143424,S15,5,2,tradaug,2026
4608,143488,S15,5,5,tradaug,2026
4609,143552,S15,5,5,tradaug,2026
4610,143616,S15,5,4,tradaug,2026
4611,143680,S15,5,5,tradaug,2026
4612,143744,S15,5,7,tradaug,2026
4613,143808,S15,5,5,tradaug,2026
4614,143872,S15,5,5,tradaug,2026
4615,143936,S15,5,5,tradaug,2026
4616,144000,S15,5,5,tradaug,2026
4617,144064,S15,5,2,tradaug,2026
4618,144128,S15,5,5,tradaug,2026
4619,144192,S15,5,5,tradaug,2026
4620,144256,S15,5,7,tradaug,2026
4621,144320,S15,5,5,tradaug,2026
4622,144384,S15,5,5,tradaug,2026
4623,144448,S15,5,5,tradaug,2026
4624,144512,S15,5,5,tradaug,2026
4625,144576,S15,5,5,tradaug,2026
4626,144640,S15,5,5,tradaug,2026
4627,144704,S15,5,5,tradaug,2026
4628,144768,S15,5,5,tradaug,2026
4629,144832,S15,5,5,tradaug,2026
4630,144896,S15,5,5,tradaug,2026
4631,144960,S15,5,5,tradaug,2026
4632,145024,S15,5,5,tradaug,2026
4633,145088,S15,5,5,tradaug,2026
4634,145152,S15,5,5,tradaug,2026
4635,145216,S15,5,5,tradaug,2026
4636,145280,S15,5,0,tradaug,2026
4637,145344,S15,5,5,tradaug,2026
4638,145408,S15,5,5,tradaug,2026
4639,145472,S15,5,5,tradaug,2026
4640,145536,S15,5,5,tradaug,2026
4641,145600,S15,5,5,tradaug,2026
4642,145664,S15,5,5,tradaug,2026
4643,145728,S15,5,5,tradaug,2026
4644,145792,S15,5,2,tradaug,2026
4645,145856,S15,5,5,tradaug,2026
4646,145920,S15,5,5,tradaug,2026
4647,145984,S15,5,5,tradaug,2026
4648,146048,S15,5,5,tradaug,2026
4649,146112,S15,5,5,tradaug,2026
4650,146176,S15,5,5,tradaug,2026
4651,146240,S15,5,5,tradaug,2026
4652,146304,S15,5,0,tradaug,2026
4653,146368,S15,5,5,tradaug,2026
4654,146432,S15,5,7,tradaug,2026
4655,146496,S15,5,5,tradaug,2026
4656,146560,S15,5,5,tradaug,2026
4657,146624,S15,5,5,tradaug,2026
4658,146688,S15,5,5,tradaug,2026
4659,146752,S15,5,5,tradaug,2026
4660,146816,S15,5,5,tradaug,2026
4661,146880,S15,5,5,tradaug,2026
4662,146944,S15,5,5,tradaug,2026
4663,147008,S15,5,0,tradaug,2026
4664,147072,S15,5,5,tradaug,2026
4665,147136,S15,5,5,tradaug,2026
4666,147200,S15,5,5,tradaug,2026
4667,147264,S15,5,7,tradaug,2026
4668,147328,S15,5,5,tradaug,2026
4669,147392,S15,5,7,tradaug,2026
4670,147456,S15,5,5,tradaug,2026
4671,147520,S15,5,5,tradaug,2026
4672,147584,S15,5,5,tradaug,2026
4673,147648,S15,5,5,tradaug,2026
4674,147712,S15,5,5,tradaug,2026
4675,147776,S15,5,5,tradaug,2026
4676,147840,S15,5,5,tradaug,2026
4677,147904,S15,5,5,tradaug,2026
4678,147968,S15,5,0,tradaug,2026
4679,148032,S15,5,5,tradaug,2026
4680,148096,S15,5,7,tradaug,2026
4681,148160,S15,5,5,tradaug,2026
4682,148224,S15,5,5,tradaug,2026
4683,148288,S15,5,7,tradaug,2026
4684,148352,S15,5,0,tradaug,2026
4685,148416,S15,5,2,tradaug,2026
4686,148480,S15,5,7,tradaug,2026
4687,148544,S15,5,5,tradaug,2026
4688,148608,S15,5,5,tradaug,2026
4689,148672,S15,5,5,tradaug,2026
4690,148736,S15,5,5,tradaug,2026
4691,148800,S15,5,5,tradaug,2026
4692,148864,S15,5,5,tradaug,2026
4693,148928,S15,5,5,tradaug,2026
4694,148992,S15,5,7,tradaug,2026
4695,149056,S15,5,5,tradaug,2026
4696,149120,S15,5,5,tradaug,2026
4697,149184,S15,5,5,tradaug,2026
4698,149248,S15,5,5,tradaug,2026
4699,149312,S15,5,5,tradaug,2026
4700,149376,S15,5,5,tradaug,2026
4701,149440,S15,5,4,tradaug,2026
4702,149504,S15,5,2,tradaug,2026
4703,149568,S15,5,5,tradaug,2026
4704,149632,S15,5,7,tradaug,2026
4705,149696,S15,5,7,tradaug,2026
4706,149760,S15,5,5,tradaug,2026
4707,149824,S15,5,5,tradaug,2026
4708,149888,S15,5,5,tradaug,2026
4709,149952,S15,5,5,tradaug,2026
4710,150016,S15,5,5,tradaug,2026
4711,150080,S15,5,7,tradaug,2026
4712,150144,S15,5,5,tradaug,2026
4713,150208,S15,5,4,tradaug,2026
4714,150272,S15,5,5,tradaug,2026
4715,150336,S15,5,5,tradaug,2026
4716,150400,S15,5,5,tradaug,2026
4717,150464,S15,5,5,tradaug,2026
4718,150528,S15,5,5,tradaug,2026
4719,150592,S15,5,7,tradaug,2026
4720,150656,S15,5,5,tradaug,2026
4721,150720,S15,5,5,tradaug,2026
4722,150784,S15,5,5,tradaug,2026
4723,150848,S15,5,5,tradaug,2026
4724,150912,S15,5,5,tradaug,2026
4725,150976,S15,5,5,tradaug,2026
4726,151040,S15,5,7,tradaug,2026
4727,151104,S15,5,5,tradaug,2026
4728,151168,S15,5,5,tradaug,2026
4729,151232,S15,5,5,tradaug,2026
4730,151296,S15,5,7,tradaug,2026
4731,151360,S15,5,5,tradaug,2026
4732,151424,S15,5,5,tradaug,2026
4733,151488,S15,5,5,tradaug,2026
4734,151552,S15,5,5,tradaug,2026
4735,151616,S15,5,5,tradaug,2026
4736,151680,S15,5,5,tradaug,2026
4737,151744,S15,5,5,tradaug,2026
4738,151808,S15,5,4,tradaug,2026
4739,151872,S15,5,5,tradaug,2026
4740,151936,S15,5,5,tradaug,2026
4741,152000,S15,5,5,tradaug,2026
4742,152064,S15,5,4,tradaug,2026
4743,152128,S15,5,5,tradaug,2026
4744,152192,S15,5,5,tradaug,2026
4745,152256,S15,5,5,tradaug,2026
4746,152320,S15,5,5,tradaug,2026
4747,152384,S15,5,5,tradaug,2026
4748,152448,S15,5,5,tradaug,2026
4749,152512,S15,5,0,tradaug,2026
4750,152576,S15,5,5,tradaug,2026
4751,152640,S15,5,5,tradaug,2026
4752,152704,S15,5,7,tradaug,2026
4753,152768,S15,5,7,tradaug,2026
4754,152832,S15,5,5,tradaug,2026
4755,152896,S15,5,5,tradaug,2026
4756,152960,S15,5,5,tradaug,2026
4757,153024,S15,5,7,tradaug,2026
4758,153088,S15,5,5,tradaug,2026
4759,153152,S15,5,5,tradaug,2026
4760,153216,S15,5,5,tradaug,2026
4761,153280,S15,5,5,tradaug,2026
4762,153344,S15,5,5,tradaug,2026
4763,153408,S15,5,5,tradaug,2026
4764,153472,S15,5,5,tradaug,2026
4765,153536,S15,5,5,tradaug,2026
4766,153600,S15,5,5,tradaug,2026
4767,153664,S15,5,5,tradaug,2026
4768,153728,S15,5,7,tradaug,2026
4769,153792,S15,5,5,tradaug,2026
4770,153856,S15,5,7,tradaug,2026
4771,153920,S15,5,5,tradaug,2026
4772,153984,S15,5,7,tradaug,2026
4773,154048,S15,5,5,tradaug,2026
4774,154112,S15,5,5,tradaug,2026
4775,154176,S15,5,5,tradaug,2026
4776,154240,S15,5,5,tradaug,2026
4777,154304,S15,5,5,tradaug,2026
4778,154368,S15,5,7,tradaug,2026
4779,154432,S15,5,5,tradaug,2026
4780,154496,S15,5,1,tradaug,2026
4781,154560,S15,5,5,tradaug,2026
4782,154624,S15,5,5,tradaug,2026
4783,154688,S15,5,4,tradaug,2026
4784,154752,S15,5,2,tradaug,2026
4785,154816,S15,5,5,tradaug,2026
4786,154880,S15,5,5,tradaug,2026
4787,154944,S15,5,5,tradaug,2026
4788,155008,S15,5,5,tradaug,2026
4789,155072,S15,5,7,tradaug,2026
4790,155136,S15,5,5,tradaug,2026
4791,155200,S15,5,5,tradaug,2026
4792,155264,S15,5,5,tradaug,2026
4793,155328,S15,5,5,tradaug,2026
4794,155392,S15,5,7,tradaug,2026
4795,155456,S15,5,5,tradaug,2026
4796,155520,S15,5,5,tradaug,2026
4797,155584,S15,5,7,tradaug,2026
4798,155648,S15,5,5,tradaug,2026
4799,155712,S15,5,4,tradaug,2026
4800,155776,S15,5,5,tradaug,2026
4801,155840,S15,5,5,tradaug,2026
4802,155904,S15,5,2,tradaug,2026
4803,155968,S15,5,5,tradaug,2026
4804,156032,S15,5,5,tradaug,2026
4805,156096,S15,5,5,tradaug,2026
4806,156160,S15,5,5,tradaug,2026
4807,156224,S15,5,5,tradaug,2026
4808,156288,S15,5,5,tradaug,2026
4809,156352,S15,5,5,tradaug,2026
4810,156416,S15,5,5,tradaug,2026
4811,156480,S15,5,5,tradaug,2026
4812,156544,S15,5,2,tradaug,2026
4813,156608,S15,5,4,tradaug,2026
4814,156672,S15,5,5,tradaug,2026
4815,156736,S15,5,5,tradaug,2026
4816,156800,S15,5,5,tradaug,2026
4817,156864,S15,5,7,tradaug,2026
4818,156928,S15,5,5,tradaug,2026
4819,156992,S15,5,7,tradaug,2026
4820,157056,S15,5,0,tradaug,2026
4821,157120,S15,5,7,tradaug,2026
4822,157184,S15,5,5,tradaug,2026
4823,157248,S15,5,2,tradaug,2026
4824,157312,S15,5,5,tradaug,2026
4825,157376,S15,5,0,tradaug,2026
4826,157440,S15,5,7,tradaug,2026
4827,157504,S15,5,5,tradaug,2026
4828,157568,S15,5,5,tradaug,2026
4829,157632,S15,5,5,tradaug,2026
4830,157696,S15,5,5,tradaug,2026
4831,157760,S15,5,5,tradaug,2026
4832,157824,S15,5,5,tradaug,2026
4833,157888,S15,5,7,tradaug,2026
4834,157952,S15,5,7,tradaug,2026
4835,158016,S15,5,2,tradaug,2026
4836,158080,S15,5,7,tradaug,2026
4837,158144,S15,5,5,tradaug,2026
4838,158208,S15,5,5,tradaug,2026
4839,158272,S15,5,5,tradaug,2026
4840,158336,S15,5,5,tradaug,2026
4841,158400,S15,5,5,tradaug,2026
4842,158464,S15,5,5,tradaug,2026
4843,158528,S15,5,7,tradaug,2026
4844,158592,S15,5,5,tradaug,2026
4845,158656,S15,5,2,tradaug,2026
4846,158720,S15,5,5,tradaug,2026
4847,158784,S15,5,7,tradaug,2026
4848,158848,S15,5,5,tradaug,2026
4849,158912,S15,5,7,tradaug,2026
4850,158976,S15,5,5,tradaug,2026
4851,159040,S15,5,5,tradaug,2026
4852,159104,S15,5,5,tradaug,2026
4853,159168,S15,5,7,tradaug,2026
4854,159232,S15,5,4,tradaug,2026
4855,159296,S15,5,5,tradaug,2026
4856,159360,S15,5,7,tradaug,2026
4857,159424,S15,5,5,tradaug,2026
4858,159488,S15,5,5,tradaug,2026
4859,159552,S15,5,5,tradaug,2026
4860,159616,S15,5,5,tradaug,2026
4861,159680,S15,5,5,tradaug,2026
4862,159744,S15,5,5,tradaug,2026
4863,159808,S15,5,7,tradaug,2026
4864,159872,S15,5,5,tradaug,2026
4865,159936,S15,5,5,tradaug,2026
4866,160000,S15,5,7,tradaug,2026
4867,160064,S15,5,5,tradaug,2026
4868,160128,S15,5,5,tradaug,2026
4869,160192,S15,5,7,tradaug,2026
4870,160256,S15,5,5,tradaug,2026
4871,160320,S15,5,5,tradaug,2026
4872,160384,S15,5,5,tradaug,2026
4873,160448,S15,5,5,tradaug,2026
4874,160512,S15,5,7,tradaug,2026
4875,160576,S15,5,5,tradaug,2026
4876,160640,S15,5,5,tradaug,2026
4877,160704,S15,5,5,tradaug,2026
4878,160768,S15,5,5,tradaug,2026
4879,160832,S15,5,5,tradaug,2026
4880,160896,S15,5,5,tradaug,2026
4881,160960,S15,5,7,tradaug,2026
4882,161024,S15,5,5,tradaug,2026
4883,161088,S15,5,5,tradaug,2026
4884,161152,S15,5,5,tradaug,2026
4885,161216,S15,5,7,tradaug,2026
4886,161280,S15,5,7,tradaug,2026
4887,161344,S15,5,2,tradaug,2026
4888,161408,S15,5,7,tradaug,2026
4889,161472,S15,5,5,tradaug,2026
4890,161536,S15,5,0,tradaug,2026
4891,161600,S15,5,5,tradaug,2026
4892,161664,S15,5,5,tradaug,2026
4893,161728,S15,5,7,tradaug,2026
4894,161792,S15,5,0,tradaug,2026
4895,161856,S15,5,5,tradaug,2026
4896,161920,S15,5,7,tradaug,2026
4897,161984,S15,5,7,tradaug,2026
4898,162048,S15,5,5,tradaug,2026
4899,162112,S15,5,7,tradaug,2026
4900,162176,S15,5,5,tradaug,2026
4901,162240,S15,5,5,tradaug,2026
4902,162304,S15,5,7,tradaug,2026
4903,162368,S15,5,0,tradaug,2026
4904,162432,S15,5,5,tradaug,2026
4905,162496,S15,5,5,tradaug,2026
4906,162560,S15,5,5,tradaug,2026
4907,162624,S15,5,5,tradaug,2026
4908,162688,S15,5,5,tradaug,2026
4909,162752,S15,5,5,tradaug,2026
4910,162816,S15,5,5,tradaug,2026
4911,162880,S15,5,2,tradaug,2026
4912,162944,S15,5,5,tradaug,2026
4913,163008,S15,5,5,tradaug,2026
4914,163072,S15,5,5,tradaug,2026
4915,163136,S15,5,2,tradaug,2026
4916,163200,S15,5,7,tradaug,2026
4917,163264,S15,5,5,tradaug,2026
4918,163328,S15,5,5,tradaug,2026
4919,163392,S15,5,5,tradaug,2026
4920,163456,S15,5,5,tradaug,2026
4921,163520,S15,5,2,tradaug,2026
4922,163584,S15,5,7,tradaug,2026
4923,163648,S15,5,5,tradaug,2026
4924,163712,S15,5,5,tradaug,2026
4925,163776,S15,5,5,tradaug,2026
4926,163840,S15,5,5,tradaug,2026
4927,163904,S15,5,7,tradaug,2026
4928,163968,S15,5,5,tradaug,2026
4929,164032,S15,5,4,tradaug,2026
4930,164096,S15,5,7,tradaug,2026
4931,164160,S15,5,5,tradaug,2026
4932,164224,S15,5,5,tradaug,2026
4933,164288,S15,5,7,tradaug,2026
4934,164352,S15,5,5,tradaug,2026
4935,164416,S15,5,5,tradaug,2026
4936,164480,S15,5,5,tradaug,2026
4937,164544,S15,5,5,tradaug,2026
4938,164608,S15,5,5,tradaug,2026
4939,164672,S15,5,5,tradaug,2026
4940,164736,S15,5,5,tradaug,2026
4941,164800,S15,5,5,tradaug,2026
4942,164864,S15,5,5,tradaug,2026
4943,164928,S15,5,5,tradaug,2026
4944,164992,S15,5,5,tradaug,2026
4945,165056,S15,5,5,tradaug,2026
4946,165120,S15,5,5,tradaug,2026
4947,165184,S15,5,5,tradaug,2026
4948,165248,S15,5,7,tradaug,2026
4949,165312,S15,5,7,tradaug,2026
4950,165376,S15,5,5,tradaug,2026
4951,165440,S15,5,5,tradaug,2026
4952,165504,S15,5,0,tradaug,2026
4953,165568,S15,5,5,tradaug,2026
4954,165632,S15,5,5,tradaug,2026
4955,165696,S15,5,7,tradaug,2026
4956,165760,S15,5,4,tradaug,2026
4957,165824,S15,5,5,tradaug,2026
4958,165888,S15,5,5,tradaug,2026
4959,165952,S15,5,5,tradaug,2026
4960,166016,S15,5,7,tradaug,2026
4961,166080,S15,5,7,tradaug,2026
4962,166144,S15,5,5,tradaug,2026
4963,166208,S15,5,5,tradaug,2026
4964,166272,S15,5,0,tradaug,2026
4965,166336,S15,5,5,tradaug,2026
4966,166400,S15,5,5,tradaug,2026
4967,166464,S15,5,5,tradaug,2026
4968,166528,S15,5,5,tradaug,2026
4969,166592,S15,5,4,tradaug,2026
4970,166656,S15,5,7,tradaug,2026
4971,166720,S15,5,5,tradaug,2026
4972,166784,S15,5,7,tradaug,2026
4973,166848,S15,5,5,tradaug,2026
4974,166912,S15,5,5,tradaug,2026
4975,166976,S15,5,5,tradaug,2026
4976,167040,S15,5,7,tradaug,2026
4977,167104,S15,5,5,tradaug,2026
4978,167168,S15,5,5,tradaug,2026
4979,167232,S15,5,5,tradaug,2026
4980,167296,S15,5,5,tradaug,2026
4981,167360,S15,5,5,tradaug,2026
4982,167424,S15,5,5,tradaug,2026
4983,167488,S15,5,5,tradaug,2026
4984,167552,S15,5,5,tradaug,2026
4985,167616,S15,5,5,tradaug,2026
4986,167680,S15,5,5,tradaug,2026
4987,167744,S15,5,5,tradaug,2026
4988,167808,S15,5,5,tradaug,2026
4989,167872,S15,5,5,tradaug,2026
4990,167936,S15,5,5,tradaug,2026
4991,168000,S15,5,5,tradaug,2026
4992,168064,S15,5,5,tradaug,2026
4993,168128,S15,5,5,tradaug,2026
4994,168192,S15,5,0,tradaug,2026
4995,168256,S15,5,5,tradaug,2026
4996,168320,S15,5,5,tradaug,2026
4997,168384,S15,5,5,tradaug,2026
4998,168448,S15,5,5,tradaug,2026
4999,168512,S15,5,5,tradaug,2026
5000,168576,S15,5,5,tradaug,2026
5001,168640,S15,5,5,tradaug,2026
5002,168704,S15,5,5,tradaug,2026
5003,168768,S15,5,5,tradaug,2026
5004,168832,S15,5,7,tradaug,2026
5005,168896,S15,5,7,tradaug,2026
5006,168960,S15,5,5,tradaug,2026
5007,169024,S15,5,5,tradaug,2026
5008,169088,S15,5,5,tradaug,2026
5009,169152,S15,5,5,tradaug,2026
5010,169216,S15,5,5,tradaug,2026
5011,169280,S15,5,5,tradaug,2026
5012,169344,S15,5,7,tradaug,2026
5013,169408,S15,5,5,tradaug,2026
5014,169472,S15,5,7,tradaug,2026
5015,169536,S15,5,5,tradaug,2026
5016,169600,S15,5,5,tradaug,2026
5017,169664,S15,5,5,tradaug,2026
5018,169728,S15,5,5,tradaug,2026
5019,169792,S15,5,5,tradaug,2026
5020,169856,S15,5,5,tradaug,2026
5021,169920,S15,5,7,tradaug,2026
5022,169984,S15,5,5,tradaug,2026
5023,170048,S15,5,4,tradaug,2026
5024,170112,S15,5,5,tradaug,2026
5025,170176,S15,5,4,tradaug,2026
5026,170240,S15,5,4,tradaug,2026
5027,170304,S15,5,4,tradaug,2026
5028,170368,S15,5,5,tradaug,2026
5029,170432,S15,5,5,tradaug,2026
5030,170496,S15,5,5,tradaug,2026
5031,170560,S15,5,5,tradaug,2026
5032,170624,S15,5,5,tradaug,2026
5033,170688,S15,5,5,tradaug,2026
5034,170752,S15,5,5,tradaug,2026
5035,170816,S15,5,4,tradaug,2026
5036,170880,S15,5,5,tradaug,2026
5037,170944,S15,5,7,tradaug,2026
5038,171008,S15,5,5,tradaug,2026
5039,171072,S15,5,5,tradaug,2026
5040,171136,S15,5,5,tradaug,2026
5041,171200,S15,5,5,tradaug,2026
5042,171264,S15,5,5,tradaug,2026
5043,171328,S15,5,5,tradaug,2026
5044,171392,S15,5,5,tradaug,2026
5045,171456,S15,5,5,tradaug,2026
5046,171520,S15,5,5,tradaug,2026
5047,171584,S15,5,5,tradaug,2026
5048,171648,S15,5,5,tradaug,2026
5049,171712,S15,5,5,tradaug,2026
5050,171776,S15,5,5,tradaug,2026
5051,171840,S15,5,5,tradaug,2026
5052,171904,S15,5,5,tradaug,2026
5053,171968,S15,5,5,tradaug,2026
5054,172032,S15,5,5,tradaug,2026
5055,172096,S15,5,5,tradaug,2026
5056,172160,S15,5,5,tradaug,2026
5057,172224,S15,5,5,tradaug,2026
5058,172288,S15,5,5,tradaug,2026
5059,172352,S15,5,5,tradaug,2026
5060,172416,S15,5,4,tradaug,2026
5061,172480,S15,5,5,tradaug,2026
5062,172544,S15,5,5,tradaug,2026
5063,172608,S15,5,5,tradaug,2026
5064,172672,S15,5,5,tradaug,2026
5065,172736,S15,5,7,tradaug,2026
5066,172800,S15,5,5,tradaug,2026
5067,172864,S15,5,4,tradaug,2026
5068,172928,S15,5,2,tradaug,2026
5069,172992,S15,5,5,tradaug,2026
5070,173056,S15,5,5,tradaug,2026
5071,173120,S15,5,5,tradaug,2026
5072,173184,S15,5,5,tradaug,2026
5073,173248,S15,5,5,tradaug,2026
5074,173312,S15,5,0,tradaug,2026
5075,173376,S15,5,5,tradaug,2026
5076,173440,S15,5,5,tradaug,2026
5077,173504,S15,5,5,tradaug,2026
5078,173568,S15,5,5,tradaug,2026
5079,173632,S15,5,5,tradaug,2026
5080,173696,S15,5,5,tradaug,2026
5081,173760,S15,5,5,tradaug,2026
5082,173824,S15,5,4,tradaug,2026
5083,173888,S15,5,7,tradaug,2026
5084,173952,S15,5,5,tradaug,2026
5085,174016,S15,5,5,tradaug,2026
5086,174080,S15,5,5,tradaug,2026
5087,174144,S15,5,7,tradaug,2026
5088,174208,S15,5,0,tradaug,2026
5089,174272,S15,5,5,tradaug,2026
5090,174336,S15,5,5,tradaug,2026
5091,174400,S15,5,5,tradaug,2026
5092,174464,S15,5,5,tradaug,2026
5093,174528,S15,5,5,tradaug,2026
5094,174592,S15,5,5,tradaug,2026
5095,174656,S15,5,5,tradaug,2026
5096,174720,S15,5,4,tradaug,2026
5097,174784,S15,5,5,tradaug,2026
5098,174848,S15,5,0,tradaug,2026
5099,174912,S15,5,5,tradaug,2026
5100,174976,S15,5,5,tradaug,2026
5101,175040,S15,5,5,tradaug,2026
5102,175104,S15,5,5,tradaug,2026
5103,175168,S15,5,5,tradaug,2026
5104,175232,S15,5,5,tradaug,2026
5105,175296,S15,5,5,tradaug,2026
5106,175360,S15,5,7,tradaug,2026
5107,175424,S15,5,5,tradaug,2026
5108,175488,S15,5,5,tradaug,2026
5109,175552,S15,5,7,tradaug,2026
5110,175616,S15,5,7,tradaug,2026
5111,175680,S15,5,5,tradaug,2026
5112,175744,S15,5,7,tradaug,2026
5113,175808,S15,5,5,tradaug,2026
5114,175872,S15,5,5,tradaug,2026
5115,175936,S15,5,2,tradaug,2026
5116,176000,S15,5,2,tradaug,2026
5117,176064,S15,5,5,tradaug,2026
5118,176128,S15,5,5,tradaug,2026
5119,176192,S15,5,2,tradaug,2026
5120,176256,S15,5,5,tradaug,2026
5121,176320,S15,5,7,tradaug,2026
5122,176384,S15,5,5,tradaug,2026
5123,176448,S15,5,5,tradaug,2026
5124,176512,S15,5,5,tradaug,2026
5125,176576,S15,5,5,tradaug,2026
5126,176640,S15,5,4,tradaug,2026
5127,176704,S15,5,5,tradaug,2026
5128,176768,S15,5,7,tradaug,2026
5129,176832,S15,5,7,tradaug,2026
5130,176896,S15,5,5,tradaug,2026
5131,176960,S15,5,5,tradaug,2026
5132,177024,S15,5,7,tradaug,2026
5133,177088,S15,5,7,tradaug,2026
5134,177152,S15,5,5,tradaug,2026
5135,177216,S15,5,5,tradaug,2026
5136,177280,S15,5,5,tradaug,2026
5137,177344,S15,5,5,tradaug,2026
5138,177408,S15,5,5,tradaug,2026
5139,177472,S15,5,5,tradaug,2026
5140,177536,S15,5,5,tradaug,2026
5141,177600,S15,5,5,tradaug,2026
5142,177664,S15,5,5,tradaug,2026
5143,177728,S15,5,5,tradaug,2026
5144,177792,S15,5,5,tradaug,2026
5145,177856,S15,5,5,tradaug,2026
5146,177920,S15,5,5,tradaug,2026
5147,177984,S15,5,5,tradaug,2026
5148,178048,S15,5,5,tradaug,2026
5149,178112,S15,5,7,tradaug,2026
5150,178176,S15,5,5,tradaug,2026
5151,178240,S15,5,5,tradaug,2026
5152,178304,S15,5,7,tradaug,2026
5153,178368,S15,5,5,tradaug,2026
5154,178432,S15,5,5,tradaug,2026
5155,178496,S15,5,7,tradaug,2026
5156,178560,S15,5,5,tradaug,2026
5157,178624,S15,5,5,tradaug,2026
5158,178688,S15,5,5,tradaug,2026
5159,178752,S15,5,5,tradaug,2026
5160,178816,S15,5,7,tradaug,2026
5161,178880,S15,5,5,tradaug,2026
5162,178944,S15,5,5,tradaug,2026
5163,179008,S15,5,2,tradaug,2026
5164,179072,S15,5,5,tradaug,2026
5165,179136,S15,5,5,tradaug,2026
5166,179200,S15,5,5,tradaug,2026
5167,179264,S15,5,7,tradaug,2026
5168,179328,S15,5,4,tradaug,2026
5169,179392,S15,5,7,tradaug,2026
5170,179456,S15,5,5,tradaug,2026
5171,179520,S15,5,5,tradaug,2026
5172,179584,S15,5,5,tradaug,2026
5173,179648,S15,5,5,tradaug,2026
5174,179712,S15,5,2,tradaug,2026
5175,179776,S15,5,5,tradaug,2026
5176,179840,S15,5,5,tradaug,2026
5177,179904,S15,5,5,tradaug,2026
5178,179968,S15,5,7,tradaug,2026
5179,180032,S15,5,5,tradaug,2026
5180,180096,S15,5,5,tradaug,2026
5181,180160,S15,5,5,tradaug,2026
5182,180224,S15,5,5,tradaug,2026
5183,180480,S15,6,1,tradaug,2026
5184,180544,S15,6,6,tradaug,2026
5185,180608,S15,6,5,tradaug,2026
5186,180672,S15,6,6,tradaug,2026
5187,180736,S15,6,5,tradaug,2026
5188,180800,S15,6,5,tradaug,2026
5189,180864,S15,6,5,tradaug,2026
5190,180928,S15,6,5,tradaug,2026
5191,180992,S15,6,0,tradaug,2026
5192,181056,S15,6,0,tradaug,2026
5193,181120,S15,6,5,tradaug,2026
5194,181184,S15,6,5,tradaug,2026
5195,181248,S15,6,5,tradaug,2026
5196,181312,S15,6,5,tradaug,2026
5197,181376,S15,6,5,tradaug,2026
5198,181440,S15,6,1,tradaug,2026
5199,181504,S15,6,7,tradaug,2026
5200,181568,S15,6,0,tradaug,2026
5201,181632,S15,6,0,tradaug,2026
5202,181696,S15,6,5,tradaug,2026
5203,181760,S15,6,7,tradaug,2026
5204,181824,S15,6,7,tradaug,2026
5205,181888,S15,6,6,tradaug,2026
5206,181952,S15,6,1,tradaug,2026
5207,182016,S15,6,4,tradaug,2026
5208,182080,S15,6,1,tradaug,2026
5209,182144,S15,6,0,tradaug,2026
5210,182208,S15,6,0,tradaug,2026
5211,182272,S15,6,0,tradaug,2026
5212,182336,S15,6,5,tradaug,2026
5213,182400,S15,6,7,tradaug,2026
5214,182464,S15,6,5,tradaug,2026
5215,182528,S15,6,5,tradaug,2026
5216,182592,S15,6,0,tradaug,2026
5217,182656,S15,6,5,tradaug,2026
5218,182720,S15,6,6,tradaug,2026
5219,182784,S15,6,6,tradaug,2026
5220,182848,S15,6,5,tradaug,2026
5221,182912,S15,6,5,tradaug,2026
5222,182976,S15,6,1,tradaug,2026
5223,183040,S15,6,5,tradaug,2026
5224,183104,S15,6,5,tradaug,2026
5225,183168,S15,6,5,tradaug,2026
5226,183232,S15,6,5,tradaug,2026
5227,183296,S15,6,5,tradaug,2026
5228,183360,S15,6,5,tradaug,2026
5229,183424,S15,6,1,tradaug,2026
5230,183488,S15,6,1,tradaug,2026
5231,183552,S15,6,1,tradaug,2026
5232,183616,S15,6,5,tradaug,2026
5233,183680,S15,6,1,tradaug,2026
5234,183744,S15,6,5,tradaug,2026
5235,183808,S15,6,5,tradaug,2026
5236,183872,S15,6,5,tradaug,2026
5237,183936,S15,6,7,tradaug,2026
5238,184000,S15,6,5,tradaug,2026
5239,184064,S15,6,7,tradaug,2026
5240,184128,S15,6,1,tradaug,2026
5241,184192,S15,6,5,tradaug,2026
5242,184256,S15,6,7,tradaug,2026
5243,184320,S15,6,1,tradaug,2026
5244,184384,S15,6,5,tradaug,2026
5245,184448,S15,6,2,tradaug,2026
5246,184512,S15,6,1,tradaug,2026
5247,184576,S15,6,6,tradaug,2026
5248,184640,S15,6,5,tradaug,2026
5249,184704,S15,6,5,tradaug,2026
5250,184768,S15,6,5,tradaug,2026
5251,184832,S15,6,5,tradaug,2026
5252,184896,S15,6,6,tradaug,2026
5253,184960,S15,6,5,tradaug,2026
5254,185024,S15,6,5,tradaug,2026
5255,185088,S15,6,7,tradaug,2026
5256,185152,S15,6,5,tradaug,2026
5257,185216,S15,6,5,tradaug,2026
5258,185280,S15,6,6,tradaug,2026
5259,185344,S15,6,5,tradaug,2026
5260,185408,S15,6,5,tradaug,2026
5261,185472,S15,6,5,tradaug,2026
5262,185536,S15,6,5,tradaug,2026
5263,185600,S15,6,5,tradaug,2026
5264,185664,S15,6,5,tradaug,2026
5265,185728,S15,6,5,tradaug,2026
5266,185792,S15,6,1,tradaug,2026
5267,185856,S15,6,5,tradaug,2026
5268,185920,S15,6,1,tradaug,2026
5269,185984,S15,6,1,tradaug,2026
5270,186048,S15,6,1,tradaug,2026
5271,186112,S15,6,1,tradaug,2026
5272,186176,S15,6,5,tradaug,2026
5273,186240,S15,6,0,tradaug,2026
5274,186304,S15,6,5,tradaug,2026
5275,186368,S15,6,5,tradaug,2026
5276,186432,S15,6,5,tradaug,2026
5277,186496,S15,6,5,tradaug,2026
5278,186560,S15,6,1,tradaug,2026
5279,186624,S15,6,6,tradaug,2026
5280,186688,S15,6,1,tradaug,2026
5281,186752,S15,6,5,tradaug,2026
5282,186816,S15,6,5,tradaug,2026
5283,186880,S15,6,5,tradaug,2026
5284,186944,S15,6,5,tradaug,2026
5285,187008,S15,6,6,tradaug,2026
5286,187072,S15,6,1,tradaug,2026
5287,187136,S15,6,6,tradaug,2026
5288,187200,S15,6,6,tradaug,2026
5289,187264,S15,6,5,tradaug,2026
5290,187328,S15,6,0,tradaug,2026
5291,187392,S15,6,5,tradaug,2026
5292,187456,S15,6,5,tradaug,2026
5293,187520,S15,6,0,tradaug,2026
5294,187584,S15,6,5,tradaug,2026
5295,187648,S15,6,0,tradaug,2026
5296,187712,S15,6,1,tradaug,2026
5297,187776,S15,6,1,tradaug,2026
5298,187840,S15,6,1,tradaug,2026
5299,187904,S15,6,1,tradaug,2026
5300,187968,S15,6,5,tradaug,2026
5301,188032,S15,6,1,tradaug,2026
5302,188096,S15,6,5,tradaug,2026
5303,188160,S15,6,5,tradaug,2026
5304,188224,S15,6,5,tradaug,2026
5305,188288,S15,6,1,tradaug,2026
5306,188352,S15,6,5,tradaug,2026
5307,188416,S15,6,1,tradaug,2026
5308,188480,S15,6,5,tradaug,2026
5309,188544,S15,6,0,tradaug,2026
5310,188608,S15,6,6,tradaug,2026
5311,188672,S15,6,6,tradaug,2026
5312,188736,S15,6,1,tradaug,2026
5313,188800,S15,6,5,tradaug,2026
5314,188864,S15,6,5,tradaug,2026
5315,188928,S15,6,6,tradaug,2026
5316,188992,S15,6,5,tradaug,2026
5317,189056,S15,6,0,tradaug,2026
5318,189120,S15,6,5,tradaug,2026
5319,189184,S15,6,7,tradaug,2026
5320,189248,S15,6,5,tradaug,2026
5321,189312,S15,6,6,tradaug,2026
5322,189376,S15,6,6,tradaug,2026
5323,189440,S15,6,5,tradaug,2026
5324,189504,S15,6,7,tradaug,2026
5325,189568,S15,6,5,tradaug,2026
5326,189632,S15,6,4,tradaug,2026
5327,189696,S15,6,5,tradaug,2026
5328,189760,S15,6,1,tradaug,2026
5329,189824,S15,6,5,tradaug,2026
5330,189888,S15,6,5,tradaug,2026
5331,189952,S15,6,6,tradaug,2026
5332,190016,S15,6,6,tradaug,2026
5333,190080,S15,6,5,tradaug,2026
5334,190144,S15,6,0,tradaug,2026
5335,190208,S15,6,1,tradaug,2026
5336,190272,S15,6,0,tradaug,2026
5337,190336,S15,6,6,tradaug,2026
5338,190400,S15,6,1,tradaug,2026
5339,190464,S15,6,0,tradaug,2026
5340,190528,S15,6,5,tradaug,2026
5341,190592,S15,6,5,tradaug,2026
5342,190656,S15,6,0,tradaug,2026
5343,190720,S15,6,6,tradaug,2026
5344,190784,S15,6,5,tradaug,2026
5345,190848,S15,6,5,tradaug,2026
5346,190912,S15,6,6,tradaug,2026
5347,190976,S15,6,1,tradaug,2026
5348,191040,S15,6,5,tradaug,2026
5349,191104,S15,6,2,tradaug,2026
5350,191168,S15,6,6,tradaug,2026
5351,191232,S15,6,7,tradaug,2026
5352,191296,S15,6,5,tradaug,2026
5353,191360,S15,6,6,tradaug,2026
5354,191424,S15,6,0,tradaug,2026
5355,191488,S15,6,6,tradaug,2026
5356,191552,S15,6,0,tradaug,2026
5357,191616,S15,6,6,tradaug,2026
5358,191680,S15,6,0,tradaug,2026
5359,191744,S15,6,5,tradaug,2026
5360,191808,S15,6,5,tradaug,2026
5361,191872,S15,6,6,tradaug,2026
5362,191936,S15,6,5,tradaug,2026
5363,192000,S15,6,5,tradaug,2026
5364,192064,S15,6,5,tradaug,2026
5365,192128,S15,6,0,tradaug,2026
5366,192192,S15,6,5,tradaug,2026
5367,192256,S15,6,7,tradaug,2026
5368,192320,S15,6,2,tradaug,2026
5369,192384,S15,6,4,tradaug,2026
5370,192448,S15,6,1,tradaug,2026
5371,192512,S15,6,5,tradaug,2026
5372,192576,S15,6,0,tradaug,2026
5373,192640,S15,6,5,tradaug,2026
5374,192704,S15,6,5,tradaug,2026
5375,192768,S15,6,5,tradaug,2026
5376,192832,S15,6,6,tradaug,2026
5377,192896,S15,6,7,tradaug,2026
5378,192960,S15,6,5,tradaug,2026
5379,193024,S15,6,5,tradaug,2026
5380,193088,S15,6,5,tradaug,2026
5381,193152,S15,6,5,tradaug,2026
5382,193216,S15,6,5,tradaug,2026
5383,193280,S15,6,5,tradaug,2026
5384,193344,S15,6,0,tradaug,2026
5385,193408,S15,6,5,tradaug,2026
5386,193472,S15,6,5,tradaug,2026
5387,193536,S15,6,6,tradaug,2026
5388,193600,S15,6,5,tradaug,2026
5389,193664,S15,6,5,tradaug,2026
5390,193728,S15,6,5,tradaug,2026
5391,193792,S15,6,0,tradaug,2026
5392,193856,S15,6,0,tradaug,2026
5393,193920,S15,6,5,tradaug,2026
5394,193984,S15,6,7,tradaug,2026
5395,194048,S15,6,0,tradaug,2026
5396,194112,S15,6,1,tradaug,2026
5397,194176,S15,6,5,tradaug,2026
5398,194240,S15,6,1,tradaug,2026
5399,194304,S15,6,6,tradaug,2026
5400,194368,S15,6,1,tradaug,2026
5401,194432,S15,6,1,tradaug,2026
5402,194496,S15,6,1,tradaug,2026
5403,194560,S15,6,5,tradaug,2026
5404,194624,S15,6,0,tradaug,2026
5405,194688,S15,6,1,tradaug,2026
5406,194752,S15,6,5,tradaug,2026
5407,194816,S15,6,5,tradaug,2026
5408,194880,S15,6,0,tradaug,2026
5409,194944,S15,6,5,tradaug,2026
5410,195008,S15,6,0,tradaug,2026
5411,195072,S15,6,5,tradaug,2026
5412,195136,S15,6,5,tradaug,2026
5413,195200,S15,6,5,tradaug,2026
5414,195264,S15,6,5,tradaug,2026
5415,195328,S15,6,0,tradaug,2026
5416,195392,S15,6,1,tradaug,2026
5417,195456,S15,6,6,tradaug,2026
5418,195520,S15,6,5,tradaug,2026
5419,195584,S15,6,5,tradaug,2026
5420,195648,S15,6,0,tradaug,2026
5421,195712,S15,6,5,tradaug,2026
5422,195776,S15,6,5,tradaug,2026
5423,195840,S15,6,5,tradaug,2026
5424,195904,S15,6,5,tradaug,2026
5425,195968,S15,6,5,tradaug,2026
5426,196032,S15,6,7,tradaug,2026
5427,196096,S15,6,5,tradaug,2026
5428,196160,S15,6,6,tradaug,2026
5429,196224,S15,6,0,tradaug,2026
5430,196288,S15,6,0,tradaug,2026
5431,196352,S15,6,5,tradaug,2026
5432,196416,S15,6,0,tradaug,2026
5433,196480,S15,6,6,tradaug,2026
5434,196544,S15,6,1,tradaug,2026
5435,196608,S15,6,0,tradaug,2026
5436,196672,S15,6,5,tradaug,2026
5437,196736,S15,6,1,tradaug,2026
5438,196800,S15,6,5,tradaug,2026
5439,196864,S15,6,5,tradaug,2026
5440,196928,S15,6,1,tradaug,2026
5441,196992,S15,6,5,tradaug,2026
5442,197056,S15,6,1,tradaug,2026
5443,197120,S15,6,5,tradaug,2026
5444,197184,S15,6,5,tradaug,2026
5445,197248,S15,6,5,tradaug,2026
5446,197312,S15,6,5,tradaug,2026
5447,197376,S15,6,5,tradaug,2026
5448,197440,S15,6,6,tradaug,2026
5449,197504,S15,6,5,tradaug,2026
5450,197568,S15,6,5,tradaug,2026
5451,197632,S15,6,5,tradaug,2026
5452,197696,S15,6,1,tradaug,2026
5453,197760,S15,6,1,tradaug,2026
5454,197824,S15,6,5,tradaug,2026
5455,197888,S15,6,4,tradaug,2026
5456,197952,S15,6,5,tradaug,2026
5457,198016,S15,6,6,tradaug,2026
5458,198080,S15,6,5,tradaug,2026
5459,198144,S15,6,5,tradaug,2026
5460,198208,S15,6,2,tradaug,2026
5461,198272,S15,6,5,tradaug,2026
5462,198336,S15,6,5,tradaug,2026
5463,198400,S15,6,1,tradaug,2026
5464,198464,S15,6,1,tradaug,2026
5465,198528,S15,6,0,tradaug,2026
5466,198592,S15,6,1,tradaug,2026
5467,198656,S15,6,5,tradaug,2026
5468,198720,S15,6,2,tradaug,2026
5469,198784,S15,6,5,tradaug,2026
5470,198848,S15,6,5,tradaug,2026
5471,198912,S15,6,5,tradaug,2026
5472,198976,S15,6,5,tradaug,2026
5473,199040,S15,6,5,tradaug,2026
5474,199104,S15,6,5,tradaug,2026
5475,199168,S15,6,5,tradaug,2026
5476,199232,S15,6,0,tradaug,2026
5477,199296,S15,6,1,tradaug,2026
5478,199360,S15,6,5,tradaug,2026
5479,199424,S15,6,5,tradaug,2026
5480,199488,S15,6,5,tradaug,2026
5481,199552,S15,6,5,tradaug,2026
5482,199616,S15,6,0,tradaug,2026
5483,199680,S15,6,5,tradaug,2026
5484,199744,S15,6,5,tradaug,2026
5485,199808,S15,6,1,tradaug,2026
5486,199872,S15,6,4,tradaug,2026
5487,199936,S15,6,5,tradaug,2026
5488,200000,S15,6,2,tradaug,2026
5489,200064,S15,6,5,tradaug,2026
5490,200128,S15,6,5,tradaug,2026
5491,200192,S15,6,5,tradaug,2026
5492,200256,S15,6,6,tradaug,2026
5493,200320,S15,6,6,tradaug,2026
5494,200384,S15,6,1,tradaug,2026
5495,200448,S15,6,1,tradaug,2026
5496,200512,S15,6,5,tradaug,2026
5497,200576,S15,6,5,tradaug,2026
5498,200640,S15,6,5,tradaug,2026
5499,200704,S15,6,5,tradaug,2026
5500,200768,S15,6,1,tradaug,2026
5501,200832,S15,6,5,tradaug,2026
5502,200896,S15,6,5,tradaug,2026
5503,200960,S15,6,1,tradaug,2026
5504,201024,S15,6,6,tradaug,2026
5505,201088,S15,6,5,tradaug,2026
5506,201152,S15,6,5,tradaug,2026
5507,201216,S15,6,5,tradaug,2026
5508,201280,S15,6,1,tradaug,2026
5509,201344,S15,6,5,tradaug,2026
5510,209280,S15,7,2,tradaug,2026
5511,209344,S15,7,5,tradaug,2026
5512,209408,S15,7,5,tradaug,2026
5513,209472,S15,7,7,tradaug,2026
5514,209536,S15,7,7,tradaug,2026
5515,209600,S15,7,5,tradaug,2026
5516,209664,S15,7,5,tradaug,2026
5517,209728,S15,7,7,tradaug,2026
5518,209792,S15,7,5,tradaug,2026
5519,209856,S15,7,5,tradaug,2026
5520,209920,S15,7,7,tradaug,2026
5521,209984,S15,7,5,tradaug,2026
5522,210048,S15,7,5,tradaug,2026
5523,210112,S15,7,5,tradaug,2026
5524,210176,S15,7,5,tradaug,2026
5525,210240,S15,7,5,tradaug,2026
5526,210304,S15,7,5,tradaug,2026
5527,210368,S15,7,5,tradaug,2026
5528,210432,S15,7,0,tradaug,2026
5529,210496,S15,7,5,tradaug,2026
5530,210560,S15,7,7,tradaug,2026
5531,210624,S15,7,5,tradaug,2026
5532,210688,S15,7,5,tradaug,2026
5533,210752,S15,7,5,tradaug,2026
5534,210816,S15,7,5,tradaug,2026
5535,210880,S15,7,7,tradaug,2026
5536,210944,S15,7,5,tradaug,2026
5537,211008,S15,7,5,tradaug,2026
5538,211072,S15,7,5,tradaug,2026
5539,211136,S15,7,5,tradaug,2026
5540,211200,S15,7,2,tradaug,2026
5541,211264,S15,7,7,tradaug,2026
5542,211328,S15,7,5,tradaug,2026
5543,211392,S15,7,7,tradaug,2026
5544,211456,S15,7,7,tradaug,2026
5545,211520,S15,7,5,tradaug,2026
5546,211584,S15,7,4,tradaug,2026
5547,211648,S15,7,5,tradaug,2026
5548,211712,S15,7,5,tradaug,2026
5549,211776,S15,7,7,tradaug,2026
5550,211840,S15,7,5,tradaug,2026
5551,211904,S15,7,5,tradaug,2026
5552,211968,S15,7,5,tradaug,2026
5553,212032,S15,7,5,tradaug,2026
5554,212096,S15,7,5,tradaug,2026
5555,212160,S15,7,7,tradaug,2026
5556,212224,S15,7,5,tradaug,2026
5557,212288,S15,7,5,tradaug,2026
5558,212352,S15,7,4,tradaug,2026
5559,212416,S15,7,5,tradaug,2026
5560,212480,S15,7,5,tradaug,2026
5561,212544,S15,7,5,tradaug,2026
5562,212608,S15,7,5,tradaug,2026
5563,212672,S15,7,5,tradaug,2026
5564,212736,S15,7,7,tradaug,2026
5565,212800,S15,7,5,tradaug,2026
5566,212864,S15,7,7,tradaug,2026
5567,212928,S15,7,0,tradaug,2026
5568,212992,S15,7,5,tradaug,2026
5569,213056,S15,7,5,tradaug,2026
5570,213120,S15,7,5,tradaug,2026
5571,213184,S15,7,5,tradaug,2026
5572,213248,S15,7,5,tradaug,2026
5573,213312,S15,7,7,tradaug,2026
5574,213376,S15,7,7,tradaug,2026
5575,213440,S15,7,5,tradaug,2026
5576,213504,S15,7,5,tradaug,2026
5577,213568,S15,7,5,tradaug,2026
5578,213632,S15,7,5,tradaug,2026
5579,213696,S15,7,5,tradaug,2026
5580,213760,S15,7,7,tradaug,2026
5581,213824,S15,7,5,tradaug,2026
5582,213888,S15,7,5,tradaug,2026
5583,213952,S15,7,7,tradaug,2026
5584,214016,S15,7,7,tradaug,2026
5585,214080,S15,7,7,tradaug,2026
5586,214144,S15,7,5,tradaug,2026
5587,214208,S15,7,5,tradaug,2026
5588,214272,S15,7,4,tradaug,2026
5589,214336,S15,7,5,tradaug,2026
5590,214400,S15,7,5,tradaug,2026
5591,214464,S15,7,7,tradaug,2026
5592,214528,S15,7,5,tradaug,2026
5593,214592,S15,7,7,tradaug,2026
5594,214656,S15,7,5,tradaug,2026
5595,214720,S15,7,5,tradaug,2026
5596,214784,S15,7,7,tradaug,2026
5597,214848,S15,7,7,tradaug,2026
5598,214912,S15,7,7,tradaug,2026
5599,214976,S15,7,5,tradaug,2026
5600,215040,S15,7,5,tradaug,2026
5601,215104,S15,7,5,tradaug,2026
5602,215168,S15,7,7,tradaug,2026
5603,215232,S15,7,7,tradaug,2026
5604,215296,S15,7,5,tradaug,2026
5605,215360,S15,7,5,tradaug,2026
5606,215424,S15,7,5,tradaug,2026
5607,215488,S15,7,5,tradaug,2026
5608,215552,S15,7,5,tradaug,2026
5609,215616,S15,7,5,tradaug,2026
5610,215680,S15,7,4,tradaug,2026
5611,215744,S15,7,7,tradaug,2026
5612,215808,S15,7,5,tradaug,2026
5613,215872,S15,7,5,tradaug,2026
5614,215936,S15,7,7,tradaug,2026
5615,216000,S15,7,7,tradaug,2026
5616,216064,S15,7,5,tradaug,2026
5617,216128,S15,7,5,tradaug,2026
5618,216192,S15,7,7,tradaug,2026
5619,216256,S15,7,5,tradaug,2026
5620,216320,S15,7,7,tradaug,2026
5621,216384,S15,7,0,tradaug,2026
5622,216448,S15,7,5,tradaug,2026
5623,216512,S15,7,5,tradaug,2026
5624,216576,S15,7,5,tradaug,2026
5625,216640,S15,7,5,tradaug,2026
5626,216704,S15,7,5,tradaug,2026
5627,216768,S15,7,5,tradaug,2026
5628,216832,S15,7,5,tradaug,2026
5629,216896,S15,7,7,tradaug,2026
5630,216960,S15,7,5,tradaug,2026
5631,217024,S15,7,7,tradaug,2026
5632,217088,S15,7,5,tradaug,2026
5633,217152,S15,7,7,tradaug,2026
5634,217216,S15,7,5,tradaug,2026
5635,217280,S15,7,5,tradaug,2026
5636,217344,S15,7,2,tradaug,2026
5637,217408,S15,7,5,tradaug,2026
5638,217472,S15,7,5,tradaug,2026
5639,217536,S15,7,7,tradaug,2026
5640,217600,S15,7,7,tradaug,2026
5641,217664,S15,7,5,tradaug,2026
5642,217728,S15,7,7,tradaug,2026
5643,217792,S15,7,5,tradaug,2026
5644,217856,S15,7,5,tradaug,2026
5645,217920,S15,7,5,tradaug,2026
5646,217984,S15,7,5,tradaug,2026
5647,218048,S15,7,5,tradaug,2026
5648,218112,S15,7,5,tradaug,2026
5649,218176,S15,7,5,tradaug,2026
5650,218240,S15,7,5,tradaug,2026
5651,218304,S15,7,5,tradaug,2026
5652,218368,S15,7,5,tradaug,2026
5653,218432,S15,7,7,tradaug,2026
5654,218496,S15,7,5,tradaug,2026
5655,218560,S15,7,5,tradaug,2026
5656,218624,S15,7,7,tradaug,2026
5657,218688,S15,7,5,tradaug,2026
5658,218752,S15,7,5,tradaug,2026
5659,218816,S15,7,5,tradaug,2026
5660,218880,S15,7,5,tradaug,2026
5661,218944,S15,7,5,tradaug,2026
5662,219008,S15,7,5,tradaug,2026
5663,219072,S15,7,5,tradaug,2026
5664,219136,S15,7,7,tradaug,2026
5665,219200,S15,7,4,tradaug,2026
5666,219264,S15,7,7,tradaug,2026
5667,219328,S15,7,5,tradaug,2026
5668,219392,S15,7,5,tradaug,2026
5669,219456,S15,7,5,tradaug,2026
5670,219520,S15,7,7,tradaug,2026
5671,219584,S15,7,5,tradaug,2026
5672,219648,S15,7,7,tradaug,2026
5673,219712,S15,7,5,tradaug,2026
5674,219776,S15,7,5,tradaug,2026
5675,219840,S15,7,7,tradaug,2026
5676,219904,S15,7,5,tradaug,2026
5677,219968,S15,7,7,tradaug,2026
5678,220032,S15,7,5,tradaug,2026
5679,220096,S15,7,5,tradaug,2026
5680,220160,S15,7,5,tradaug,2026
5681,220224,S15,7,7,tradaug,2026
5682,220288,S15,7,5,tradaug,2026
5683,220352,S15,7,5,tradaug,2026
5684,220416,S15,7,5,tradaug,2026
5685,220480,S15,7,5,tradaug,2026
5686,220544,S15,7,7,tradaug,2026
5687,220608,S15,7,5,tradaug,2026
5688,220672,S15,7,5,tradaug,2026
5689,220736,S15,7,2,tradaug,2026
5690,220800,S15,7,5,tradaug,2026
5691,220864,S15,7,5,tradaug,2026
5692,220928,S15,7,0,tradaug,2026
5693,220992,S15,7,7,tradaug,2026
5694,221056,S15,7,5,tradaug,2026
5695,221120,S15,7,5,tradaug,2026
5696,221184,S15,7,7,tradaug,2026
5697,221248,S15,7,7,tradaug,2026
5698,221312,S15,7,7,tradaug,2026
5699,221376,S15,7,5,tradaug,2026
5700,221440,S15,7,5,tradaug,2026
5701,221504,S15,7,5,tradaug,2026
5702,221568,S15,7,5,tradaug,2026
5703,221632,S15,7,5,tradaug,2026
5704,221696,S15,7,2,tradaug,2026
5705,221760,S15,7,4,tradaug,2026
5706,221824,S15,7,5,tradaug,2026
5707,221888,S15,7,5,tradaug,2026
5708,221952,S15,7,7,tradaug,2026
5709,222016,S15,7,5,tradaug,2026
5710,222080,S15,7,5,tradaug,2026
5711,222144,S15,7,5,tradaug,2026
5712,222208,S15,7,7,tradaug,2026
5713,222272,S15,7,0,tradaug,2026
5714,222336,S15,7,5,tradaug,2026
5715,222400,S15,7,5,tradaug,2026
5716,222464,S15,7,7,tradaug,2026
5717,222528,S15,7,5,tradaug,2026
5718,222592,S15,7,5,tradaug,2026
5719,222656,S15,7,5,tradaug,2026
5720,222720,S15,7,7,tradaug,2026
5721,222784,S15,7,7,tradaug,2026
5722,222848,S15,7,5,tradaug,2026
5723,222912,S15,7,5,tradaug,2026
5724,222976,S15,7,5,tradaug,2026
5725,223040,S15,7,5,tradaug,2026
5726,223104,S15,7,5,tradaug,2026
5727,223168,S15,7,5,tradaug,2026
5728,223232,S15,7,7,tradaug,2026
5729,223296,S15,7,5,tradaug,2026
5730,223360,S15,7,7,tradaug,2026
5731,223424,S15,7,5,tradaug,2026
5732,223488,S15,7,7,tradaug,2026
5733,223552,S15,7,7,tradaug,2026
5734,223616,S15,7,5,tradaug,2026
5735,223680,S15,7,5,tradaug,2026
5736,223744,S15,7,5,tradaug,2026
5737,223808,S15,7,0,tradaug,2026
5738,223872,S15,7,5,tradaug,2026
5739,223936,S15,7,5,tradaug,2026
5740,224000,S15,7,5,tradaug,2026
5741,224064,S15,7,5,tradaug,2026
5742,224128,S15,7,5,tradaug,2026
5743,224192,S15,7,5,tradaug,2026
5744,224256,S15,7,5,tradaug,2026
5745,224320,S15,7,5,tradaug,2026
5746,224384,S15,7,5,tradaug,2026
5747,224448,S15,7,7,tradaug,2026
5748,224512,S15,7,5,tradaug,2026
5749,224576,S15,7,5,tradaug,2026
5750,224640,S15,7,7,tradaug,2026
5751,224704,S15,7,7,tradaug,2026
5752,224768,S15,7,5,tradaug,2026
5753,224832,S15,7,5,tradaug,2026
5754,224896,S15,7,5,tradaug,2026
5755,224960,S15,7,7,tradaug,2026
5756,225024,S15,7,5,tradaug,2026
5757,225088,S15,7,5,tradaug,2026
5758,225152,S15,7,5,tradaug,2026
5759,225216,S15,7,5,tradaug,2026
5760,225280,S15,7,5,tradaug,2026
5761,225344,S15,7,5,tradaug,2026
5762,225408,S15,7,5,tradaug,2026
5763,225472,S15,7,5,tradaug,2026
5764,225536,S15,7,7,tradaug,2026
5765,225600,S15,7,7,tradaug,2026
5766,225664,S15,7,7,tradaug,2026
5767,225728,S15,7,7,tradaug,2026
5768,225792,S15,7,5,tradaug,2026
5769,225856,S15,7,7,tradaug,2026
5770,225920,S15,7,5,tradaug,2026
5771,225984,S15,7,7,tradaug,2026
5772,226048,S15,7,5,tradaug,2026
5773,226112,S15,7,7,tradaug,2026
5774,226176,S15,7,5,tradaug,2026
5775,226240,S15,7,5,tradaug,2026
5776,226304,S15,7,5,tradaug,2026
5777,226368,S15,7,7,tradaug,2026
5778,226432,S15,7,5,tradaug,2026
5779,226496,S15,7,5,tradaug,2026
5780,226560,S15,7,7,tradaug,2026
5781,226624,S15,7,5,tradaug,2026
5782,226688,S15,7,4,tradaug,2026
5783,226752,S15,7,5,tradaug,2026
5784,226816,S15,7,5,tradaug,2026
5785,226880,S15,7,5,tradaug,2026
5786,226944,S15,7,5,tradaug,2026
5787,227008,S15,7,5,tradaug,2026
5788,227072,S15,7,5,tradaug,2026
5789,227136,S15,7,5,tradaug,2026
5790,227200,S15,7,4,tradaug,2026
5791,227264,S15,7,5,tradaug,2026
5792,227328,S15,7,7,tradaug,2026
5793,227392,S15,7,5,tradaug,2026
5794,227456,S15,7,7,tradaug,2026
5795,227520,S15,7,5,tradaug,2026
5796,227584,S15,7,7,tradaug,2026
5797,227648,S15,7,5,tradaug,2026
5798,227712,S15,7,5,tradaug,2026
5799,227776,S15,7,5,tradaug,2026
5800,227840,S15,7,5,tradaug,2026
5801,227904,S15,7,4,tradaug,2026
5802,227968,S15,7,5,tradaug,2026
5803,228032,S15,7,5,tradaug,2026
5804,228096,S15,7,5,tradaug,2026
5805,228160,S15,7,5,tradaug,2026
5806,228224,S15,7,7,tradaug,2026
5807,228288,S15,7,5,tradaug,2026
5808,228352,S15,7,5,tradaug,2026
5809,228416,S15,7,5,tradaug,2026
5810,228480,S15,7,5,tradaug,2026
5811,228544,S15,7,7,tradaug,2026
5812,228608,S15,7,7,tradaug,2026
5813,228672,S15,7,5,tradaug,2026
5814,228736,S15,7,5,tradaug,2026
5815,228800,S15,7,5,tradaug,2026
5816,228864,S15,7,5,tradaug,2026
5817,228928,S15,7,2,tradaug,2026
5818,228992,S15,7,7,tradaug,2026
5819,229056,S15,7,5,tradaug,2026
5820,229120,S15,7,5,tradaug,2026
5821,229184,S15,7,7,tradaug,2026
5822,229248,S15,7,7,tradaug,2026
5823,229312,S15,7,5,tradaug,2026
5824,229376,S15,7,7,tradaug,2026
5825,229440,S15,7,5,tradaug,2026
5826,229504,S15,7,5,tradaug,2026
5827,229568,S15,7,7,tradaug,2026
5828,229632,S15,7,5,tradaug,2026
5829,229696,S15,7,7,tradaug,2026
5830,229760,S15,7,5,tradaug,2026
5831,229824,S15,7,5,tradaug,2026
5832,229888,S15,7,5,tradaug,2026
5833,229952,S15,7,5,tradaug,2026
5834,230016,S15,7,5,tradaug,2026
5835,230080,S15,7,5,tradaug,2026
5836,230144,S15,7,5,tradaug,2026
5837,230208,S15,7,5,tradaug,2026
5838,230272,S15,7,7,tradaug,2026
5839,230336,S15,7,5,tradaug,2026
5840,230400,S15,7,7,tradaug,2026
5841,230464,S15,7,5,tradaug,2026
5842,230528,S15,7,0,tradaug,2026
5843,230592,S15,7,5,tradaug,2026
5844,230656,S15,7,5,tradaug,2026
5845,230720,S15,7,4,tradaug,2026
5846,230784,S15,7,5,tradaug,2026
5847,230848,S15,7,5,tradaug,2026
5848,230912,S15,7,5,tradaug,2026
5849,230976,S15,7,5,tradaug,2026
5850,231040,S15,7,5,tradaug,2026
5851,231104,S15,7,7,tradaug,2026
5852,231168,S15,7,5,tradaug,2026
5853,231232,S15,7,5,tradaug,2026
5854,231296,S15,7,5,tradaug,2026
5855,231360,S15,7,5,tradaug,2026
5856,231424,S15,7,7,tradaug,2026
5857,231488,S15,7,5,tradaug,2026
5858,231552,S15,7,7,tradaug,2026
5859,231616,S15,7,5,tradaug,2026
5860,231680,S15,7,5,tradaug,2026
5861,231744,S15,7,5,tradaug,2026
5862,231808,S15,7,4,tradaug,2026
5863,231872,S15,7,5,tradaug,2026
5864,231936,S15,7,4,tradaug,2026
5865,232000,S15,7,5,tradaug,2026
5866,232064,S15,7,7,tradaug,2026
5867,232128,S15,7,4,tradaug,2026
5868,232192,S15,7,5,tradaug,2026
5869,232256,S15,7,5,tradaug,2026
5870,232320,S15,7,5,tradaug,2026
5871,232384,S15,7,7,tradaug,2026
5872,232448,S15,7,5,tradaug,2026
5873,232512,S15,7,0,tradaug,2026
5874,232576,S15,7,2,tradaug,2026
5875,232640,S15,7,5,tradaug,2026
5876,232704,S15,7,5,tradaug,2026
5877,232768,S15,7,5,tradaug,2026
5878,232832,S15,7,7,tradaug,2026
5879,232896,S15,7,5,tradaug,2026
5880,232960,S15,7,7,tradaug,2026
5881,233024,S15,7,4,tradaug,2026
5882,233088,S15,7,5,tradaug,2026
5883,233152,S15,7,5,tradaug,2026
5884,233216,S15,7,7,tradaug,2026
5885,233280,S15,7,4,tradaug,2026
5886,233344,S15,7,5,tradaug,2026
5887,233408,S15,7,7,tradaug,2026
5888,233472,S15,7,5,tradaug,2026
5889,233536,S15,7,5,tradaug,2026
5890,233600,S15,7,5,tradaug,2026
5891,233664,S15,7,5,tradaug,2026
5892,233728,S15,7,7,tradaug,2026
5893,233792,S15,7,5,tradaug,2026
5894,233856,S15,7,5,tradaug,2026
5895,233920,S15,7,7,tradaug,2026
5896,233984,S15,7,4,tradaug,2026
5897,234048,S15,7,7,tradaug,2026
5898,234112,S15,7,0,tradaug,2026
5899,234176,S15,7,5,tradaug,2026
5900,234240,S15,7,5,tradaug,2026
5901,234304,S15,7,4,tradaug,2026
5902,234368,S15,7,5,tradaug,2026
5903,234432,S15,7,5,tradaug,2026
5904,234496,S15,7,5,tradaug,2026
5905,234560,S15,7,2,tradaug,2026
5906,234624,S15,7,7,tradaug,2026
5907,234688,S15,7,5,tradaug,2026
5908,234752,S15,7,0,tradaug,2026
5909,234816,S15,7,4,tradaug,2026
5910,234880,S15,7,5,tradaug,2026
5911,234944,S15,7,0,tradaug,2026
5912,235008,S15,7,5,tradaug,2026
5913,235072,S15,7,5,tradaug,2026
5914,235136,S15,7,5,tradaug,2026
5915,235200,S15,7,4,tradaug,2026
5916,235264,S15,7,5,tradaug,2026
5917,235328,S15,7,5,tradaug,2026
5918,235392,S15,7,5,tradaug,2026
5919,235456,S15,7,5,tradaug,2026
5920,235520,S15,7,7,tradaug,2026
5921,235584,S15,7,5,tradaug,2026
5922,235648,S15,7,5,tradaug,2026
5923,235712,S15,7,7,tradaug,2026
5924,235776,S15,7,5,tradaug,2026
5925,235840,S15,7,5,tradaug,2026
5926,235904,S15,7,5,tradaug,2026
5927,235968,S15,7,7,tradaug,2026
5928,236032,S15,7,5,tradaug,2026
5929,236096,S15,7,5,tradaug,2026
5930,236160,S15,7,5,tradaug,2026
5931,236224,S15,7,4,tradaug,2026
5932,236288,S15,7,5,tradaug,2026
5933,236352,S15,7,5,tradaug,2026
5934,236416,S15,7,5,tradaug,2026
5935,236480,S15,7,7,tradaug,2026
5936,236544,S15,7,7,tradaug,2026
5937,236608,S15,7,5,tradaug,2026
5938,236672,S15,7,5,tradaug,2026
5939,236736,S15,7,5,tradaug,2026
5940,236800,S15,7,5,tradaug,2026
5941,236864,S15,7,5,tradaug,2026
5942,236928,S15,7,7,tradaug,2026
5943,236992,S15,7,5,tradaug,2026
5944,237056,S15,7,7,tradaug,2026
5945,237120,S15,7,5,tradaug,2026
5946,237184,S15,7,5,tradaug,2026
5947,237248,S15,7,5,tradaug,2026
5948,237312,S15,7,7,tradaug,2026
5949,237376,S15,7,5,tradaug,2026
5950,237440,S15,7,5,tradaug,2026
5951,237504,S15,7,7,tradaug,2026
5952,237568,S15,7,5,tradaug,2026
5953,237632,S15,7,4,tradaug,2026
5954,237696,S15,7,5,tradaug,2026
5955,237760,S15,7,7,tradaug,2026
5956,237824,S15,7,5,tradaug,2026
5957,237888,S15,7,5,tradaug,2026
5958,237952,S15,7,5,tradaug,2026
5959,238016,S15,7,5,tradaug,2026
5960,238080,S15,7,5,tradaug,2026
5961,238144,S15,7,5,tradaug,2026
5962,238208,S15,7,7,tradaug,2026
5963,238272,S15,7,5,tradaug,2026
5964,238336,S15,7,7,tradaug,2026
5965,238400,S15,7,5,tradaug,2026
5966,238464,S15,7,5,tradaug,2026
5967,238528,S15,7,7,tradaug,2026
5968,238592,S15,7,5,tradaug,2026
5969,238656,S15,7,7,tradaug,2026
5970,238720,S15,7,7,tradaug,2026
5971,238784,S15,7,7,tradaug,2026
5972,238848,S15,7,5,tradaug,2026
5973,238912,S15,7,5,tradaug,2026
5974,238976,S15,7,5,tradaug,2026
5975,239040,S15,7,4,tradaug,2026
5976,239104,S15,7,7,tradaug,2026
5977,239168,S15,7,5,tradaug,2026
5978,239232,S15,7,7,tradaug,2026
5979,239296,S15,7,5,tradaug,2026
5980,239360,S15,7,5,tradaug,2026
5981,239424,S15,7,5,tradaug,2026
5982,239488,S15,7,5,tradaug,2026
5983,239552,S15,7,5,tradaug,2026
5984,239616,S15,7,5,tradaug,2026
5985,239680,S15,7,5,tradaug,2026
5986,239744,S15,7,5,tradaug,2026
5987,239808,S15,7,7,tradaug,2026
5988,239872,S15,7,5,tradaug,2026
5989,239936,S15,7,7,tradaug,2026
5990,240000,S15,7,5,tradaug,2026
5991,240064,S15,7,5,tradaug,2026
5992,240128,S15,7,7,tradaug,2026
5993,240192,S15,7,5,tradaug,2026
5994,240256,S15,7,5,tradaug,2026
5995,240320,S15,7,7,tradaug,2026
5996,240384,S15,7,5,tradaug,2026
5997,240448,S15,7,5,tradaug,2026
5998,240512,S15,7,5,tradaug,2026
5999,240576,S15,7,5,tradaug,2026
6000,240640,S15,7,7,tradaug,2026
6001,240704,S15,7,5,tradaug,2026
6002,240768,S15,7,7,tradaug,2026
6003,240832,S15,7,5,tradaug,2026
6004,240896,S15,7,7,tradaug,2026
6005,240960,S15,7,5,tradaug,2026
6006,241024,S15,7,5,tradaug,2026
6007,241088,S15,7,5,tradaug,2026
6008,241152,S15,7,5,tradaug,2026
6009,241216,S15,7,0,tradaug,2026
6010,241280,S15,7,4,tradaug,2026
6011,241344,S15,7,5,tradaug,2026
6012,241408,S15,7,5,tradaug,2026
6013,241472,S15,7,5,tradaug,2026
6014,241536,S15,7,2,tradaug,2026
6015,241600,S15,7,5,tradaug,2026
6016,241664,S15,7,5,tradaug,2026
6017,241728,S15,7,4,tradaug,2026
6018,241792,S15,7,5,tradaug,2026
6019,241856,S15,7,5,tradaug,2026
6020,241920,S15,7,5,tradaug,2026
6021,241984,S15,7,7,tradaug,2026
6022,242048,S15,7,7,tradaug,2026
6023,242112,S15,7,5,tradaug,2026
6024,242176,S15,7,5,tradaug,2026
6025,242240,S15,7,5,tradaug,2026
6026,242304,S15,7,5,tradaug,2026
6027,242368,S15,7,5,tradaug,2026
6028,242432,S15,7,5,tradaug,2026
6029,242496,S15,7,7,tradaug,2026
6030,242560,S15,7,5,tradaug,2026
6031,242624,S15,7,5,tradaug,2026
6032,242688,S15,7,7,tradaug,2026
6033,242752,S15,7,4,tradaug,2026
6034,242816,S15,7,7,tradaug,2026
6035,242880,S15,7,2,tradaug,2026
6036,242944,S15,7,5,tradaug,2026
6037,243008,S15,7,5,tradaug,2026
6038,243072,S15,7,5,tradaug,2026
6039,243136,S15,7,4,tradaug,2026
6040,243200,S15,7,7,tradaug,2026
6041,243264,S15,7,5,tradaug,2026
6042,243328,S15,7,5,tradaug,2026
6043,243392,S15,7,7,tradaug,2026
6044,243456,S15,7,5,tradaug,2026
6045,243520,S15,7,7,tradaug,2026
6046,243584,S15,7,5,tradaug,2026
6047,243648,S15,7,5,tradaug,2026
6048,243712,S15,7,4,tradaug,2026
6049,243776,S15,7,5,tradaug,2026
6050,243840,S15,7,5,tradaug,2026
6051,243904,S15,7,7,tradaug,2026
6052,243968,S15,7,7,tradaug,2026
6053,244032,S15,7,4,tradaug,2026
6054,244096,S15,7,7,tradaug,2026
6055,244160,S15,7,5,tradaug,2026
6056,244224,S15,7,2,tradaug,2026
6057,244288,S15,7,7,tradaug,2026
6058,244352,S15,7,5,tradaug,2026
6059,244416,S15,7,7,tradaug,2026
6060,244480,S15,7,5,tradaug,2026
6061,244544,S15,7,5,tradaug,2026
6062,244608,S15,7,5,tradaug,2026
6063,244672,S15,7,4,tradaug,2026
6064,244736,S15,7,5,tradaug,2026
6065,244800,S15,7,2,tradaug,2026
6066,244864,S15,7,7,tradaug,2026
6067,244928,S15,7,7,tradaug,2026
6068,244992,S15,7,5,tradaug,2026
6069,245056,S15,7,5,tradaug,2026
6070,245120,S15,7,7,tradaug,2026
6071,245184,S15,7,5,tradaug,2026
6072,245248,S15,7,5,tradaug,2026
6073,245312,S15,7,5,tradaug,2026
6074,245376,S15,7,5,tradaug,2026
6075,245440,S15,7,5,tradaug,2026
6076,245504,S15,7,4,tradaug,2026
6077,245568,S15,7,7,tradaug,2026
6078,245632,S15,7,5,tradaug,2026
6079,245696,S15,7,7,tradaug,2026
6080,245760,S15,7,5,tradaug,2026
6081,245824,S15,7,7,tradaug,2026
6082,245888,S15,7,7,tradaug,2026
6083,245952,S15,7,4,tradaug,2026
6084,246016,S15,7,5,tradaug,2026
6085,246080,S15,7,2,tradaug,2026
6086,246144,S15,7,5,tradaug,2026
6087,246208,S15,7,5,tradaug,2026
6088,246272,S15,7,5,tradaug,2026
6089,246336,S15,7,5,tradaug,2026
6090,246400,S15,7,5,tradaug,2026
6091,246464,S15,7,5,tradaug,2026
6092,246528,S15,7,5,tradaug,2026
6093,246592,S15,7,5,tradaug,2026
6094,246656,S15,7,5,tradaug,2026
6095,246720,S15,7,5,tradaug,2026
6096,246784,S15,7,7,tradaug,2026
6097,246848,S15,7,5,tradaug,2026
6098,246912,S15,7,5,tradaug,2026
6099,246976,S15,7,7,tradaug,2026
6100,247040,S15,7,5,tradaug,2026
6101,247104,S15,7,5,tradaug,2026
6102,247168,S15,7,4,tradaug,2026
6103,247232,S15,7,5,tradaug,2026
6104,247296,S15,7,2,tradaug,2026
6105,247360,S15,7,7,tradaug,2026
6106,247424,S15,7,5,tradaug,2026
6107,247488,S15,7,5,tradaug,2026
6108,247552,S15,7,5,tradaug,2026
6109,247616,S15,7,5,tradaug,2026
0,1984,S14,0,7,tstr,2026
1,2048,S14,0,0,tstr,2026
2,2112,S14,0,5,tstr,2026
3,2176,S14,0,7,tstr,2026
4,2240,S14,0,5,tstr,2026
5,2304,S14,0,5,tstr,2026
6,2368,S14,0,0,tstr,2026
7,2432,S14,0,0,tstr,2026
8,2496,S14,0,5,tstr,2026
9,2560,S14,0,2,tstr,2026
10,2624,S14,0,5,tstr,2026
11,2688,S14,0,5,tstr,2026
12,2752,S14,0,0,tstr,2026
13,2816,S14,0,7,tstr,2026
14,2880,S14,0,0,tstr,2026
15,2944,S14,0,7,tstr,2026
16,3008,S14,0,0,tstr,2026
17,3072,S14,0,6,tstr,2026
18,3136,S14,0,4,tstr,2026
19,3200,S14,0,7,tstr,2026
20,3264,S14,0,7,tstr,2026
21,3328,S14,0,0,tstr,2026
22,3392,S14,0,0,tstr,2026
23,3456,S14,0,5,tstr,2026
24,3520,S14,0,0,tstr,2026
25,3584,S14,0,5,tstr,2026
26,3648,S14,0,5,tstr,2026
27,3712,S14,0,5,tstr,2026
28,3776,S14,0,5,tstr,2026
29,3840,S14,0,7,tstr,2026
30,3904,S14,0,0,tstr,2026
31,3968,S14,0,5,tstr,2026
32,4032,S14,0,0,tstr,2026
33,4096,S14,0,5,tstr,2026
34,4160,S14,0,5,tstr,2026
35,4224,S14,0,7,tstr,2026
36,4288,S14,0,7,tstr,2026
37,4352,S14,0,5,tstr,2026
38,4416,S14,0,5,tstr,2026
39,4480,S14,0,5,tstr,2026
40,4544,S14,0,0,tstr,2026
41,4608,S14,0,0,tstr,2026
42,4672,S14,0,7,tstr,2026
43,4736,S14,0,0,tstr,2026
44,4800,S14,0,7,tstr,2026
45,4864,S14,0,7,tstr,2026
46,4928,S14,0,0,tstr,2026
47,4992,S14,0,7,tstr,2026
48,5056,S14,0,5,tstr,2026
49,5120,S14,0,0,tstr,2026
50,5184,S14,0,7,tstr,2026
51,5248,S14,0,0,tstr,2026
52,5312,S14,0,7,tstr,2026
53,5376,S14,0,0,tstr,2026
54,5440,S14,0,0,tstr,2026
55,5504,S14,0,0,tstr,2026
56,5568,S14,0,7,tstr,2026
57,5632,S14,0,0,tstr,2026
58,5696,S14,0,5,tstr,2026
59,5760,S14,0,7,tstr,2026
60,5824,S14,0,5,tstr,2026
61,5888,S14,0,0,tstr,2026
62,5952,S14,0,7,tstr,2026
63,6016,S14,0,5,tstr,2026
64,6080,S14,0,5,tstr,2026
65,6144,S14,0,7,tstr,2026
66,6208,S14,0,7,tstr,2026
67,6272,S14,0,0,tstr,2026
68,6336,S14,0,7,tstr,2026
69,6400,S14,0,5,tstr,2026
70,6464,S14,0,7,tstr,2026
71,6528,S14,0,0,tstr,2026
72,6592,S14,0,2,tstr,2026
73,6656,S14,0,0,tstr,2026
74,6720,S14,0,0,tstr,2026
75,6784,S14,0,0,tstr,2026
76,6848,S14,0,7,tstr,2026
77,6912,S14,0,5,tstr,2026
78,6976,S14,0,7,tstr,2026
79,7040,S14,0,0,tstr,2026
80,7104,S14,0,7,tstr,2026
81,7168,S14,0,7,tstr,2026
82,7232,S14,0,7,tstr,2026
83,7296,S14,0,7,tstr,2026
84,7360,S14,0,7,tstr,2026
85,7424,S14,0,7,tstr,2026
86,7488,S14,0,5,tstr,2026
87,7552,S14,0,5,tstr,2026
88,7616,S14,0,0,tstr,2026
89,7680,S14,0,4,tstr,2026
90,7744,S14,0,7,tstr,2026
91,7808,S14,0,5,tstr,2026
92,7872,S14,0,4,tstr,2026
93,7936,S14,0,0,tstr,2026
94,8000,S14,0,5,tstr,2026
95,8064,S14,0,5,tstr,2026
96,8128,S14,0,5,tstr,2026
97,8192,S14,0,0,tstr,2026
98,8256,S14,0,0,tstr,2026
99,8320,S14,0,5,tstr,2026
100,8384,S14,0,7,tstr,2026
101,8448,S14,0,2,tstr,2026
102,8512,S14,0,7,tstr,2026
103,8576,S14,0,0,tstr,2026
104,8640,S14,0,5,tstr,2026
105,8704,S14,0,5,tstr,2026
106,8768,S14,0,5,tstr,2026
107,8832,S14,0,7,tstr,2026
108,8896,S14,0,7,tstr,2026
109,8960,S14,0,0,tstr,2026
110,9024,S14,0,7,tstr,2026
111,9088,S14,0,7,tstr,2026
112,9152,S14,0,0,tstr,2026
113,9216,S14,0,5,tstr,2026
114,9280,S14,0,0,tstr,2026
115,9344,S14,0,5,tstr,2026
116,9408,S14,0,7,tstr,2026
117,9472,S14,0,7,tstr,2026
118,9536,S14,0,7,tstr,2026
119,9600,S14,0,5,tstr,2026
120,9664,S14,0,5,tstr,2026
121,9728,S14,0,7,tstr,2026
122,9792,S14,0,0,tstr,2026
123,9856,S14,0,7,tstr,2026
124,9920,S14,0,7,tstr,2026
125,9984,S14,0,4,tstr,2026
126,10048,S14,0,5,tstr,2026
127,10112,S14,0,5,tstr,2026
128,10176,S14,0,7,tstr,2026
129,10240,S14,0,5,tstr,2026
130,10304,S14,0,0,tstr,2026
131,10368,S14,0,5,tstr,2026
132,10432,S14,0,0,tstr,2026
133,10496,S14,0,7,tstr,2026
134,10560,S14,0,0,tstr,2026
135,10624,S14,0,5,tstr,2026
136,10688,S14,0,5,tstr,2026
137,10752,S14,0,7,tstr,2026
138,10816,S14,0,0,tstr,2026
139,10880,S14,0,5,tstr,2026
140,10944,S14,0,7,tstr,2026
141,11008,S14,0,5,tstr,2026
142,11072,S14,0,5,tstr,2026
143,11136,S14,0,5,tstr,2026
144,11200,S14,0,7,tstr,2026
145,11264,S14,0,0,tstr,2026
146,11328,S14,0,7,tstr,2026
147,11392,S14,0,0,tstr,2026
148,11456,S14,0,5,tstr,2026
149,11520,S14,0,5,tstr,2026
150,11584,S14,0,5,tstr,2026
151,11648,S14,0,7,tstr,2026
152,11712,S14,0,7,tstr,2026
153,11776,S14,0,0,tstr,2026
154,11840,S14,0,7,tstr,2026
155,11904,S14,0,5,tstr,2026
156,11968,S14,0,5,tstr,2026
157,12032,S14,0,7,tstr,2026
158,12096,S14,0,0,tstr,2026
159,12160,S14,0,5,tstr,2026
160,12224,S14,0,5,tstr,2026
161,12288,S14,0,5,tstr,2026
162,12352,S14,0,5,tstr,2026
163,12416,S14,0,0,tstr,2026
164,12480,S14,0,7,tstr,2026
165,12544,S14,0,5,tstr,2026
166,12608,S14,0,5,tstr,2026
167,12672,S14,0,0,tstr,2026
168,12736,S14,0,0,tstr,2026
169,12800,S14,0,0,tstr,2026
170,12864,S14,0,5,tstr,2026
171,12928,S14,0,0,tstr,2026
172,12992,S14,0,7,tstr,2026
173,13056,S14,0,5,tstr,2026
174,13120,S14,0,0,tstr,2026
175,13184,S14,0,7,tstr,2026
176,13248,S14,0,5,tstr,2026
177,13312,S14,0,5,tstr,2026
178,13376,S14,0,0,tstr,2026
179,13440,S14,0,0,tstr,2026
180,13504,S14,0,0,tstr,2026
181,13568,S14,0,7,tstr,2026
182,13632,S14,0,0,tstr,2026
183,13696,S14,0,7,tstr,2026
184,13760,S14,0,0,tstr,2026
185,13824,S14,0,7,tstr,2026
186,13888,S14,0,7,tstr,2026
187,13952,S14,0,5,tstr,2026
188,14016,S14,0,5,tstr,2026
189,14080,S14,0,5,tstr,2026
190,14144,S14,0,0,tstr,2026
191,14208,S14,0,5,tstr,2026
192,14272,S14,0,7,tstr,2026
193,14336,S14,0,5,tstr,2026
194,14400,S14,0,0,tstr,2026
195,14464,S14,0,5,tstr,2026
196,14528,S14,0,0,tstr,2026
197,14592,S14,0,0,tstr,2026
198,14656,S14,0,0,tstr,2026
199,14720,S14,0,7,tstr,2026
200,14784,S14,0,5,tstr,2026
201,14848,S14,0,5,tstr,2026
202,14912,S14,0,7,tstr,2026
203,14976,S14,0,7,tstr,2026
204,15040,S14,0,5,tstr,2026
205,15104,S14,0,7,tstr,2026
206,15168,S14,0,7,tstr,2026
207,15232,S14,0,0,tstr,2026
208,15296,S14,0,7,tstr,2026
209,15360,S14,0,5,tstr,2026
210,15424,S14,0,0,tstr,2026
211,15488,S14,0,5,tstr,2026
212,15552,S14,0,5,tstr,2026
213,15616,S14,0,5,tstr,2026
214,15680,S14,0,5,tstr,2026
215,15744,S14,0,0,tstr,2026
216,15808,S14,0,0,tstr,2026
217,15872,S14,0,0,tstr,2026
218,15936,S14,0,5,tstr,2026
219,16000,S14,0,7,tstr,2026
220,16064,S14,0,5,tstr,2026
221,16128,S14,0,7,tstr,2026
222,16192,S14,0,0,tstr,2026
223,16256,S14,0,7,tstr,2026
224,16320,S14,0,5,tstr,2026
225,16384,S14,0,5,tstr,2026
226,16448,S14,0,7,tstr,2026
227,16512,S14,0,5,tstr,2026
228,16576,S14,0,7,tstr,2026
229,16640,S14,0,5,tstr,2026
230,16704,S14,0,5,tstr,2026
231,16768,S14,0,5,tstr,2026
232,16832,S14,0,0,tstr,2026
233,16896,S14,0,0,tstr,2026
234,16960,S14,0,0,tstr,2026
235,17024,S14,0,7,tstr,2026
236,17088,S14,0,0,tstr,2026
237,17152,S14,0,5,tstr,2026
238,17216,S14,0,5,tstr,2026
239,17280,S14,0,5,tstr,2026
240,17344,S14,0,7,tstr,2026
241,17408,S14,0,0,tstr,2026
242,17472,S14,0,7,tstr,2026
243,17536,S14,0,5,tstr,2026
244,17600,S14,0,7,tstr,2026
245,17664,S14,0,5,tstr,2026
246,17728,S14,0,7,tstr,2026
247,17792,S14,0,5,tstr,2026
248,17856,S14,0,5,tstr,2026
249,17920,S14,0,7,tstr,2026
250,17984,S14,0,0,tstr,2026
251,18048,S14,0,5,tstr,2026
252,18112,S14,0,5,tstr,2026
253,18176,S14,0,0,tstr,2026
254,18240,S14,0,5,tstr,2026
255,18304,S14,0,5,tstr,2026
256,18368,S14,0,0,tstr,2026
257,18432,S14,0,0,tstr,2026
258,18496,S14,0,5,tstr,2026
259,18560,S14,0,7,tstr,2026
260,18624,S14,0,0,tstr,2026
261,18688,S14,0,5,tstr,2026
262,18752,S14,0,7,tstr,2026
263,18816,S14,0,5,tstr,2026
264,18880,S14,0,5,tstr,2026
265,18944,S14,0,5,tstr,2026
266,19008,S14,0,7,tstr,2026
267,19072,S14,0,5,tstr,2026
268,19136,S14,0,5,tstr,2026
269,19200,S14,0,5,tstr,2026
270,19264,S14,0,0,tstr,2026
271,19328,S14,0,7,tstr,2026
272,19392,S14,0,0,tstr,2026
273,19456,S14,0,7,tstr,2026
274,19520,S14,0,5,tstr,2026
275,19584,S14,0,0,tstr,2026
276,19648,S14,0,5,tstr,2026
277,19712,S14,0,7,tstr,2026
278,19776,S14,0,0,tstr,2026
279,19840,S14,0,7,tstr,2026
280,19904,S14,0,7,tstr,2026
281,19968,S14,0,0,tstr,2026
282,20032,S14,0,7,tstr,2026
283,20096,S14,0,5,tstr,2026
284,20160,S14,0,5,tstr,2026
285,20224,S14,0,0,tstr,2026
286,20288,S14,0,0,tstr,2026
287,20352,S14,0,0,tstr,2026
288,20416,S14,0,0,tstr,2026
289,20480,S14,0,0,tstr,2026
290,20544,S14,0,7,tstr,2026
291,20608,S14,0,7,tstr,2026
292,20672,S14,0,7,tstr,2026
293,20736,S14,0,5,tstr,2026
294,20800,S14,0,7,tstr,2026
295,20864,S14,0,7,tstr,2026
296,20928,S14,0,0,tstr,2026
297,20992,S14,0,7,tstr,2026
298,21056,S14,0,5,tstr,2026
299,21120,S14,0,0,tstr,2026
300,21184,S14,0,5,tstr,2026
301,21248,S14,0,0,tstr,2026
302,21312,S14,0,5,tstr,2026
303,26048,S14,1,1,tstr,2026
304,26112,S14,1,1,tstr,2026
305,26176,S14,1,1,tstr,2026
306,26240,S14,1,6,tstr,2026
307,26304,S14,1,6,tstr,2026
308,26368,S14,1,1,tstr,2026
309,26432,S14,1,1,tstr,2026
310,26496,S14,1,1,tstr,2026
311,26560,S14,1,1,tstr,2026
312,26624,S14,1,6,tstr,2026
313,26688,S14,1,1,tstr,2026
314,26752,S14,1,1,tstr,2026
315,26816,S14,1,6,tstr,2026
316,26880,S14,1,1,tstr,2026
317,26944,S14,1,1,tstr,2026
318,27008,S14,1,1,tstr,2026
319,27072,S14,1,1,tstr,2026
320,27136,S14,1,6,tstr,2026
321,27200,S14,1,6,tstr,2026
322,27264,S14,1,1,tstr,2026
323,27328,S14,1,6,tstr,2026
324,27392,S14,1,1,tstr,2026
325,27456,S14,1,6,tstr,2026
326,27520,S14,1,6,tstr,2026
327,27584,S14,1,1,tstr,2026
328,27648,S14,1,6,tstr,2026
329,27712,S14,1,6,tstr,2026
330,27776,S14,1,1,tstr,2026
331,27840,S14,1,1,tstr,2026
332,27904,S14,1,1,tstr,2026
333,27968,S14,1,6,tstr,2026
334,28032,S14,1,1,tstr,2026
335,28096,S14,1,6,tstr,2026
336,28160,S14,1,6,tstr,2026
337,28224,S14,1,1,tstr,2026
338,28288,S14,1,6,tstr,2026
339,28352,S14,1,6,tstr,2026
340,28416,S14,1,6,tstr,2026
341,28480,S14,1,6,tstr,2026
342,28544,S14,1,6,tstr,2026
343,28608,S14,1,1,tstr,2026
344,28672,S14,1,1,tstr,2026
345,28736,S14,1,6,tstr,2026
346,28800,S14,1,6,tstr,2026
347,28864,S14,1,6,tstr,2026
348,28928,S14,1,1,tstr,2026
349,28992,S14,1,6,tstr,2026
350,29056,S14,1,1,tstr,2026
351,29120,S14,1,1,tstr,2026
352,29184,S14,1,1,tstr,2026
353,29248,S14,1,6,tstr,2026
354,29312,S14,1,6,tstr,2026
355,29376,S14,1,1,tstr,2026
356,29440,S14,1,1,tstr,2026
357,29504,S14,1,1,tstr,2026
358,29568,S14,1,1,tstr,2026
359,29632,S14,1,1,tstr,2026
360,29696,S14,1,1,tstr,2026
361,29760,S14,1,6,tstr,2026
362,29824,S14,1,1,tstr,2026
363,29888,S14,1,1,tstr,2026
364,29952,S14,1,1,tstr,2026
365,30016,S14,1,1,tstr,2026
366,30080,S14,1,1,tstr,2026
367,30144,S14,1,1,tstr,2026
368,30208,S14,1,1,tstr,2026
369,30272,S14,1,6,tstr,2026
370,30336,S14,1,6,tstr,2026
371,30400,S14,1,1,tstr,2026
372,30464,S14,1,6,tstr,2026
373,30528,S14,1,6,tstr,2026
374,30592,S14,1,6,tstr,2026
375,30656,S14,1,6,tstr,2026
376,30720,S14,1,6,tstr,2026
377,30784,S14,1,1,tstr,2026
378,30848,S14,1,1,tstr,2026
379,30912,S14,1,6,tstr,2026
380,30976,S14,1,1,tstr,2026
381,31040,S14,1,1,tstr,2026
382,31104,S14,1,6,tstr,2026
383,31168,S14,1,1,tstr,2026
384,31232,S14,1,1,tstr,2026
385,31296,S14,1,1,tstr,2026
386,31360,S14,1,6,tstr,2026
387,31424,S14,1,6,tstr,2026
388,31488,S14,1,1,tstr,2026
389,31552,S14,1,1,tstr,2026
390,31616,S14,1,2,tstr,2026
391,31680,S14,1,1,tstr,2026
392,31744,S14,1,6,tstr,2026
393,31808,S14,1,1,tstr,2026
394,31872,S14,1,1,tstr,2026
395,31936,S14,1,5,tstr,2026
396,32000,S14,1,1,tstr,2026
397,32064,S14,1,1,tstr,2026
398,32128,S14,1,1,tstr,2026
399,32192,S14,1,6,tstr,2026
400,32256,S14,1,6,tstr,2026
401,32320,S14,1,6,tstr,2026
402,32384,S14,1,1,tstr,2026
403,32448,S14,1,1,tstr,2026
404,32512,S14,1,6,tstr,2026
405,32576,S14,1,6,tstr,2026
406,32640,S14,1,1,tstr,2026
407,32704,S14,1,1,tstr,2026
408,32768,S14,1,6,tstr,2026
409,32832,S14,1,1,tstr,2026
410,32896,S14,1,6,tstr,2026
411,32960,S14,1,1,tstr,2026
412,33024,S14,1,1,tstr,2026
413,33088,S14,1,1,tstr,2026
414,33152,S14,1,1,tstr,2026
415,33216,S14,1,6,tstr,2026
416,33280,S14,1,1,tstr,2026
417,33344,S14,1,4,tstr,2026
418,33408,S14,1,1,tstr,2026
419,33472,S14,1,6,tstr,2026
420,33536,S14,1,1,tstr,2026
421,33600,S14,1,1,tstr,2026
422,33664,S14,1,1,tstr,2026
423,33728,S14,1,6,tstr,2026
424,33792,S14,1,1,tstr,2026
425,33856,S14,1,1,tstr,2026
426,33920,S14,1,6,tstr,2026
427,33984,S14,1,1,tstr,2026
428,34048,S14,1,1,tstr,2026
429,34112,S14,1,1,tstr,2026
430,34176,S14,1,6,tstr,2026
431,34240,S14,1,1,tstr,2026
432,34304,S14,1,6,tstr,2026
433,34368,S14,1,1,tstr,2026
434,34432,S14,1,6,tstr,2026
435,34496,S14,1,6,tstr,2026
436,34560,S14,1,1,tstr,2026
437,34624,S14,1,1,tstr,2026
438,34688,S14,1,6,tstr,2026
439,34752,S14,1,1,tstr,2026
440,34816,S14,1,1,tstr,2026
441,34880,S14,1,1,tstr,2026
442,34944,S14,1,6,tstr,2026
443,35008,S14,1,1,tstr,2026
444,35072,S14,1,2,tstr,2026
445,35136,S14,1,1,tstr,2026
446,35200,S14,1,1,tstr,2026
447,35264,S14,1,6,tstr,2026
448,35328,S14,1,1,tstr,2026
449,35392,S14,1,6,tstr,2026
450,35456,S14,1,6,tstr,2026
451,35520,S14,1,6,tstr,2026
452,35584,S14,1,6,tstr,2026
453,35648,S14,1,1,tstr,2026
454,35712,S14,1,1,tstr,2026
455,35776,S14,1,1,tstr,2026
456,35840,S14,1,6,tstr,2026
457,35904,S14,1,1,tstr,2026
458,35968,S14,1,1,tstr,2026
459,36032,S14,1,1,tstr,2026
460,36096,S14,1,1,tstr,2026
461,36160,S14,1,6,tstr,2026
462,36224,S14,1,1,tstr,2026
463,36288,S14,1,6,tstr,2026
464,36352,S14,1,1,tstr,2026
465,36416,S14,1,6,tstr,2026
466,36480,S14,1,1,tstr,2026
467,36544,S14,1,6,tstr,2026
468,36608,S14,1,6,tstr,2026
469,36672,S14,1,1,tstr,2026
470,36736,S14,1,6,tstr,2026
471,36800,S14,1,1,tstr,2026
472,36864,S14,1,6,tstr,2026
473,36928,S14,1,1,tstr,2026
474,36992,S14,1,1,tstr,2026
475,37056,S14,1,6,tstr,2026
476,37120,S14,1,2,tstr,2026
477,37184,S14,1,1,tstr,2026
478,37248,S14,1,1,tstr,2026
479,37312,S14,1,1,tstr,2026
480,37376,S14,1,1,tstr,2026
481,37440,S14,1,1,tstr,2026
482,37504,S14,1,6,tstr,2026
483,37568,S14,1,1,tstr,2026
484,37632,S14,1,6,tstr,2026
485,37696,S14,1,6,tstr,2026
486,37760,S14,1,6,tstr,2026
487,37824,S14,1,1,tstr,2026
488,37888,S14,1,6,tstr,2026
489,37952,S14,1,6,tstr,2026
490,38016,S14,1,1,tstr,2026
491,38080,S14,1,6,tstr,2026
492,38144,S14,1,1,tstr,2026
493,38208,S14,1,6,tstr,2026
494,38272,S14,1,1,tstr,2026
495,38336,S14,1,6,tstr,2026
496,38400,S14,1,6,tstr,2026
497,38464,S14,1,1,tstr,2026
498,38528,S14,1,1,tstr,2026
499,38592,S14,1,1,tstr,2026
500,38656,S14,1,6,tstr,2026
501,38720,S14,1,1,tstr,2026
502,38784,S14,1,6,tstr,2026
503,38848,S14,1,1,tstr,2026
504,38912,S14,1,6,tstr,2026
505,38976,S14,1,1,tstr,2026
506,39040,S14,1,6,tstr,2026
507,39104,S14,1,1,tstr,2026
508,39168,S14,1,1,tstr,2026
509,39232,S14,1,1,tstr,2026
510,39296,S14,1,1,tstr,2026
511,39360,S14,1,1,tstr,2026
512,39424,S14,1,6,tstr,2026
513,39488,S14,1,6,tstr,2026
514,39552,S14,1,1,tstr,2026
515,39616,S14,1,1,tstr,2026
516,39680,S14,1,1,tstr,2026
517,39744,S14,1,1,tstr,2026
518,39808,S14,1,6,tstr,2026
519,39872,S14,1,1,tstr,2026
520,39936,S14,1,6,tstr,2026
521,40000,S14,1,1,tstr,2026
522,40064,S14,1,6,tstr,2026
523,40128,S14,1,1,tstr,2026
524,40192,S14,1,1,tstr,2026
525,40256,S14,1,1,tstr,2026
526,40320,S14,1,1,tstr,2026
527,40384,S14,1,1,tstr,2026
528,40448,S14,1,1,tstr,2026
529,40512,S14,1,5,tstr,2026
530,44800,S14,2,2,tstr,2026
531,44864,S14,2,5,tstr,2026
532,44928,S14,2,5,tstr,2026
533,44992,S14,2,2,tstr,2026
534,45056,S14,2,2,tstr,2026
535,45120,S14,2,5,tstr,2026
536,45184,S14,2,2,tstr,2026
537,45248,S14,2,5,tstr,2026
538,45312,S14,2,2,tstr,2026
539,45376,S14,2,5,tstr,2026
540,45440,S14,2,2,tstr,2026
541,45504,S14,2,5,tstr,2026
542,45568,S14,2,2,tstr,2026
543,45632,S14,2,4,tstr,2026
544,45696,S14,2,2,tstr,2026
545,45760,S14,2,5,tstr,2026
546,45824,S14,2,5,tstr,2026
547,45888,S14,2,5,tstr,2026
548,45952,S14,2,5,tstr,2026
549,46016,S14,2,2,tstr,2026
550,46080,S14,2,5,tstr,2026
551,46144,S14,2,4,tstr,2026
552,46208,S14,2,5,tstr,2026
553,46272,S14,2,5,tstr,2026
554,46336,S14,2,2,tstr,2026
555,46400,S14,2,5,tstr,2026
556,46464,S14,2,4,tstr,2026
557,46528,S14,2,5,tstr,2026
558,46592,S14,2,2,tstr,2026
559,46656,S14,2,2,tstr,2026
560,46720,S14,2,5,tstr,2026
561,46784,S14,2,5,tstr,2026
562,46848,S14,2,2,tstr,2026
563,46912,S14,2,7,tstr,2026
564,46976,S14,2,2,tstr,2026
565,47040,S14,2,5,tstr,2026
566,47104,S14,2,2,tstr,2026
567,47168,S14,2,2,tstr,2026
568,47232,S14,2,5,tstr,2026
569,47296,S14,2,5,tstr,2026
570,47360,S14,2,2,tstr,2026
571,47424,S14,2,2,tstr,2026
572,47488,S14,2,7,tstr,2026
573,47552,S14,2,4,tstr,2026
574,47616,S14,2,5,tstr,2026
575,47680,S14,2,5,tstr,2026
576,47744,S14,2,2,tstr,2026
577,47808,S14,2,2,tstr,2026
578,47872,S14,2,5,tstr,2026
579,47936,S14,2,5,tstr,2026
580,48000,S14,2,0,tstr,2026
581,48064,S14,2,5,tstr,2026
582,48128,S14,2,2,tstr,2026
583,48192,S14,2,5,tstr,2026
584,48256,S14,2,5,tstr,2026
585,48320,S14,2,5,tstr,2026
586,48384,S14,2,4,tstr,2026
587,48448,S14,2,2,tstr,2026
588,48512,S14,2,2,tstr,2026
589,48576,S14,2,2,tstr,2026
590,48640,S14,2,2,tstr,2026
591,48704,S14,2,2,tstr,2026
592,48768,S14,2,2,tstr,2026
593,48832,S14,2,5,tstr,2026
594,48896,S14,2,7,tstr,2026
595,48960,S14,2,5,tstr,2026
596,49024,S14,2,4,tstr,2026
597,49088,S14,2,7,tstr,2026
598,49152,S14,2,7,tstr,2026
599,49216,S14,2,2,tstr,2026
600,49280,S14,2,5,tstr,2026
601,49344,S14,2,5,tstr,2026
602,49408,S14,2,5,tstr,2026
603,49472,S14,2,5,tstr,2026
604,49536,S14,2,5,tstr,2026
605,49600,S14,2,2,tstr,2026
606,49664,S14,2,4,tstr,2026
607,49728,S14,2,5,tstr,2026
608,49792,S14,2,2,tstr,2026
609,49856,S14,2,2,tstr,2026
610,49920,S14,2,5,tstr,2026
611,49984,S14,2,4,tstr,2026
612,50048,S14,2,2,tstr,2026
613,50112,S14,2,5,tstr,2026
614,50176,S14,2,2,tstr,2026
615,50240,S14,2,4,tstr,2026
616,50304,S14,2,2,tstr,2026
617,50368,S14,2,4,tstr,2026
618,50432,S14,2,5,tstr,2026
619,50496,S14,2,2,tstr,2026
620,50560,S14,2,2,tstr,2026
621,50624,S14,2,5,tstr,2026
622,50688,S14,2,5,tstr,2026
623,50752,S14,2,2,tstr,2026
624,50816,S14,2,5,tstr,2026
625,50880,S14,2,5,tstr,2026
626,50944,S14,2,2,tstr,2026
627,51008,S14,2,0,tstr,2026
628,51072,S14,2,5,tstr,2026
629,51136,S14,2,2,tstr,2026
630,51200,S14,2,2,tstr,2026
631,51264,S14,2,6,tstr,2026
632,51328,S14,2,2,tstr,2026
633,51392,S14,2,2,tstr,2026
634,51456,S14,2,2,tstr,2026
635,51520,S14,2,5,tstr,2026
636,51584,S14,2,2,tstr,2026
637,51648,S14,2,2,tstr,2026
638,51712,S14,2,2,tstr,2026
639,51776,S14,2,5,tstr,2026
640,51840,S14,2,5,tstr,2026
641,51904,S14,2,0,tstr,2026
642,51968,S14,2,5,tstr,2026
643,52032,S14,2,5,tstr,2026
644,52096,S14,2,2,tstr,2026
645,52160,S14,2,2,tstr,2026
646,52224,S14,2,2,tstr,2026
647,52288,S14,2,4,tstr,2026
648,52352,S14,2,5,tstr,2026
649,52416,S14,2,5,tstr,2026
650,52480,S14,2,2,tstr,2026
651,52544,S14,2,5,tstr,2026
652,52608,S14,2,5,tstr,2026
653,52672,S14,2,5,tstr,2026
654,52736,S14,2,5,tstr,2026
655,52800,S14,2,5,tstr,2026
656,52864,S14,2,5,tstr,2026
657,52928,S14,2,4,tstr,2026
658,52992,S14,2,5,tstr,2026
659,53056,S14,2,5,tstr,2026
660,53120,S14,2,7,tstr,2026
661,53184,S14,2,5,tstr,2026
662,53248,S14,2,2,tstr,2026
663,53312,S14,2,2,tstr,2026
664,53376,S14,2,5,tstr,2026
665,53440,S14,2,2,tstr,2026
666,53504,S14,2,5,tstr,2026
667,53568,S14,2,2,tstr,2026
668,53632,S14,2,5,tstr,2026
669,53696,S14,2,5,tstr,2026
670,53760,S14,2,5,tstr,2026
671,53824,S14,2,5,tstr,2026
672,53888,S14,2,2,tstr,2026
673,53952,S14,2,2,tstr,2026
674,54016,S14,2,2,tstr,2026
675,54080,S14,2,4,tstr,2026
676,54144,S14,2,5,tstr,2026
677,54208,S14,2,5,tstr,2026
678,54272,S14,2,2,tstr,2026
679,54336,S14,2,2,tstr,2026
680,54400,S14,2,5,tstr,2026
681,54464,S14,2,2,tstr,2026
682,54528,S14,2,5,tstr,2026
683,54592,S14,2,4,tstr,2026
684,54656,S14,2,2,tstr,2026
685,54720,S14,2,4,tstr,2026
686,54784,S14,2,7,tstr,2026
687,54848,S14,2,5,tstr,2026
688,54912,S14,2,2,tstr,2026
689,54976,S14,2,4,tstr,2026
690,55040,S14,2,4,tstr,2026
691,70720,S14,3,3,tstr,2026
692,70784,S14,3,3,tstr,2026
693,70848,S14,3,3,tstr,2026
694,70912,S14,3,3,tstr,2026
695,70976,S14,3,3,tstr,2026
696,71040,S14,3,3,tstr,2026
697,71104,S14,3,3,tstr,2026
698,71168,S14,3,3,tstr,2026
699,71232,S14,3,3,tstr,2026
700,71296,S14,3,3,tstr,2026
701,71360,S14,3,3,tstr,2026
702,71424,S14,3,3,tstr,2026
703,71488,S14,3,3,tstr,2026
704,71552,S14,3,3,tstr,2026
705,71616,S14,3,3,tstr,2026
706,71680,S14,3,3,tstr,2026
707,71744,S14,3,3,tstr,2026
708,71808,S14,3,3,tstr,2026
709,71872,S14,3,3,tstr,2026
710,71936,S14,3,3,tstr,2026
711,72000,S14,3,3,tstr,2026
712,72064,S14,3,3,tstr,2026
713,72128,S14,3,3,tstr,2026
714,72192,S14,3,3,tstr,2026
715,72256,S14,3,3,tstr,2026
716,72320,S14,3,3,tstr,2026
717,72384,S14,3,3,tstr,2026
718,72448,S14,3,3,tstr,2026
719,72512,S14,3,3,tstr,2026
720,72576,S14,3,3,tstr,2026
721,72640,S14,3,3,tstr,2026
722,72704,S14,3,3,tstr,2026
723,72768,S14,3,3,tstr,2026
724,72832,S14,3,3,tstr,2026
725,72896,S14,3,3,tstr,2026
726,72960,S14,3,3,tstr,2026
727,73024,S14,3,3,tstr,2026
728,73088,S14,3,3,tstr,2026
729,73152,S14,3,3,tstr,2026
730,73216,S14,3,3,tstr,2026
731,73280,S14,3,3,tstr,2026
732,73344,S14,3,3,tstr,2026
733,73408,S14,3,3,tstr,2026
734,73472,S14,3,3,tstr,2026
735,73536,S14,3,3,tstr,2026
736,73600,S14,3,3,tstr,2026
737,73664,S14,3,3,tstr,2026
738,73728,S14,3,3,tstr,2026
739,73792,S14,3,3,tstr,2026
740,73856,S14,3,3,tstr,2026
741,73920,S14,3,3,tstr,2026
742,73984,S14,3,3,tstr,2026
743,74048,S14,3,3,tstr,2026
744,74112,S14,3,3,tstr,2026
745,74176,S14,3,3,tstr,2026
746,74240,S14,3,3,tstr,2026
747,74304,S14,3,3,tstr,2026
748,74368,S14,3,3,tstr,2026
749,74432,S14,3,3,tstr,2026
750,74496,S14,3,3,tstr,2026
751,74560,S14,3,3,tstr,2026
752,74624,S14,3,3,tstr,2026
753,74688,S14,3,3,tstr,2026
754,74752,S14,3,3,tstr,2026
755,74816,S14,3,3,tstr,2026
756,74880,S14,3,3,tstr,2026
757,74944,S14,3,3,tstr,2026
758,75008,S14,3,3,tstr,2026
759,75072,S14,3,3,tstr,2026
760,75136,S14,3,3,tstr,2026
761,75200,S14,3,3,tstr,2026
762,75264,S14,3,3,tstr,2026
763,75328,S14,3,3,tstr,2026
764,75392,S14,3,3,tstr,2026
765,75456,S14,3,3,tstr,2026
766,75520,S14,3,3,tstr,2026
767,75584,S14,3,3,tstr,2026
768,75648,S14,3,3,tstr,2026
769,75712,S14,3,3,tstr,2026
770,75776,S14,3,3,tstr,2026
771,75840,S14,3,3,tstr,2026
772,75904,S14,3,3,tstr,2026
773,75968,S14,3,3,tstr,2026
774,76032,S14,3,3,tstr,2026
775,76096,S14,3,3,tstr,2026
776,76160,S14,3,3,tstr,2026
777,76224,S14,3,3,tstr,2026
778,76288,S14,3,3,tstr,2026
779,76352,S14,3,3,tstr,2026
780,76416,S14,3,3,tstr,2026
781,76480,S14,3,3,tstr,2026
782,76544,S14,3,3,tstr,2026
783,76608,S14,3,3,tstr,2026
784,76672,S14,3,3,tstr,2026
785,76736,S14,3,3,tstr,2026
786,76800,S14,3,3,tstr,2026
787,76864,S14,3,3,tstr,2026
788,76928,S14,3,3,tstr,2026
789,76992,S14,3,3,tstr,2026
790,77056,S14,3,3,tstr,2026
791,77120,S14,3,3,tstr,2026
792,77184,S14,3,3,tstr,2026
793,77248,S14,3,3,tstr,2026
794,77312,S14,3,3,tstr,2026
795,77376,S14,3,3,tstr,2026
796,77440,S14,3,3,tstr,2026
797,77504,S14,3,3,tstr,2026
798,77568,S14,3,3,tstr,2026
799,77632,S14,3,3,tstr,2026
800,77696,S14,3,3,tstr,2026
801,77760,S14,3,3,tstr,2026
802,77824,S14,3,3,tstr,2026
803,77888,S14,3,3,tstr,2026
804,77952,S14,3,2,tstr,2026
805,78016,S14,3,3,tstr,2026
806,78080,S14,3,3,tstr,2026
807,78144,S14,3,3,tstr,2026
808,78208,S14,3,3,tstr,2026
809,78272,S14,3,3,tstr,2026
810,78336,S14,3,3,tstr,2026
811,78400,S14,3,3,tstr,2026
812,78464,S14,3,3,tstr,2026
813,78528,S14,3,3,tstr,2026
814,78592,S14,3,3,tstr,2026
815,78656,S14,3,3,tstr,2026
816,78720,S14,3,2,tstr,2026
817,78784,S14,3,3,tstr,2026
818,78848,S14,3,3,tstr,2026
819,78912,S14,3,3,tstr,2026
820,78976,S14,3,3,tstr,2026
821,79040,S14,3,3,tstr,2026
822,79104,S14,3,3,tstr,2026
823,79168,S14,3,3,tstr,2026
824,79232,S14,3,3,tstr,2026
825,79296,S14,3,3,tstr,2026
826,79360,S14,3,3,tstr,2026
827,79424,S14,3,3,tstr,2026
828,79488,S14,3,3,tstr,2026
829,79552,S14,3,3,tstr,2026
830,79616,S14,3,3,tstr,2026
831,79680,S14,3,3,tstr,2026
832,79744,S14,3,3,tstr,2026
833,79808,S14,3,3,tstr,2026
834,79872,S14,3,3,tstr,2026
835,79936,S14,3,3,tstr,2026
836,80000,S14,3,3,tstr,2026
837,80064,S14,3,3,tstr,2026
838,80128,S14,3,3,tstr,2026
839,80192,S14,3,3,tstr,2026
840,80256,S14,3,3,tstr,2026
841,80320,S14,3,3,tstr,2026
842,80384,S14,3,3,tstr,2026
843,80448,S14,3,3,tstr,2026
844,80512,S14,3,3,tstr,2026
845,80576,S14,3,3,tstr,2026
846,80640,S14,3,3,tstr,2026
847,80704,S14,3,3,tstr,2026
848,80768,S14,3,3,tstr,2026
849,80832,S14,3,3,tstr,2026
850,80896,S14,3,3,tstr,2026
851,80960,S14,3,3,tstr,2026
852,81024,S14,3,3,tstr,2026
853,81088,S14,3,3,tstr,2026
854,81152,S14,3,3,tstr,2026
855,81216,S14,3,3,tstr,2026
856,81280,S14,3,3,tstr,2026
857,81344,S14,3,3,tstr,2026
858,81408,S14,3,3,tstr,2026
859,81472,S14,3,3,tstr,2026
860,81536,S14,3,3,tstr,2026
861,81600,S14,3,3,tstr,2026
862,81664,S14,3,3,tstr,2026
863,81728,S14,3,3,tstr,2026
864,81792,S14,3,3,tstr,2026
865,81856,S14,3,3,tstr,2026
866,81920,S14,3,3,tstr,2026
867,81984,S14,3,3,tstr,2026
868,82048,S14,3,3,tstr,2026
869,82112,S14,3,3,tstr,2026
870,82176,S14,3,3,tstr,2026
871,82240,S14,3,3,tstr,2026
872,82304,S14,3,3,tstr,2026
873,82368,S14,3,3,tstr,2026
874,82432,S14,3,3,tstr,2026
875,82496,S14,3,3,tstr,2026
876,82560,S14,3,3,tstr,2026
877,82624,S14,3,3,tstr,2026
878,82688,S14,3,3,tstr,2026
879,82752,S14,3,3,tstr,2026
880,82816,S14,3,3,tstr,2026
881,82880,S14,3,3,tstr,2026
882,82944,S14,3,3,tstr,2026
883,83008,S14,3,3,tstr,2026
884,83072,S14,3,3,tstr,2026
885,83136,S14,3,3,tstr,2026
886,83200,S14,3,3,tstr,2026
887,83264,S14,3,3,tstr,2026
888,83328,S14,3,3,tstr,2026
889,83392,S14,3,3,tstr,2026
890,83456,S14,3,3,tstr,2026
891,83520,S14,3,3,tstr,2026
892,83584,S14,3,3,tstr,2026
893,83648,S14,3,3,tstr,2026
894,83712,S14,3,3,tstr,2026
895,83776,S14,3,3,tstr,2026
896,83840,S14,3,3,tstr,2026
897,83904,S14,3,3,tstr,2026
898,83968,S14,3,3,tstr,2026
899,84032,S14,3,3,tstr,2026
900,84096,S14,3,3,tstr,2026
901,84160,S14,3,3,tstr,2026
902,84224,S14,3,3,tstr,2026
903,84288,S14,3,3,tstr,2026
904,84352,S14,3,3,tstr,2026
905,84416,S14,3,3,tstr,2026
906,84480,S14,3,3,tstr,2026
907,84544,S14,3,3,tstr,2026
908,84608,S14,3,3,tstr,2026
909,84672,S14,3,3,tstr,2026
910,84736,S14,3,2,tstr,2026
911,84800,S14,3,3,tstr,2026
912,84864,S14,3,3,tstr,2026
913,84928,S14,3,3,tstr,2026
914,84992,S14,3,3,tstr,2026
915,85056,S14,3,3,tstr,2026
916,85120,S14,3,3,tstr,2026
917,85184,S14,3,3,tstr,2026
918,85248,S14,3,3,tstr,2026
919,85312,S14,3,3,tstr,2026
920,85376,S14,3,3,tstr,2026
921,85440,S14,3,3,tstr,2026
922,85504,S14,3,3,tstr,2026
923,85568,S14,3,3,tstr,2026
924,85632,S14,3,3,tstr,2026
925,85696,S14,3,3,tstr,2026
926,85760,S14,3,3,tstr,2026
927,85824,S14,3,3,tstr,2026
928,85888,S14,3,3,tstr,2026
929,85952,S14,3,3,tstr,2026
930,86016,S14,3,3,tstr,2026
931,86080,S14,3,3,tstr,2026
932,86144,S14,3,3,tstr,2026
933,86208,S14,3,3,tstr,2026
934,86272,S14,3,3,tstr,2026
935,86336,S14,3,3,tstr,2026
936,86400,S14,3,3,tstr,2026
937,86464,S14,3,3,tstr,2026
938,86528,S14,3,3,tstr,2026
939,86592,S14,3,3,tstr,2026
940,86656,S14,3,3,tstr,2026
941,106944,S14,4,4,tstr,2026
942,107008,S14,4,4,tstr,2026
943,107072,S14,4,4,tstr,2026
944,107136,S14,4,5,tstr,2026
945,107200,S14,4,4,tstr,2026
946,107264,S14,4,4,tstr,2026
947,107328,S14,4,4,tstr,2026
948,107392,S14,4,4,tstr,2026
949,107456,S14,4,5,tstr,2026
950,107520,S14,4,4,tstr,2026
951,107584,S14,4,4,tstr,2026
952,107648,S14,4,4,tstr,2026
953,107712,S14,4,5,tstr,2026
954,107776,S14,4,5,tstr,2026
955,107840,S14,4,5,tstr,2026
956,107904,S14,4,4,tstr,2026
957,107968,S14,4,4,tstr,2026
958,108032,S14,4,5,tstr,2026
959,108096,S14,4,5,tstr,2026
960,108160,S14,4,7,tstr,2026
961,108224,S14,4,4,tstr,2026
962,108288,S14,4,7,tstr,2026
963,108352,S14,4,4,tstr,2026
964,108416,S14,4,5,tstr,2026
965,108480,S14,4,7,tstr,2026
966,108544,S14,4,4,tstr,2026
967,108608,S14,4,5,tstr,2026
968,108672,S14,4,4,tstr,2026
969,108736,S14,4,4,tstr,2026
970,108800,S14,4,4,tstr,2026
971,108864,S14,4,5,tstr,2026
972,108928,S14,4,4,tstr,2026
973,108992,S14,4,7,tstr,2026
974,109056,S14,4,5,tstr,2026
975,109120,S14,4,4,tstr,2026
976,109184,S14,4,5,tstr,2026
977,109248,S14,4,5,tstr,2026
978,109312,S14,4,4,tstr,2026
979,109376,S14,4,5,tstr,2026
980,109440,S14,4,4,tstr,2026
981,109504,S14,4,4,tstr,2026
982,109568,S14,4,4,tstr,2026
983,109632,S14,4,7,tstr,2026
984,109696,S14,4,4,tstr,2026
985,109760,S14,4,7,tstr,2026
986,109824,S14,4,5,tstr,2026
987,109888,S14,4,4,tstr,2026
988,109952,S14,4,4,tstr,2026
989,110016,S14,4,4,tstr,2026
990,110080,S14,4,4,tstr,2026
991,110144,S14,4,4,tstr,2026
992,110208,S14,4,4,tstr,2026
993,110272,S14,4,7,tstr,2026
994,110336,S14,4,4,tstr,2026
995,110400,S14,4,4,tstr,2026
996,110464,S14,4,4,tstr,2026
997,110528,S14,4,5,tstr,2026
998,110592,S14,4,4,tstr,2026
999,110656,S14,4,4,tstr,2026
1000,110720,S14,4,4,tstr,2026
1001,110784,S14,4,5,tstr,2026
1002,110848,S14,4,4,tstr,2026
1003,110912,S14,4,0,tstr,2026
1004,110976,S14,4,4,tstr,2026
1005,111040,S14,4,4,tstr,2026
1006,111104,S14,4,7,tstr,2026
1007,111168,S14,4,7,tstr,2026
1008,111232,S14,4,7,tstr,2026
1009,111296,S14,4,4,tstr,2026
1010,111360,S14,4,5,tstr,2026
1011,111424,S14,4,5,tstr,2026
1012,111488,S14,4,5,tstr,2026
1013,111552,S14,4,4,tstr,2026
1014,111616,S14,4,4,tstr,2026
1015,111680,S14,4,5,tstr,2026
1016,111744,S14,4,4,tstr,2026
1017,111808,S14,4,5,tstr,2026
1018,111872,S14,4,5,tstr,2026
1019,111936,S14,4,4,tstr,2026
1020,112000,S14,4,4,tstr,2026
1021,112064,S14,4,7,tstr,2026
1022,112128,S14,4,4,tstr,2026
1023,112192,S14,4,5,tstr,2026
1024,112256,S14,4,5,tstr,2026
1025,112320,S14,4,4,tstr,2026
1026,112384,S14,4,4,tstr,2026
1027,112448,S14,4,4,tstr,2026
1028,112512,S14,4,2,tstr,2026
1029,112576,S14,4,4,tstr,2026
1030,112640,S14,4,4,tstr,2026
1031,112704,S14,4,7,tstr,2026
1032,112768,S14,4,5,tstr,2026
1033,112832,S14,4,7,tstr,2026
1034,112896,S14,4,4,tstr,2026
1035,112960,S14,4,4,tstr,2026
1036,113024,S14,4,4,tstr,2026
1037,113088,S14,4,4,tstr,2026
1038,113152,S14,4,7,tstr,2026
1039,113216,S14,4,4,tstr,2026
1040,113280,S14,4,4,tstr,2026
1041,113344,S14,4,4,tstr,2026
1042,113408,S14,4,5,tstr,2026
1043,113472,S14,4,4,tstr,2026
1044,113536,S14,4,4,tstr,2026
1045,113600,S14,4,4,tstr,2026
1046,113664,S14,4,4,tstr,2026
1047,113728,S14,4,5,tstr,2026
1048,113792,S14,4,5,tstr,2026
1049,113856,S14,4,7,tstr,2026
1050,113920,S14,4,4,tstr,2026
1051,113984,S14,4,5,tstr,2026
1052,114048,S14,4,4,tstr,2026
1053,114112,S14,4,4,tstr,2026
1054,114176,S14,4,4,tstr,2026
1055,114240,S14,4,4,tstr,2026
1056,114304,S14,4,4,tstr,2026
1057,114368,S14,4,7,tstr,2026
1058,114432,S14,4,7,tstr,2026
1059,114496,S14,4,4,tstr,2026
1060,114560,S14,4,5,tstr,2026
1061,114624,S14,4,5,tstr,2026
1062,114688,S14,4,4,tstr,2026
1063,114752,S14,4,5,tstr,2026
1064,114816,S14,4,4,tstr,2026
1065,114880,S14,4,5,tstr,2026
1066,114944,S14,4,4,tstr,2026
1067,115008,S14,4,4,tstr,2026
1068,115072,S14,4,5,tstr,2026
1069,115136,S14,4,5,tstr,2026
1070,115200,S14,4,4,tstr,2026
1071,115264,S14,4,5,tstr,2026
1072,115328,S14,4,4,tstr,2026
1073,115392,S14,4,4,tstr,2026
1074,115456,S14,4,4,tstr,2026
1075,115520,S14,4,4,tstr,2026
1076,115584,S14,4,5,tstr,2026
1077,115648,S14,4,4,tstr,2026
1078,115712,S14,4,4,tstr,2026
1079,115776,S14,4,4,tstr,2026
1080,115840,S14,4,5,tstr,2026
1081,115904,S14,4,4,tstr,2026
1082,115968,S14,4,4,tstr,2026
1083,116032,S14,4,7,tstr,2026
1084,116096,S14,4,4,tstr,2026
1085,116160,S14,4,4,tstr,2026
1086,116224,S14,4,4,tstr,2026
1087,116288,S14,4,4,tstr,2026
1088,116352,S14,4,5,tstr,2026
1089,116416,S14,4,4,tstr,2026
1090,116480,S14,4,4,tstr,2026
1091,116544,S14,4,5,tstr,2026
1092,116608,S14,4,4,tstr,2026
1093,116672,S14,4,4,tstr,2026
1094,116736,S14,4,4,tstr,2026
1095,116800,S14,4,4,tstr,2026
1096,116864,S14,4,5,tstr,2026
1097,116928,S14,4,4,tstr,2026
1098,116992,S14,4,4,tstr,2026
1099,117056,S14,4,7,tstr,2026
1100,117120,S14,4,4,tstr,2026
1101,117184,S14,4,5,tstr,2026
1102,117248,S14,4,4,tstr,2026
1103,117312,S14,4,7,tstr,2026
1104,117376,S14,4,4,tstr,2026
1105,117440,S14,4,4,tstr,2026
1106,117504,S14,4,5,tstr,2026
1107,117568,S14,4,4,tstr,2026
1108,117632,S14,4,0,tstr,2026
1109,117696,S14,4,4,tstr,2026
1110,117760,S14,4,4,tstr,2026
1111,117824,S14,4,5,tstr,2026
1112,117888,S14,4,5,tstr,2026
1113,117952,S14,4,4,tstr,2026
1114,118016,S14,4,5,tstr,2026
1115,118080,S14,4,5,tstr,2026
1116,118144,S14,4,5,tstr,2026
1117,118208,S14,4,7,tstr,2026
1118,118272,S14,4,5,tstr,2026
1119,118336,S14,4,5,tstr,2026
1120,118400,S14,4,4,tstr,2026
1121,118464,S14,4,4,tstr,2026
1122,118528,S14,4,4,tstr,2026
1123,118592,S14,4,2,tstr,2026
1124,118656,S14,4,5,tstr,2026
1125,118720,S14,4,4,tstr,2026
1126,118784,S14,4,7,tstr,2026
1127,118848,S14,4,4,tstr,2026
1128,118912,S14,4,7,tstr,2026
1129,118976,S14,4,4,tstr,2026
1130,119040,S14,4,4,tstr,2026
1131,119104,S14,4,5,tstr,2026
1132,119168,S14,4,5,tstr,2026
1133,119232,S14,4,7,tstr,2026
1134,119296,S14,4,4,tstr,2026
1135,119360,S14,4,4,tstr,2026
1136,119424,S14,4,7,tstr,2026
1137,119488,S14,4,4,tstr,2026
1138,119552,S14,4,4,tstr,2026
1139,119616,S14,4,4,tstr,2026
1140,119680,S14,4,4,tstr,2026
1141,119744,S14,4,4,tstr,2026
1142,119808,S14,4,4,tstr,2026
1143,119872,S14,4,4,tstr,2026
1144,119936,S14,4,6,tstr,2026
1145,120000,S14,4,4,tstr,2026
1146,120064,S14,4,4,tstr,2026
1147,120128,S14,4,4,tstr,2026
1148,120192,S14,4,4,tstr,2026
1149,120256,S14,4,4,tstr,2026
1150,120320,S14,4,5,tstr,2026
1151,120384,S14,4,5,tstr,2026
1152,120448,S14,4,4,tstr,2026
1153,120512,S14,4,4,tstr,2026
1154,120576,S14,4,7,tstr,2026
1155,120640,S14,4,4,tstr,2026
1156,120704,S14,4,4,tstr,2026
1157,120768,S14,4,4,tstr,2026
1158,120832,S14,4,5,tstr,2026
1159,120896,S14,4,4,tstr,2026
1160,120960,S14,4,4,tstr,2026
1161,121024,S14,4,4,tstr,2026
1162,121088,S14,4,4,tstr,2026
1163,121152,S14,4,4,tstr,2026
1164,121216,S14,4,7,tstr,2026
1165,121280,S14,4,4,tstr,2026
1166,121344,S14,4,5,tstr,2026
1167,121408,S14,4,5,tstr,2026
1168,121472,S14,4,4,tstr,2026
1169,121536,S14,4,4,tstr,2026
1170,121600,S14,4,4,tstr,2026
1171,121664,S14,4,4,tstr,2026
1172,121728,S14,4,4,tstr,2026
1173,121792,S14,4,4,tstr,2026
1174,121856,S14,4,5,tstr,2026
1175,121920,S14,4,5,tstr,2026
1176,121984,S14,4,4,tstr,2026
1177,122048,S14,4,4,tstr,2026
1178,122112,S14,4,4,tstr,2026
1179,122176,S14,4,4,tstr,2026
1180,122240,S14,4,4,tstr,2026
1181,122304,S14,4,4,tstr,2026
1182,122368,S14,4,4,tstr,2026
1183,122432,S14,4,7,tstr,2026
1184,122496,S14,4,7,tstr,2026
1185,122560,S14,4,4,tstr,2026
1186,122624,S14,4,2,tstr,2026
1187,122688,S14,4,4,tstr,2026
1188,122752,S14,4,5,tstr,2026
1189,122816,S14,4,7,tstr,2026
1190,122880,S14,4,4,tstr,2026
1191,122944,S14,4,7,tstr,2026
1192,123008,S14,4,4,tstr,2026
1193,123072,S14,4,7,tstr,2026
1194,123136,S14,4,5,tstr,2026
1195,123200,S14,4,6,tstr,2026
1196,123264,S14,4,5,tstr,2026
1197,123328,S14,4,4,tstr,2026
1198,123392,S14,4,4,tstr,2026
1199,123456,S14,4,4,tstr,2026
1200,123520,S14,4,4,tstr,2026
1201,123584,S14,4,4,tstr,2026
1202,123648,S14,4,5,tstr,2026
1203,123712,S14,4,4,tstr,2026
1204,123776,S14,4,4,tstr,2026
1205,123840,S14,4,2,tstr,2026
1206,123904,S14,4,5,tstr,2026
1207,123968,S14,4,4,tstr,2026
1208,124032,S14,4,4,tstr,2026
1209,124096,S14,4,4,tstr,2026
1210,124160,S14,4,4,tstr,2026
1211,124224,S14,4,5,tstr,2026
1212,124288,S14,4,4,tstr,2026
1213,124352,S14,4,4,tstr,2026
1214,124416,S14,4,4,tstr,2026
1215,124480,S14,4,4,tstr,2026
1216,124544,S14,4,4,tstr,2026
1217,124608,S14,4,7,tstr,2026
1218,124672,S14,4,2,tstr,2026
1219,124736,S14,4,4,tstr,2026
1220,124800,S14,4,5,tstr,2026
1221,124864,S14,4,4,tstr,2026
1222,124928,S14,4,4,tstr,2026
1223,124992,S14,4,4,tstr,2026
1224,125056,S14,4,7,tstr,2026
1225,125120,S14,4,5,tstr,2026
1226,125184,S14,4,5,tstr,2026
1227,125248,S14,4,5,tstr,2026
1228,125312,S14,4,5,tstr,2026
1229,125376,S14,4,4,tstr,2026
1230,125440,S14,4,5,tstr,2026
1231,125504,S14,4,4,tstr,2026
1232,125568,S14,4,4,tstr,2026
1233,125632,S14,4,4,tstr,2026
1234,125696,S14,4,4,tstr,2026
1235,125760,S14,4,4,tstr,2026
1236,125824,S14,4,4,tstr,2026
1237,125888,S14,4,5,tstr,2026
1238,125952,S14,4,4,tstr,2026
1239,126016,S14,4,7,tstr,2026
1240,126080,S14,4,2,tstr,2026
1241,126144,S14,4,7,tstr,2026
1242,126208,S14,4,4,tstr,2026
1243,126272,S14,4,7,tstr,2026
1244,126336,S14,4,4,tstr,2026
1245,126400,S14,4,5,tstr,2026
1246,126464,S14,4,4,tstr,2026
1247,126528,S14,4,4,tstr,2026
1248,126592,S14,4,4,tstr,2026
1249,126656,S14,4,4,tstr,2026
1250,126720,S14,4,4,tstr,2026
1251,126784,S14,4,4,tstr,2026
1252,126848,S14,4,7,tstr,2026
1253,126912,S14,4,4,tstr,2026
1254,126976,S14,4,5,tstr,2026
1255,127040,S14,4,5,tstr,2026
1256,127104,S14,4,2,tstr,2026
1257,127168,S14,4,7,tstr,2026
1258,127232,S14,4,4,tstr,2026
1259,127296,S14,4,7,tstr,2026
1260,127360,S14,4,7,tstr,2026
1261,127424,S14,4,4,tstr,2026
1262,127488,S14,4,4,tstr,2026
1263,127552,S14,4,4,tstr,2026
1264,127616,S14,4,5,tstr,2026
1265,127680,S14,4,7,tstr,2026
1266,127744,S14,4,4,tstr,2026
1267,127808,S14,4,4,tstr,2026
1268,127872,S14,4,4,tstr,2026
1269,127936,S14,4,4,tstr,2026
1270,128000,S14,4,5,tstr,2026
1271,128064,S14,4,4,tstr,2026
1272,128128,S14,4,4,tstr,2026
1273,128192,S14,4,7,tstr,2026
1274,128256,S14,4,7,tstr,2026
1275,128320,S14,4,4,tstr,2026
1276,128384,S14,4,7,tstr,2026
1277,128448,S14,4,4,tstr,2026
1278,128512,S14,4,4,tstr,2026
1279,128576,S14,4,7,tstr,2026
1280,128640,S14,4,5,tstr,2026
1281,128704,S14,4,4,tstr,2026
1282,128768,S14,4,5,tstr,2026
1283,128832,S14,4,5,tstr,2026
1284,128896,S14,4,7,tstr,2026
1285,128960,S14,4,4,tstr,2026
1286,129024,S14,4,5,tstr,2026
1287,129088,S14,4,0,tstr,2026
1288,129152,S14,4,4,tstr,2026
1289,129216,S14,4,4,tstr,2026
1290,129280,S14,4,5,tstr,2026
1291,129344,S14,4,5,tstr,2026
1292,129408,S14,4,4,tstr,2026
1293,129472,S14,4,4,tstr,2026
1294,129536,S14,4,4,tstr,2026
1295,129600,S14,4,5,tstr,2026
1296,129664,S14,4,4,tstr,2026
1297,129728,S14,4,4,tstr,2026
1298,129792,S14,4,4,tstr,2026
1299,129856,S14,4,5,tstr,2026
1300,129920,S14,4,7,tstr,2026
1301,129984,S14,4,4,tstr,2026
1302,130048,S14,4,4,tstr,2026
1303,130112,S14,4,5,tstr,2026
1304,130176,S14,4,4,tstr,2026
1305,130240,S14,4,5,tstr,2026
1306,130304,S14,4,5,tstr,2026
1307,130368,S14,4,4,tstr,2026
1308,130432,S14,4,2,tstr,2026
1309,130496,S14,4,4,tstr,2026
1310,130560,S14,4,4,tstr,2026
1311,130624,S14,4,4,tstr,2026
1312,130688,S14,4,4,tstr,2026
1313,130752,S14,4,5,tstr,2026
1314,130816,S14,4,4,tstr,2026
1315,130880,S14,4,4,tstr,2026
1316,130944,S14,4,7,tstr,2026
1317,131008,S14,4,7,tstr,2026
1318,131072,S14,4,7,tstr,2026
1319,131136,S14,4,4,tstr,2026
1320,131200,S14,4,4,tstr,2026
1321,131264,S14,4,4,tstr,2026
1322,131328,S14,4,5,tstr,2026
1323,131392,S14,4,4,tstr,2026
1324,131456,S14,4,4,tstr,2026
1325,131520,S14,4,4,tstr,2026
1326,131584,S14,4,4,tstr,2026
1327,131648,S14,4,5,tstr,2026
1328,131712,S14,4,4,tstr,2026
1329,131776,S14,4,4,tstr,2026
1330,131840,S14,4,7,tstr,2026
1331,131904,S14,4,5,tstr,2026
1332,131968,S14,4,4,tstr,2026
1333,132032,S14,4,4,tstr,2026
1334,132096,S14,4,2,tstr,2026
1335,132160,S14,4,7,tstr,2026
1336,132224,S14,4,4,tstr,2026
1337,132288,S14,4,4,tstr,2026
1338,132352,S14,4,5,tstr,2026
1339,132416,S14,4,7,tstr,2026
1340,132480,S14,4,4,tstr,2026
1341,132544,S14,4,4,tstr,2026
1342,132608,S14,4,5,tstr,2026
1343,132672,S14,4,4,tstr,2026
1344,132736,S14,4,4,tstr,2026
1345,132800,S14,4,4,tstr,2026
1346,132864,S14,4,7,tstr,2026
1347,132928,S14,4,4,tstr,2026
1348,132992,S14,4,7,tstr,2026
1349,133056,S14,4,5,tstr,2026
1350,133120,S14,4,7,tstr,2026
1351,133184,S14,4,4,tstr,2026
1352,133248,S14,4,4,tstr,2026
1353,133312,S14,4,7,tstr,2026
1354,133376,S14,4,4,tstr,2026
1355,133440,S14,4,4,tstr,2026
1356,133504,S14,4,4,tstr,2026
1357,133568,S14,4,4,tstr,2026
1358,133632,S14,4,4,tstr,2026
1359,133696,S14,4,4,tstr,2026
1360,133760,S14,4,5,tstr,2026
1361,133824,S14,4,5,tstr,2026
1362,133888,S14,4,4,tstr,2026
1363,133952,S14,4,4,tstr,2026
1364,134016,S14,4,4,tstr,2026
1365,134080,S14,4,4,tstr,2026
1366,134144,S14,4,4,tstr,2026
1367,134208,S14,4,4,tstr,2026
1368,134272,S14,4,4,tstr,2026
1369,134336,S14,4,5,tstr,2026
1370,134400,S14,4,4,tstr,2026
1371,134464,S14,4,4,tstr,2026
1372,134528,S14,4,4,tstr,2026
1373,134592,S14,4,4,tstr,2026
1374,134656,S14,4,4,tstr,2026
1375,134720,S14,4,5,tstr,2026
1376,134784,S14,4,2,tstr,2026
1377,134848,S14,4,7,tstr,2026
1378,134912,S14,4,5,tstr,2026
1379,134976,S14,4,4,tstr,2026
1380,135040,S14,4,5,tstr,2026
1381,135104,S14,4,4,tstr,2026
1382,135168,S14,4,4,tstr,2026
1383,135232,S14,4,4,tstr,2026
1384,135296,S14,4,5,tstr,2026
1385,135360,S14,4,4,tstr,2026
1386,135424,S14,4,4,tstr,2026
1387,135488,S14,4,5,tstr,2026
1388,135552,S14,4,4,tstr,2026
1389,135616,S14,4,5,tstr,2026
1390,135680,S14,4,5,tstr,2026
1391,135744,S14,4,4,tstr,2026
1392,135808,S14,4,7,tstr,2026
1393,135872,S14,4,4,tstr,2026
1394,135936,S14,4,4,tstr,2026
1395,136000,S14,4,4,tstr,2026
1396,136064,S14,4,4,tstr,2026
1397,136128,S14,4,5,tstr,2026
1398,136192,S14,4,7,tstr,2026
1399,136256,S14,4,2,tstr,2026
1400,136320,S14,4,7,tstr,2026
1401,136384,S14,4,5,tstr,2026
1402,136448,S14,4,4,tstr,2026
1403,136512,S14,4,4,tstr,2026
1404,136576,S14,4,4,tstr,2026
1405,136640,S14,4,4,tstr,2026
1406,136704,S14,4,4,tstr,2026
1407,136768,S14,4,5,tstr,2026
1408,136832,S14,4,4,tstr,2026
1409,136896,S14,4,5,tstr,2026
1410,136960,S14,4,7,tstr,2026
1411,137024,S14,4,4,tstr,2026
1412,137088,S14,4,5,tstr,2026
1413,137152,S14,4,4,tstr,2026
1414,137216,S14,4,5,tstr,2026
1415,137280,S14,4,4,tstr,2026
1416,151488,S14,5,5,tstr,2026
1417,151552,S14,5,0,tstr,2026
1418,151616,S14,5,5,tstr,2026
1419,151680,S14,5,5,tstr,2026
1420,151744,S14,5,5,tstr,2026
1421,151808,S14,5,5,tstr,2026
1422,151872,S14,5,5,tstr,2026
1423,151936,S14,5,7,tstr,2026
1424,152000,S14,5,7,tstr,2026
1425,152064,S14,5,5,tstr,2026
1426,152128,S14,5,0,tstr,2026
1427,152192,S14,5,2,tstr,2026
1428,152256,S14,5,5,tstr,2026
1429,152320,S14,5,7,tstr,2026
1430,152384,S14,5,5,tstr,2026
1431,152448,S14,5,5,tstr,2026
1432,152512,S14,5,0,tstr,2026
1433,152576,S14,5,5,tstr,2026
1434,152640,S14,5,5,tstr,2026
1435,152704,S14,5,7,tstr,2026
1436,152768,S14,5,0,tstr,2026
1437,152832,S14,5,5,tstr,2026
1438,152896,S14,5,0,tstr,2026
1439,152960,S14,5,7,tstr,2026
1440,153024,S14,5,7,tstr,2026
1441,153088,S14,5,5,tstr,2026
1442,153152,S14,5,5,tstr,2026
1443,153216,S14,5,5,tstr,2026
1444,153280,S14,5,5,tstr,2026
1445,153344,S14,5,4,tstr,2026
1446,153408,S14,5,5,tstr,2026
1447,153472,S14,5,2,tstr,2026
1448,153536,S14,5,5,tstr,2026
1449,153600,S14,5,5,tstr,2026
1450,153664,S14,5,5,tstr,2026
1451,153728,S14,5,7,tstr,2026
1452,153792,S14,5,5,tstr,2026
1453,153856,S14,5,5,tstr,2026
1454,153920,S14,5,4,tstr,2026
1455,153984,S14,5,5,tstr,2026
1456,154048,S14,5,0,tstr,2026
1457,154112,S14,5,5,tstr,2026
1458,154176,S14,5,5,tstr,2026
1459,154240,S14,5,5,tstr,2026
1460,154304,S14,5,5,tstr,2026
1461,154368,S14,5,5,tstr,2026
1462,154432,S14,5,5,tstr,2026
1463,154496,S14,5,4,tstr,2026
1464,154560,S14,5,5,tstr,2026
1465,154624,S14,5,5,tstr,2026
1466,154688,S14,5,7,tstr,2026
1467,154752,S14,5,5,tstr,2026
1468,154816,S14,5,4,tstr,2026
1469,154880,S14,5,7,tstr,2026
1470,154944,S14,5,7,tstr,2026
1471,155008,S14,5,5,tstr,2026
1472,155072,S14,5,5,tstr,2026
1473,155136,S14,5,5,tstr,2026
1474,155200,S14,5,7,tstr,2026
1475,155264,S14,5,5,tstr,2026
1476,155328,S14,5,5,tstr,2026
1477,155392,S14,5,5,tstr,2026
1478,155456,S14,5,7,tstr,2026
1479,155520,S14,5,5,tstr,2026
1480,155584,S14,5,5,tstr,2026
1481,155648,S14,5,5,tstr,2026
1482,155712,S14,5,4,tstr,2026
1483,155776,S14,5,5,tstr,2026
1484,155840,S14,5,5,tstr,2026
1485,155904,S14,5,5,tstr,2026
1486,155968,S14,5,7,tstr,2026
1487,156032,S14,5,5,tstr,2026
1488,156096,S14,5,7,tstr,2026
1489,156160,S14,5,7,tstr,2026
1490,156224,S14,5,7,tstr,2026
1491,156288,S14,5,7,tstr,2026
1492,156352,S14,5,5,tstr,2026
1493,156416,S14,5,7,tstr,2026
1494,156480,S14,5,5,tstr,2026
1495,156544,S14,5,7,tstr,2026
1496,156608,S14,5,5,tstr,2026
1497,156672,S14,5,5,tstr,2026
1498,156736,S14,5,7,tstr,2026
1499,156800,S14,5,7,tstr,2026
1500,156864,S14,5,7,tstr,2026
1501,156928,S14,5,7,tstr,2026
1502,156992,S14,5,5,tstr,2026
1503,157056,S14,5,7,tstr,2026
1504,157120,S14,5,4,tstr,2026
1505,157184,S14,5,5,tstr,2026
1506,157248,S14,5,5,tstr,2026
1507,157312,S14,5,7,tstr,2026
1508,157376,S14,5,0,tstr,2026
1509,157440,S14,5,7,tstr,2026
1510,157504,S14,5,7,tstr,2026
1511,157568,S14,5,7,tstr,2026
1512,157632,S14,5,5,tstr,2026
1513,157696,S14,5,4,tstr,2026
1514,157760,S14,5,5,tstr,2026
1515,157824,S14,5,2,tstr,2026
1516,157888,S14,5,0,tstr,2026
1517,157952,S14,5,5,tstr,2026
1518,158016,S14,5,5,tstr,2026
1519,158080,S14,5,7,tstr,2026
1520,158144,S14,5,7,tstr,2026
1521,158208,S14,5,4,tstr,2026
1522,158272,S14,5,5,tstr,2026
1523,158336,S14,5,7,tstr,2026
1524,158400,S14,5,5,tstr,2026
1525,158464,S14,5,4,tstr,2026
1526,158528,S14,5,5,tstr,2026
1527,158592,S14,5,4,tstr,2026
1528,158656,S14,5,4,tstr,2026
1529,158720,S14,5,0,tstr,2026
1530,158784,S14,5,5,tstr,2026
1531,158848,S14,5,5,tstr,2026
1532,158912,S14,5,5,tstr,2026
1533,158976,S14,5,5,tstr,2026
1534,159040,S14,5,5,tstr,2026
1535,159104,S14,5,7,tstr,2026
1536,159168,S14,5,5,tstr,2026
1537,159232,S14,5,5,tstr,2026
1538,159296,S14,5,5,tstr,2026
1539,159360,S14,5,5,tstr,2026
1540,159424,S14,5,5,tstr,2026
1541,159488,S14,5,7,tstr,2026
1542,159552,S14,5,5,tstr,2026
1543,159616,S14,5,5,tstr,2026
1544,159680,S14,5,4,tstr,2026
1545,159744,S14,5,5,tstr,2026
1546,159808,S14,5,5,tstr,2026
1547,159872,S14,5,5,tstr,2026
1548,159936,S14,5,5,tstr,2026
1549,160000,S14,5,7,tstr,2026
1550,160064,S14,5,7,tstr,2026
1551,160128,S14,5,5,tstr,2026
1552,160192,S14,5,5,tstr,2026
1553,160256,S14,5,5,tstr,2026
1554,160320,S14,5,4,tstr,2026
1555,160384,S14,5,4,tstr,2026
1556,160448,S14,5,2,tstr,2026
1557,160512,S14,5,7,tstr,2026
1558,160576,S14,5,0,tstr,2026
1559,160640,S14,5,7,tstr,2026
1560,160704,S14,5,7,tstr,2026
1561,160768,S14,5,5,tstr,2026
1562,160832,S14,5,5,tstr,2026
1563,160896,S14,5,7,tstr,2026
1564,160960,S14,5,7,tstr,2026
1565,161024,S14,5,7,tstr,2026
1566,161088,S14,5,4,tstr,2026
1567,161152,S14,5,0,tstr,2026
1568,161216,S14,5,5,tstr,2026
1569,161280,S14,5,0,tstr,2026
1570,161344,S14,5,5,tstr,2026
1571,161408,S14,5,5,tstr,2026
1572,161472,S14,5,7,tstr,2026
1573,161536,S14,5,7,tstr,2026
1574,161600,S14,5,2,tstr,2026
1575,161664,S14,5,5,tstr,2026
1576,161728,S14,5,4,tstr,2026
1577,161792,S14,5,7,tstr,2026
1578,161856,S14,5,7,tstr,2026
1579,161920,S14,5,7,tstr,2026
1580,161984,S14,5,5,tstr,2026
1581,162048,S14,5,0,tstr,2026
1582,162112,S14,5,5,tstr,2026
1583,162176,S14,5,5,tstr,2026
1584,162240,S14,5,5,tstr,2026
1585,162304,S14,5,7,tstr,2026
1586,162368,S14,5,5,tstr,2026
1587,162432,S14,5,5,tstr,2026
1588,162496,S14,5,5,tstr,2026
1589,162560,S14,5,5,tstr,2026
1590,162624,S14,5,7,tstr,2026
1591,162688,S14,5,7,tstr,2026
1592,162752,S14,5,5,tstr,2026
1593,162816,S14,5,7,tstr,2026
1594,162880,S14,5,4,tstr,2026
1595,162944,S14,5,7,tstr,2026
1596,163008,S14,5,5,tstr,2026
1597,163072,S14,5,5,tstr,2026
1598,163136,S14,5,5,tstr,2026
1599,163200,S14,5,5,tstr,2026
1600,163264,S14,5,5,tstr,2026
1601,163328,S14,5,5,tstr,2026
1602,163392,S14,5,7,tstr,2026
1603,163456,S14,5,5,tstr,2026
1604,163520,S14,5,5,tstr,2026
1605,163584,S14,5,5,tstr,2026
1606,163648,S14,5,0,tstr,2026
1607,163712,S14,5,7,tstr,2026
1608,163776,S14,5,4,tstr,2026
1609,163840,S14,5,5,tstr,2026
1610,163904,S14,5,4,tstr,2026
1611,163968,S14,5,7,tstr,2026
1612,164032,S14,5,4,tstr,2026
1613,164096,S14,5,5,tstr,2026
1614,164160,S14,5,7,tstr,2026
1615,164224,S14,5,5,tstr,2026
1616,164288,S14,5,5,tstr,2026
1617,164352,S14,5,7,tstr,2026
1618,164416,S14,5,7,tstr,2026
1619,164480,S14,5,5,tstr,2026
1620,164544,S14,5,5,tstr,2026
1621,164608,S14,5,5,tstr,2026
1622,164672,S14,5,0,tstr,2026
1623,164736,S14,5,4,tstr,2026
1624,164800,S14,5,7,tstr,2026
1625,164864,S14,5,5,tstr,2026
1626,164928,S14,5,4,tstr,2026
1627,164992,S14,5,7,tstr,2026
1628,165056,S14,5,5,tstr,2026
1629,165120,S14,5,4,tstr,2026
1630,165184,S14,5,5,tstr,2026
1631,165248,S14,5,5,tstr,2026
1632,165312,S14,5,5,tstr,2026
1633,165376,S14,5,7,tstr,2026
1634,165440,S14,5,7,tstr,2026
1635,165504,S14,5,0,tstr,2026
1636,165568,S14,5,0,tstr,2026
1637,165632,S14,5,5,tstr,2026
1638,165696,S14,5,5,tstr,2026
1639,165760,S14,5,7,tstr,2026
1640,165824,S14,5,7,tstr,2026
1641,165888,S14,5,5,tstr,2026
1642,165952,S14,5,5,tstr,2026
1643,166016,S14,5,5,tstr,2026
1644,166080,S14,5,5,tstr,2026
1645,166144,S14,5,5,tstr,2026
1646,166208,S14,5,5,tstr,2026
1647,166272,S14,5,7,tstr,2026
1648,166336,S14,5,5,tstr,2026
1649,166400,S14,5,0,tstr,2026
1650,166464,S14,5,7,tstr,2026
1651,166528,S14,5,5,tstr,2026
1652,166592,S14,5,5,tstr,2026
1653,166656,S14,5,7,tstr,2026
1654,166720,S14,5,5,tstr,2026
1655,166784,S14,5,7,tstr,2026
1656,166848,S14,5,7,tstr,2026
1657,166912,S14,5,5,tstr,2026
1658,166976,S14,5,5,tstr,2026
1659,167040,S14,5,7,tstr,2026
1660,167104,S14,5,4,tstr,2026
1661,167168,S14,5,5,tstr,2026
1662,167232,S14,5,4,tstr,2026
1663,167296,S14,5,5,tstr,2026
1664,167360,S14,5,5,tstr,2026
1665,167424,S14,5,5,tstr,2026
1666,167488,S14,5,5,tstr,2026
1667,167552,S14,5,5,tstr,2026
1668,167616,S14,5,5,tstr,2026
1669,167680,S14,5,5,tstr,2026
1670,167744,S14,5,7,tstr,2026
1671,167808,S14,5,7,tstr,2026
1672,167872,S14,5,7,tstr,2026
1673,167936,S14,5,7,tstr,2026
1674,168000,S14,5,5,tstr,2026
1675,168064,S14,5,0,tstr,2026
1676,168128,S14,5,7,tstr,2026
1677,168192,S14,5,5,tstr,2026
1678,168256,S14,5,0,tstr,2026
1679,168320,S14,5,5,tstr,2026
1680,168384,S14,5,5,tstr,2026
1681,168448,S14,5,5,tstr,2026
1682,168512,S14,5,5,tstr,2026
1683,168576,S14,5,7,tstr,2026
1684,168640,S14,5,7,tstr,2026
1685,168704,S14,5,7,tstr,2026
1686,168768,S14,5,7,tstr,2026
1687,168832,S14,5,5,tstr,2026
1688,168896,S14,5,7,tstr,2026
1689,168960,S14,5,5,tstr,2026
1690,169024,S14,5,2,tstr,2026
1691,169088,S14,5,5,tstr,2026
1692,169152,S14,5,0,tstr,2026
1693,169216,S14,5,7,tstr,2026
1694,169280,S14,5,7,tstr,2026
1695,169344,S14,5,5,tstr,2026
1696,169408,S14,5,2,tstr,2026
1697,169472,S14,5,5,tstr,2026
1698,169536,S14,5,5,tstr,2026
1699,169600,S14,5,4,tstr,2026
1700,169664,S14,5,7,tstr,2026
1701,169728,S14,5,0,tstr,2026
1702,169792,S14,5,5,tstr,2026
1703,169856,S14,5,5,tstr,2026
1704,169920,S14,5,7,tstr,2026
1705,169984,S14,5,5,tstr,2026
1706,170048,S14,5,7,tstr,2026
1707,170112,S14,5,5,tstr,2026
1708,170176,S14,5,7,tstr,2026
1709,170240,S14,5,5,tstr,2026
1710,170304,S14,5,0,tstr,2026
1711,170368,S14,5,0,tstr,2026
1712,170432,S14,5,4,tstr,2026
1713,170496,S14,5,5,tstr,2026
1714,170560,S14,5,5,tstr,2026
1715,170624,S14,5,4,tstr,2026
1716,170688,S14,5,4,tstr,2026
1717,170752,S14,5,7,tstr,2026
1718,170816,S14,5,7,tstr,2026
1719,170880,S14,5,7,tstr,2026
1720,170944,S14,5,7,tstr,2026
1721,171008,S14,5,5,tstr,2026
1722,171072,S14,5,5,tstr,2026
1723,171136,S14,5,5,tstr,2026
1724,171200,S14,5,0,tstr,2026
1725,171264,S14,5,5,tstr,2026
1726,171328,S14,5,4,tstr,2026
1727,171392,S14,5,5,tstr,2026
1728,171456,S14,5,5,tstr,2026
1729,171520,S14,5,2,tstr,2026
1730,171584,S14,5,5,tstr,2026
1731,171648,S14,5,4,tstr,2026
1732,171712,S14,5,7,tstr,2026
1733,171776,S14,5,0,tstr,2026
1734,171840,S14,5,5,tstr,2026
1735,171904,S14,5,7,tstr,2026
1736,171968,S14,5,4,tstr,2026
1737,172032,S14,5,5,tstr,2026
1738,172096,S14,5,7,tstr,2026
1739,172160,S14,5,7,tstr,2026
1740,172224,S14,5,0,tstr,2026
1741,172288,S14,5,7,tstr,2026
1742,172352,S14,5,5,tstr,2026
1743,172416,S14,5,0,tstr,2026
1744,172480,S14,5,4,tstr,2026
1745,172544,S14,5,2,tstr,2026
1746,172608,S14,5,7,tstr,2026
1747,172672,S14,5,4,tstr,2026
1748,172736,S14,5,5,tstr,2026
1749,172800,S14,5,7,tstr,2026
1750,172864,S14,5,7,tstr,2026
1751,172928,S14,5,5,tstr,2026
1752,172992,S14,5,7,tstr,2026
1753,173056,S14,5,5,tstr,2026
1754,173120,S14,5,5,tstr,2026
1755,173184,S14,5,7,tstr,2026
1756,173248,S14,5,7,tstr,2026
1757,173312,S14,5,5,tstr,2026
1758,173376,S14,5,7,tstr,2026
1759,173440,S14,5,5,tstr,2026
1760,173504,S14,5,5,tstr,2026
1761,173568,S14,5,5,tstr,2026
1762,173632,S14,5,5,tstr,2026
1763,173696,S14,5,5,tstr,2026
1764,173760,S14,5,7,tstr,2026
1765,173824,S14,5,5,tstr,2026
1766,173888,S14,5,5,tstr,2026
1767,173952,S14,5,7,tstr,2026
1768,174016,S14,5,5,tstr,2026
1769,174080,S14,5,7,tstr,2026
1770,174144,S14,5,5,tstr,2026
1771,174208,S14,5,5,tstr,2026
1772,174272,S14,5,7,tstr,2026
1773,174336,S14,5,7,tstr,2026
1774,174400,S14,5,5,tstr,2026
1775,174464,S14,5,5,tstr,2026
1776,174528,S14,5,7,tstr,2026
1777,174592,S14,5,2,tstr,2026
1778,174656,S14,5,5,tstr,2026
1779,174720,S14,5,7,tstr,2026
1780,174784,S14,5,5,tstr,2026
1781,174848,S14,5,7,tstr,2026
1782,174912,S14,5,5,tstr,2026
1783,174976,S14,5,7,tstr,2026
1784,175040,S14,5,5,tstr,2026
1785,175104,S14,5,5,tstr,2026
1786,175168,S14,5,2,tstr,2026
1787,175232,S14,5,5,tstr,2026
1788,175296,S14,5,5,tstr,2026
1789,175360,S14,5,5,tstr,2026
1790,175424,S14,5,5,tstr,2026
1791,175488,S14,5,5,tstr,2026
1792,175552,S14,5,5,tstr,2026
1793,175616,S14,5,4,tstr,2026
1794,175680,S14,5,5,tstr,2026
1795,175744,S14,5,4,tstr,2026
1796,175808,S14,5,5,tstr,2026
1797,175872,S14,5,5,tstr,2026
1798,175936,S14,5,5,tstr,2026
1799,176000,S14,5,7,tstr,2026
1800,176064,S14,5,0,tstr,2026
1801,176128,S14,5,2,tstr,2026
1802,176192,S14,5,7,tstr,2026
1803,176256,S14,5,7,tstr,2026
1804,176320,S14,5,5,tstr,2026
1805,176384,S14,5,0,tstr,2026
1806,176448,S14,5,5,tstr,2026
1807,176512,S14,5,7,tstr,2026
1808,176576,S14,5,7,tstr,2026
1809,176640,S14,5,7,tstr,2026
1810,176704,S14,5,5,tstr,2026
1811,176768,S14,5,5,tstr,2026
1812,176832,S14,5,5,tstr,2026
1813,176896,S14,5,7,tstr,2026
1814,176960,S14,5,5,tstr,2026
1815,177024,S14,5,5,tstr,2026
1816,177088,S14,5,5,tstr,2026
1817,177152,S14,5,7,tstr,2026
1818,177216,S14,5,5,tstr,2026
1819,177280,S14,5,5,tstr,2026
1820,177344,S14,5,5,tstr,2026
1821,177408,S14,5,5,tstr,2026
1822,177472,S14,5,5,tstr,2026
1823,177536,S14,5,0,tstr,2026
1824,177600,S14,5,5,tstr,2026
1825,177664,S14,5,7,tstr,2026
1826,177728,S14,5,5,tstr,2026
1827,177792,S14,5,0,tstr,2026
1828,177856,S14,5,5,tstr,2026
1829,177920,S14,5,5,tstr,2026
1830,177984,S14,5,5,tstr,2026
1831,178048,S14,5,0,tstr,2026
1832,178112,S14,5,5,tstr,2026
1833,178176,S14,5,5,tstr,2026
1834,178240,S14,5,6,tstr,2026
1835,178304,S14,5,5,tstr,2026
1836,178368,S14,5,7,tstr,2026
1837,178432,S14,5,7,tstr,2026
1838,178496,S14,5,7,tstr,2026
1839,178560,S14,5,5,tstr,2026
1840,178624,S14,5,5,tstr,2026
1841,178688,S14,5,7,tstr,2026
1842,178752,S14,5,5,tstr,2026
1843,178816,S14,5,5,tstr,2026
1844,178880,S14,5,7,tstr,2026
1845,178944,S14,5,5,tstr,2026
1846,179008,S14,5,4,tstr,2026
1847,179072,S14,5,5,tstr,2026
1848,179136,S14,5,4,tstr,2026
1849,179200,S14,5,0,tstr,2026
1850,179264,S14,5,5,tstr,2026
1851,179328,S14,5,5,tstr,2026
1852,179392,S14,5,5,tstr,2026
1853,179456,S14,5,4,tstr,2026
1854,179520,S14,5,5,tstr,2026
1855,179584,S14,5,5,tstr,2026
1856,179648,S14,5,5,tstr,2026
1857,179712,S14,5,5,tstr,2026
1858,179776,S14,5,5,tstr,2026
1859,179840,S14,5,7,tstr,2026
1860,179904,S14,5,5,tstr,2026
1861,179968,S14,5,5,tstr,2026
1862,180032,S14,5,5,tstr,2026
1863,180096,S14,5,0,tstr,2026
1864,180160,S14,5,5,tstr,2026
1865,180224,S14,5,5,tstr,2026
1866,180288,S14,5,7,tstr,2026
1867,180352,S14,5,0,tstr,2026
1868,180416,S14,5,5,tstr,2026
1869,180480,S14,5,5,tstr,2026
1870,180544,S14,5,7,tstr,2026
1871,180608,S14,5,7,tstr,2026
1872,180672,S14,5,7,tstr,2026
1873,180736,S14,5,5,tstr,2026
1874,180800,S14,5,5,tstr,2026
1875,180864,S14,5,5,tstr,2026
1876,180928,S14,5,5,tstr,2026
1877,180992,S14,5,5,tstr,2026
1878,181056,S14,5,5,tstr,2026
1879,181120,S14,5,0,tstr,2026
1880,181184,S14,5,5,tstr,2026
1881,181248,S14,5,5,tstr,2026
1882,181312,S14,5,7,tstr,2026
1883,181376,S14,5,5,tstr,2026
1884,181440,S14,5,7,tstr,2026
1885,181504,S14,5,7,tstr,2026
1886,181568,S14,5,5,tstr,2026
1887,181632,S14,5,7,tstr,2026
1888,181696,S14,5,5,tstr,2026
1889,181760,S14,5,5,tstr,2026
1890,181824,S14,5,5,tstr,2026
1891,181888,S14,5,0,tstr,2026
1892,181952,S14,5,5,tstr,2026
1893,182016,S14,5,5,tstr,2026
1894,182080,S14,5,7,tstr,2026
1895,182144,S14,5,5,tstr,2026
1896,182208,S14,5,5,tstr,2026
1897,182272,S14,5,7,tstr,2026
1898,182336,S14,5,5,tstr,2026
1899,182400,S14,5,5,tstr,2026
1900,182464,S14,5,7,tstr,2026
1901,182528,S14,5,5,tstr,2026
1902,182592,S14,5,5,tstr,2026
1903,182656,S14,5,7,tstr,2026
1904,182720,S14,5,5,tstr,2026
1905,182784,S14,5,7,tstr,2026
1906,182848,S14,5,7,tstr,2026
1907,182912,S14,5,5,tstr,2026
1908,182976,S14,5,7,tstr,2026
1909,183040,S14,5,7,tstr,2026
1910,183104,S14,5,5,tstr,2026
1911,183168,S14,5,5,tstr,2026
1912,183232,S14,5,5,tstr,2026
1913,183296,S14,5,5,tstr,2026
1914,183360,S14,5,5,tstr,2026
1915,183424,S14,5,7,tstr,2026
1916,183488,S14,5,5,tstr,2026
1917,183552,S14,5,5,tstr,2026
1918,183616,S14,5,5,tstr,2026
1919,183680,S14,5,5,tstr,2026
1920,183744,S14,5,4,tstr,2026
1921,183808,S14,5,5,tstr,2026
1922,183872,S14,5,7,tstr,2026
1923,183936,S14,5,5,tstr,2026
1924,184000,S14,5,5,tstr,2026
1925,184064,S14,5,7,tstr,2026
1926,184128,S14,5,5,tstr,2026
1927,184192,S14,5,7,tstr,2026
1928,184256,S14,5,5,tstr,2026
1929,184320,S14,5,5,tstr,2026
1930,184384,S14,5,7,tstr,2026
1931,184448,S14,5,5,tstr,2026
1932,184512,S14,5,5,tstr,2026
1933,184576,S14,5,5,tstr,2026
1934,184640,S14,5,5,tstr,2026
1935,184704,S14,5,5,tstr,2026
1936,184768,S14,5,0,tstr,2026
1937,184832,S14,5,7,tstr,2026
1938,184896,S14,5,4,tstr,2026
1939,184960,S14,5,7,tstr,2026
1940,185024,S14,5,7,tstr,2026
1941,185088,S14,5,5,tstr,2026
1942,185152,S14,5,0,tstr,2026
1943,185216,S14,5,5,tstr,2026
1944,185280,S14,5,5,tstr,2026
1945,185344,S14,5,5,tstr,2026
1946,185408,S14,5,7,tstr,2026
1947,185472,S14,5,5,tstr,2026
1948,185536,S14,5,5,tstr,2026
1949,185600,S14,5,5,tstr,2026
1950,185664,S14,5,5,tstr,2026
1951,185728,S14,5,5,tstr,2026
1952,185792,S14,5,5,tstr,2026
1953,185856,S14,5,2,tstr,2026
1954,185920,S14,5,5,tstr,2026
1955,185984,S14,5,7,tstr,2026
1956,186048,S14,5,7,tstr,2026
1957,186112,S14,5,7,tstr,2026
1958,186176,S14,5,5,tstr,2026
1959,186240,S14,5,7,tstr,2026
1960,186304,S14,5,5,tstr,2026
1961,186368,S14,5,0,tstr,2026
1962,186432,S14,5,7,tstr,2026
1963,186496,S14,5,5,tstr,2026
1964,186560,S14,5,7,tstr,2026
1965,186624,S14,5,7,tstr,2026
1966,186688,S14,5,4,tstr,2026
1967,186752,S14,5,5,tstr,2026
1968,186816,S14,5,7,tstr,2026
1969,186880,S14,5,7,tstr,2026
1970,186944,S14,5,7,tstr,2026
1971,187008,S14,5,5,tstr,2026
1972,187072,S14,5,7,tstr,2026
1973,187136,S14,5,7,tstr,2026
1974,187200,S14,5,5,tstr,2026
1975,187264,S14,5,5,tstr,2026
1976,187328,S14,5,5,tstr,2026
1977,187392,S14,5,7,tstr,2026
1978,187456,S14,5,5,tstr,2026
1979,187520,S14,5,5,tstr,2026
1980,187584,S14,5,5,tstr,2026
1981,187648,S14,5,5,tstr,2026
1982,187712,S14,5,0,tstr,2026
1983,187776,S14,5,5,tstr,2026
1984,187840,S14,5,5,tstr,2026
1985,187904,S14,5,7,tstr,2026
1986,187968,S14,5,5,tstr,2026
1987,188032,S14,5,7,tstr,2026
1988,188096,S14,5,5,tstr,2026
1989,188160,S14,5,7,tstr,2026
1990,188224,S14,5,5,tstr,2026
1991,188288,S14,5,5,tstr,2026
1992,188352,S14,5,7,tstr,2026
1993,188416,S14,5,5,tstr,2026
1994,188480,S14,5,5,tstr,2026
1995,188544,S14,5,7,tstr,2026
1996,188608,S14,5,0,tstr,2026
1997,188672,S14,5,5,tstr,2026
1998,188736,S14,5,5,tstr,2026
1999,188800,S14,5,5,tstr,2026
2000,188864,S14,5,5,tstr,2026
2001,188928,S14,5,5,tstr,2026
2002,188992,S14,5,4,tstr,2026
2003,189056,S14,5,7,tstr,2026
2004,189120,S14,5,5,tstr,2026
2005,189184,S14,5,5,tstr,2026
2006,189248,S14,5,5,tstr,2026
2007,189312,S14,5,5,tstr,2026
2008,189376,S14,5,5,tstr,2026
2009,189440,S14,5,5,tstr,2026
2010,189504,S14,5,7,tstr,2026
2011,189568,S14,5,0,tstr,2026
2012,189632,S14,5,5,tstr,2026
2013,189696,S14,5,5,tstr,2026
2014,189760,S14,5,7,tstr,2026
2015,189824,S14,5,5,tstr,2026
2016,189888,S14,5,7,tstr,2026
2017,189952,S14,5,5,tstr,2026
2018,190016,S14,5,7,tstr,2026
2019,190080,S14,5,5,tstr,2026
2020,190144,S14,5,5,tstr,2026
2021,190208,S14,5,7,tstr,2026
2022,190272,S14,5,7,tstr,2026
2023,190336,S14,5,7,tstr,2026
2024,190400,S14,5,7,tstr,2026
2025,190464,S14,5,5,tstr,2026
2026,190528,S14,5,7,tstr,2026
2027,190592,S14,5,7,tstr,2026
2028,190656,S14,5,5,tstr,2026
2029,190720,S14,5,7,tstr,2026
2030,190784,S14,5,5,tstr,2026
2031,190848,S14,5,5,tstr,2026
2032,190912,S14,5,7,tstr,2026
2033,190976,S14,5,4,tstr,2026
2034,191040,S14,5,7,tstr,2026
2035,191104,S14,5,4,tstr,2026
2036,191168,S14,5,5,tstr,2026
2037,191232,S14,5,5,tstr,2026
2038,191296,S14,5,4,tstr,2026
2039,191360,S14,5,5,tstr,2026
2040,191424,S14,5,7,tstr,2026
2041,191488,S14,5,4,tstr,2026
2042,191552,S14,5,4,tstr,2026
2043,191616,S14,5,5,tstr,2026
2044,191680,S14,5,0,tstr,2026
2045,191744,S14,5,7,tstr,2026
2046,191808,S14,5,5,tstr,2026
2047,191872,S14,5,5,tstr,2026
2048,191936,S14,5,7,tstr,2026
2049,192000,S14,5,2,tstr,2026
2050,192064,S14,5,5,tstr,2026
2051,192128,S14,5,5,tstr,2026
2052,192192,S14,5,7,tstr,2026
2053,192256,S14,5,5,tstr,2026
2054,192320,S14,5,5,tstr,2026
2055,192384,S14,5,5,tstr,2026
2056,192448,S14,5,7,tstr,2026
2057,192512,S14,5,5,tstr,2026
2058,192576,S14,5,5,tstr,2026
2059,192640,S14,5,5,tstr,2026
2060,192704,S14,5,7,tstr,2026
2061,192768,S14,5,7,tstr,2026
2062,192832,S14,5,7,tstr,2026
2063,192896,S14,5,1,tstr,2026
2064,192960,S14,5,5,tstr,2026
2065,193024,S14,5,7,tstr,2026
2066,193088,S14,5,7,tstr,2026
2067,193152,S14,5,7,tstr,2026
2068,193216,S14,5,5,tstr,2026
2069,193280,S14,5,7,tstr,2026
2070,193344,S14,5,7,tstr,2026
2071,193408,S14,5,5,tstr,2026
2072,193472,S14,5,7,tstr,2026
2073,193536,S14,5,7,tstr,2026
2074,193600,S14,5,5,tstr,2026
2075,193664,S14,5,5,tstr,2026
2076,193728,S14,5,4,tstr,2026
2077,193792,S14,5,5,tstr,2026
2078,193856,S14,5,5,tstr,2026
2079,193920,S14,5,5,tstr,2026
2080,193984,S14,5,7,tstr,2026
2081,194048,S14,5,7,tstr,2026
2082,194112,S14,5,5,tstr,2026
2083,194176,S14,5,2,tstr,2026
2084,194240,S14,5,5,tstr,2026
2085,194304,S14,5,7,tstr,2026
2086,194368,S14,5,5,tstr,2026
2087,194432,S14,5,0,tstr,2026
2088,194496,S14,5,5,tstr,2026
2089,194560,S14,5,5,tstr,2026
2090,194624,S14,5,7,tstr,2026
2091,194688,S14,5,7,tstr,2026
2092,194752,S14,5,5,tstr,2026
2093,194816,S14,5,7,tstr,2026
2094,194880,S14,5,0,tstr,2026
2095,194944,S14,5,5,tstr,2026
2096,195008,S14,5,5,tstr,2026
2097,195072,S14,5,7,tstr,2026
2098,195136,S14,5,7,tstr,2026
2099,195200,S14,5,5,tstr,2026
2100,195264,S14,5,7,tstr,2026
2101,195328,S14,5,5,tstr,2026
2102,195392,S14,5,7,tstr,2026
2103,195456,S14,5,5,tstr,2026
2104,195520,S14,5,5,tstr,2026
2105,195584,S14,5,5,tstr,2026
2106,195648,S14,5,7,tstr,2026
2107,195712,S14,5,5,tstr,2026
2108,195776,S14,5,7,tstr,2026
2109,195840,S14,5,5,tstr,2026
2110,195904,S14,5,5,tstr,2026
2111,195968,S14,5,7,tstr,2026
2112,196032,S14,5,5,tstr,2026
2113,196096,S14,5,0,tstr,2026
2114,196160,S14,5,5,tstr,2026
2115,196224,S14,5,7,tstr,2026
2116,196288,S14,5,5,tstr,2026
2117,196352,S14,5,5,tstr,2026
2118,196416,S14,5,5,tstr,2026
2119,196480,S14,5,7,tstr,2026
2120,196544,S14,5,5,tstr,2026
2121,196608,S14,5,5,tstr,2026
2122,196672,S14,5,5,tstr,2026
2123,196736,S14,5,5,tstr,2026
2124,196800,S14,5,5,tstr,2026
2125,196864,S14,5,7,tstr,2026
2126,196928,S14,5,7,tstr,2026
2127,196992,S14,5,7,tstr,2026
2128,197056,S14,5,5,tstr,2026
2129,197120,S14,5,5,tstr,2026
2130,197184,S14,5,5,tstr,2026
2131,197248,S14,5,5,tstr,2026
2132,197312,S14,5,4,tstr,2026
2133,197376,S14,5,4,tstr,2026
2134,197440,S14,5,5,tstr,2026
2135,197504,S14,5,7,tstr,2026
2136,197568,S14,5,5,tstr,2026
2137,197632,S14,5,5,tstr,2026
2138,197696,S14,5,7,tstr,2026
2139,197760,S14,5,5,tstr,2026
2140,197824,S14,5,4,tstr,2026
2141,197888,S14,5,7,tstr,2026
2142,197952,S14,5,7,tstr,2026
2143,198016,S14,5,5,tstr,2026
2144,198080,S14,5,7,tstr,2026
2145,198144,S14,5,7,tstr,2026
2146,198208,S14,5,5,tstr,2026
2147,198272,S14,5,5,tstr,2026
2148,198336,S14,5,5,tstr,2026
2149,198400,S14,5,0,tstr,2026
2150,198464,S14,5,5,tstr,2026
2151,198528,S14,5,5,tstr,2026
2152,198592,S14,5,7,tstr,2026
2153,198656,S14,5,5,tstr,2026
2154,198720,S14,5,7,tstr,2026
2155,198784,S14,5,5,tstr,2026
2156,198848,S14,5,7,tstr,2026
2157,198912,S14,5,0,tstr,2026
2158,198976,S14,5,5,tstr,2026
2159,199040,S14,5,5,tstr,2026
2160,199104,S14,5,7,tstr,2026
2161,199168,S14,5,7,tstr,2026
2162,199232,S14,5,5,tstr,2026
2163,199296,S14,5,5,tstr,2026
2164,199360,S14,5,0,tstr,2026
2165,199424,S14,5,5,tstr,2026
2166,199488,S14,5,4,tstr,2026
2167,199552,S14,5,5,tstr,2026
2168,199616,S14,5,0,tstr,2026
2169,199680,S14,5,5,tstr,2026
2170,199744,S14,5,5,tstr,2026
2171,199808,S14,5,5,tstr,2026
2172,199872,S14,5,7,tstr,2026
2173,199936,S14,5,5,tstr,2026
2174,200000,S14,5,7,tstr,2026
2175,200064,S14,5,5,tstr,2026
2176,200128,S14,5,5,tstr,2026
2177,200192,S14,5,7,tstr,2026
2178,200256,S14,5,5,tstr,2026
2179,200320,S14,5,5,tstr,2026
2180,200384,S14,5,5,tstr,2026
2181,200448,S14,5,7,tstr,2026
2182,200512,S14,5,5,tstr,2026
2183,200576,S14,5,5,tstr,2026
2184,200640,S14,5,5,tstr,2026
2185,200704,S14,5,5,tstr,2026
2186,200768,S14,5,4,tstr,2026
2187,200832,S14,5,5,tstr,2026
2188,200896,S14,5,0,tstr,2026
2189,200960,S14,5,4,tstr,2026
2190,201024,S14,5,7,tstr,2026
2191,201088,S14,5,5,tstr,2026
2192,201152,S14,5,5,tstr,2026
2193,201216,S14,5,5,tstr,2026
2194,201280,S14,5,0,tstr,2026
2195,201344,S14,5,7,tstr,2026
2196,201408,S14,5,5,tstr,2026
2197,201472,S14,5,5,tstr,2026
2198,201536,S14,5,0,tstr,2026
2199,201600,S14,5,5,tstr,2026
2200,201664,S14,5,5,tstr,2026
2201,201728,S14,5,5,tstr,2026
2202,201792,S14,5,5,tstr,2026
2203,201856,S14,5,5,tstr,2026
2204,201920,S14,5,5,tstr,2026
2205,201984,S14,5,5,tstr,2026
2206,202048,S14,5,2,tstr,2026
2207,202112,S14,5,7,tstr,2026
2208,202176,S14,5,5,tstr,2026
2209,202240,S14,5,5,tstr,2026
2210,202304,S14,5,4,tstr,2026
2211,202368,S14,5,4,tstr,2026
2212,202432,S14,5,5,tstr,2026
2213,202496,S14,5,5,tstr,2026
2214,202560,S14,5,7,tstr,2026
2215,202624,S14,5,5,tstr,2026
2216,202688,S14,5,5,tstr,2026
2217,202752,S14,5,5,tstr,2026
2218,202816,S14,5,7,tstr,2026
2219,202880,S14,5,7,tstr,2026
2220,202944,S14,5,5,tstr,2026
2221,203008,S14,5,5,tstr,2026
2222,203072,S14,5,5,tstr,2026
2223,203136,S14,5,7,tstr,2026
2224,203200,S14,5,5,tstr,2026
2225,203264,S14,5,7,tstr,2026
2226,203328,S14,5,5,tstr,2026
2227,203392,S14,5,7,tstr,2026
2228,203456,S14,5,5,tstr,2026
2229,203520,S14,5,5,tstr,2026
2230,203584,S14,5,7,tstr,2026
2231,203648,S14,5,5,tstr,2026
2232,203712,S14,5,5,tstr,2026
2233,203776,S14,5,7,tstr,2026
2234,203840,S14,5,5,tstr,2026
2235,203904,S14,5,5,tstr,2026
2236,203968,S14,5,5,tstr,2026
2237,204032,S14,5,7,tstr,2026
2238,204096,S14,5,4,tstr,2026
2239,204160,S14,5,5,tstr,2026
2240,204224,S14,5,7,tstr,2026
2241,204288,S14,5,5,tstr,2026
2242,204352,S14,5,7,tstr,2026
2243,204416,S14,5,7,tstr,2026
2244,204480,S14,5,5,tstr,2026
2245,204544,S14,5,5,tstr,2026
2246,204608,S14,5,0,tstr,2026
2247,204672,S14,5,7,tstr,2026
2248,204736,S14,5,0,tstr,2026
2249,204800,S14,5,5,tstr,2026
2250,204864,S14,5,5,tstr,2026
2251,204928,S14,5,5,tstr,2026
2252,204992,S14,5,7,tstr,2026
2253,205056,S14,5,4,tstr,2026
2254,205120,S14,5,7,tstr,2026
2255,205184,S14,5,5,tstr,2026
2256,205248,S14,5,7,tstr,2026
2257,205312,S14,5,5,tstr,2026
2258,205376,S14,5,5,tstr,2026
2259,205440,S14,5,4,tstr,2026
2260,205504,S14,5,5,tstr,2026
2261,205568,S14,5,7,tstr,2026
2262,205632,S14,5,5,tstr,2026
2263,205696,S14,5,5,tstr,2026
2264,205760,S14,5,4,tstr,2026
2265,205824,S14,5,7,tstr,2026
2266,205888,S14,5,7,tstr,2026
2267,205952,S14,5,0,tstr,2026
2268,206016,S14,5,7,tstr,2026
2269,206080,S14,5,4,tstr,2026
2270,206144,S14,5,5,tstr,2026
2271,206208,S14,5,5,tstr,2026
2272,206272,S14,5,0,tstr,2026
2273,206336,S14,5,7,tstr,2026
2274,206400,S14,5,7,tstr,2026
2275,206464,S14,5,5,tstr,2026
2276,206528,S14,5,4,tstr,2026
2277,206592,S14,5,5,tstr,2026
2278,206656,S14,5,6,tstr,2026
2279,206720,S14,5,7,tstr,2026
2280,206912,S14,6,6,tstr,2026
2281,206976,S14,6,6,tstr,2026
2282,207040,S14,6,6,tstr,2026
2283,207104,S14,6,1,tstr,2026
2284,207168,S14,6,2,tstr,2026
2285,207232,S14,6,6,tstr,2026
2286,207296,S14,6,6,tstr,2026
2287,207360,S14,6,6,tstr,2026
2288,207424,S14,6,6,tstr,2026
2289,207488,S14,6,6,tstr,2026
2290,207552,S14,6,1,tstr,2026
2291,207616,S14,6,6,tstr,2026
2292,207680,S14,6,6,tstr,2026
2293,207744,S14,6,6,tstr,2026
2294,207808,S14,6,6,tstr,2026
2295,207872,S14,6,1,tstr,2026
2296,207936,S14,6,6,tstr,2026
2297,208000,S14,6,6,tstr,2026
2298,208064,S14,6,6,tstr,2026
2299,208128,S14,6,6,tstr,2026
2300,208192,S14,6,6,tstr,2026
2301,208256,S14,6,6,tstr,2026
2302,208320,S14,6,1,tstr,2026
2303,208384,S14,6,5,tstr,2026
2304,208448,S14,6,1,tstr,2026
2305,208512,S14,6,1,tstr,2026
2306,208576,S14,6,6,tstr,2026
2307,208640,S14,6,6,tstr,2026
2308,208704,S14,6,1,tstr,2026
2309,208768,S14,6,1,tstr,2026
2310,208832,S14,6,6,tstr,2026
2311,208896,S14,6,6,tstr,2026
2312,208960,S14,6,6,tstr,2026
2313,209024,S14,6,6,tstr,2026
2314,209088,S14,6,6,tstr,2026
2315,209152,S14,6,6,tstr,2026
2316,209216,S14,6,1,tstr,2026
2317,209280,S14,6,6,tstr,2026
2318,209344,S14,6,6,tstr,2026
2319,209408,S14,6,6,tstr,2026
2320,209472,S14,6,6,tstr,2026
2321,209536,S14,6,1,tstr,2026
2322,209600,S14,6,1,tstr,2026
2323,209664,S14,6,6,tstr,2026
2324,209728,S14,6,6,tstr,2026
2325,209792,S14,6,1,tstr,2026
2326,209856,S14,6,6,tstr,2026
2327,209920,S14,6,2,tstr,2026
2328,209984,S14,6,6,tstr,2026
2329,210048,S14,6,6,tstr,2026
2330,210112,S14,6,1,tstr,2026
2331,210176,S14,6,1,tstr,2026
2332,210240,S14,6,6,tstr,2026
2333,210304,S14,6,6,tstr,2026
2334,210368,S14,6,1,tstr,2026
2335,210432,S14,6,6,tstr,2026
2336,210496,S14,6,1,tstr,2026
2337,210560,S14,6,6,tstr,2026
2338,210624,S14,6,1,tstr,2026
2339,210688,S14,6,6,tstr,2026
2340,210752,S14,6,1,tstr,2026
2341,210816,S14,6,6,tstr,2026
2342,210880,S14,6,6,tstr,2026
2343,210944,S14,6,6,tstr,2026
2344,211008,S14,6,6,tstr,2026
2345,211072,S14,6,1,tstr,2026
2346,211136,S14,6,1,tstr,2026
2347,211200,S14,6,6,tstr,2026
2348,211264,S14,6,6,tstr,2026
2349,211328,S14,6,6,tstr,2026
2350,211392,S14,6,1,tstr,2026
2351,211456,S14,6,6,tstr,2026
2352,211520,S14,6,6,tstr,2026
2353,211584,S14,6,6,tstr,2026
2354,211648,S14,6,6,tstr,2026
2355,211712,S14,6,6,tstr,2026
2356,211776,S14,6,6,tstr,2026
2357,211840,S14,6,6,tstr,2026
2358,211904,S14,6,1,tstr,2026
2359,211968,S14,6,1,tstr,2026
2360,212032,S14,6,6,tstr,2026
2361,212096,S14,6,1,tstr,2026
2362,212160,S14,6,6,tstr,2026
2363,212224,S14,6,6,tstr,2026
2364,212288,S14,6,6,tstr,2026
2365,212352,S14,6,6,tstr,2026
2366,212416,S14,6,6,tstr,2026
2367,212480,S14,6,1,tstr,2026
2368,212544,S14,6,6,tstr,2026
2369,212608,S14,6,6,tstr,2026
2370,212672,S14,6,6,tstr,2026
2371,212736,S14,6,6,tstr,2026
2372,212800,S14,6,1,tstr,2026
2373,212864,S14,6,6,tstr,2026
2374,212928,S14,6,6,tstr,2026
2375,212992,S14,6,1,tstr,2026
2376,213056,S14,6,6,tstr,2026
2377,213120,S14,6,6,tstr,2026
2378,213184,S14,6,1,tstr,2026
2379,213248,S14,6,1,tstr,2026
2380,213312,S14,6,6,tstr,2026
2381,213376,S14,6,6,tstr,2026
2382,213440,S14,6,1,tstr,2026
2383,213504,S14,6,6,tstr,2026
2384,213568,S14,6,6,tstr,2026
2385,213632,S14,6,6,tstr,2026
2386,213696,S14,6,1,tstr,2026
2387,213760,S14,6,1,tstr,2026
2388,213824,S14,6,1,tstr,2026
2389,213888,S14,6,6,tstr,2026
2390,213952,S14,6,6,tstr,2026
2391,214016,S14,6,6,tstr,2026
2392,214080,S14,6,6,tstr,2026
2393,214144,S14,6,6,tstr,2026
2394,214208,S14,6,6,tstr,2026
2395,214272,S14,6,6,tstr,2026
2396,214336,S14,6,6,tstr,2026
2397,214400,S14,6,1,tstr,2026
2398,214464,S14,6,1,tstr,2026
2399,214528,S14,6,1,tstr,2026
2400,214592,S14,6,1,tstr,2026
2401,214656,S14,6,6,tstr,2026
2402,214720,S14,6,6,tstr,2026
2403,214784,S14,6,6,tstr,2026
2404,214848,S14,6,6,tstr,2026
2405,214912,S14,6,6,tstr,2026
2406,214976,S14,6,6,tstr,2026
2407,215040,S14,6,6,tstr,2026
2408,215104,S14,6,6,tstr,2026
2409,215168,S14,6,6,tstr,2026
2410,215232,S14,6,1,tstr,2026
2411,215296,S14,6,1,tstr,2026
2412,215360,S14,6,6,tstr,2026
2413,215424,S14,6,1,tstr,2026
2414,215488,S14,6,1,tstr,2026
2415,215552,S14,6,6,tstr,2026
2416,215616,S14,6,6,tstr,2026
2417,215680,S14,6,1,tstr,2026
2418,215744,S14,6,1,tstr,2026
2419,215808,S14,6,1,tstr,2026
2420,215872,S14,6,1,tstr,2026
2421,215936,S14,6,6,tstr,2026
2422,216000,S14,6,6,tstr,2026
2423,216064,S14,6,6,tstr,2026
2424,216128,S14,6,6,tstr,2026
2425,216192,S14,6,6,tstr,2026
2426,216256,S14,6,6,tstr,2026
2427,216320,S14,6,6,tstr,2026
2428,216384,S14,6,6,tstr,2026
2429,216448,S14,6,6,tstr,2026
2430,216512,S14,6,6,tstr,2026
2431,216576,S14,6,1,tstr,2026
2432,216640,S14,6,1,tstr,2026
2433,216704,S14,6,1,tstr,2026
2434,216768,S14,6,6,tstr,2026
2435,216832,S14,6,6,tstr,2026
2436,216896,S14,6,6,tstr,2026
2437,216960,S14,6,1,tstr,2026
2438,217024,S14,6,1,tstr,2026
2439,217088,S14,6,1,tstr,2026
2440,217152,S14,6,6,tstr,2026
2441,217216,S14,6,6,tstr,2026
2442,217280,S14,6,6,tstr,2026
2443,217344,S14,6,1,tstr,2026
2444,217408,S14,6,6,tstr,2026
2445,217472,S14,6,6,tstr,2026
2446,217536,S14,6,6,tstr,2026
2447,217600,S14,6,1,tstr,2026
2448,217664,S14,6,4,tstr,2026
2449,217728,S14,6,6,tstr,2026
2450,217792,S14,6,6,tstr,2026
2451,217856,S14,6,6,tstr,2026
2452,217920,S14,6,6,tstr,2026
2453,217984,S14,6,6,tstr,2026
2454,218048,S14,6,1,tstr,2026
2455,218112,S14,6,6,tstr,2026
2456,218176,S14,6,1,tstr,2026
2457,218240,S14,6,6,tstr,2026
2458,218304,S14,6,6,tstr,2026
2459,218368,S14,6,6,tstr,2026
2460,218432,S14,6,6,tstr,2026
2461,218496,S14,6,6,tstr,2026
2462,218560,S14,6,5,tstr,2026
2463,218624,S14,6,6,tstr,2026
2464,218688,S14,6,6,tstr,2026
2465,218752,S14,6,6,tstr,2026
2466,218816,S14,6,6,tstr,2026
2467,218880,S14,6,6,tstr,2026
2468,218944,S14,6,6,tstr,2026
2469,219008,S14,6,6,tstr,2026
2470,219072,S14,6,6,tstr,2026
2471,219136,S14,6,6,tstr,2026
2472,219200,S14,6,1,tstr,2026
2473,219264,S14,6,6,tstr,2026
2474,219328,S14,6,6,tstr,2026
2475,219392,S14,6,6,tstr,2026
2476,219456,S14,6,1,tstr,2026
2477,219520,S14,6,6,tstr,2026
2478,219584,S14,6,6,tstr,2026
2479,219648,S14,6,1,tstr,2026
2480,219712,S14,6,6,tstr,2026
2481,219776,S14,6,6,tstr,2026
2482,219840,S14,6,6,tstr,2026
2483,219904,S14,6,6,tstr,2026
2484,219968,S14,6,5,tstr,2026
2485,220032,S14,6,6,tstr,2026
2486,220096,S14,6,6,tstr,2026
2487,220160,S14,6,6,tstr,2026
2488,220224,S14,6,2,tstr,2026
2489,220288,S14,6,1,tstr,2026
2490,220352,S14,6,6,tstr,2026
2491,220416,S14,6,6,tstr,2026
2492,220480,S14,6,1,tstr,2026
2493,220544,S14,6,1,tstr,2026
2494,220608,S14,6,1,tstr,2026
2495,220672,S14,6,6,tstr,2026
2496,220736,S14,6,1,tstr,2026
2497,220800,S14,6,6,tstr,2026
2498,220864,S14,6,6,tstr,2026
2499,220928,S14,6,1,tstr,2026
2500,220992,S14,6,6,tstr,2026
2501,221056,S14,6,1,tstr,2026
2502,221120,S14,6,1,tstr,2026
2503,221184,S14,6,6,tstr,2026
2504,221248,S14,6,1,tstr,2026
2505,221312,S14,6,6,tstr,2026
2506,221376,S14,6,6,tstr,2026
2507,221440,S14,6,1,tstr,2026
2508,221504,S14,6,6,tstr,2026
2509,221568,S14,6,6,tstr,2026
2510,221632,S14,6,1,tstr,2026
2511,221696,S14,6,6,tstr,2026
2512,221760,S14,6,6,tstr,2026
2513,221824,S14,6,6,tstr,2026
2514,221888,S14,6,6,tstr,2026
2515,221952,S14,6,6,tstr,2026
2516,222016,S14,6,1,tstr,2026
2517,222080,S14,6,6,tstr,2026
2518,222144,S14,6,1,tstr,2026
2519,222208,S14,6,6,tstr,2026
2520,222272,S14,6,1,tstr,2026
2521,222336,S14,6,6,tstr,2026
2522,222400,S14,6,1,tstr,2026
2523,222464,S14,6,6,tstr,2026
2524,222528,S14,6,1,tstr,2026
2525,222592,S14,6,6,tstr,2026
2526,222656,S14,6,1,tstr,2026
2527,222720,S14,6,6,tstr,2026
2528,222784,S14,6,1,tstr,2026
2529,222848,S14,6,6,tstr,2026
2530,222912,S14,6,1,tstr,2026
2531,222976,S14,6,6,tstr,2026
2532,223040,S14,6,7,tstr,2026
2533,223104,S14,6,6,tstr,2026
2534,223168,S14,6,6,tstr,2026
2535,223232,S14,6,6,tstr,2026
2536,223296,S14,6,1,tstr,2026
2537,223360,S14,6,6,tstr,2026
2538,223424,S14,6,6,tstr,2026
2539,223488,S14,6,1,tstr,2026
2540,223552,S14,6,1,tstr,2026
2541,223616,S14,6,6,tstr,2026
2542,223680,S14,6,1,tstr,2026
2543,223744,S14,6,1,tstr,2026
2544,223808,S14,6,6,tstr,2026
2545,223872,S14,6,1,tstr,2026
2546,223936,S14,6,6,tstr,2026
2547,224000,S14,6,6,tstr,2026
2548,224064,S14,6,1,tstr,2026
2549,224128,S14,6,6,tstr,2026
2550,224192,S14,6,6,tstr,2026
2551,224256,S14,6,1,tstr,2026
2552,224320,S14,6,6,tstr,2026
2553,224384,S14,6,1,tstr,2026
2554,224448,S14,6,6,tstr,2026
2555,224512,S14,6,6,tstr,2026
2556,224576,S14,6,6,tstr,2026
2557,224640,S14,6,1,tstr,2026
2558,224704,S14,6,6,tstr,2026
2559,224768,S14,6,6,tstr,2026
2560,224832,S14,6,1,tstr,2026
2561,224896,S14,6,6,tstr,2026
2562,224960,S14,6,6,tstr,2026
2563,225024,S14,6,6,tstr,2026
2564,225088,S14,6,6,tstr,2026
2565,225152,S14,6,6,tstr,2026
2566,225216,S14,6,1,tstr,2026
2567,225280,S14,6,6,tstr,2026
2568,225344,S14,6,1,tstr,2026
2569,225408,S14,6,6,tstr,2026
2570,225472,S14,6,1,tstr,2026
2571,225536,S14,6,1,tstr,2026
2572,225600,S14,6,6,tstr,2026
2573,225664,S14,6,6,tstr,2026
2574,225728,S14,6,6,tstr,2026
2575,225792,S14,6,6,tstr,2026
2576,225856,S14,6,1,tstr,2026
2577,225920,S14,6,6,tstr,2026
2578,225984,S14,6,1,tstr,2026
2579,226048,S14,6,6,tstr,2026
2580,226112,S14,6,6,tstr,2026
2581,226176,S14,6,6,tstr,2026
2582,226240,S14,6,6,tstr,2026
2583,226304,S14,6,6,tstr,2026
2584,226368,S14,6,6,tstr,2026
2585,226432,S14,6,6,tstr,2026
2586,228672,S14,7,7,tstr,2026
2587,228736,S14,7,7,tstr,2026
2588,228800,S14,7,7,tstr,2026
2589,228864,S14,7,7,tstr,2026
2590,228928,S14,7,7,tstr,2026
2591,228992,S14,7,5,tstr,2026
2592,229056,S14,7,7,tstr,2026
2593,229120,S14,7,7,tstr,2026
2594,229184,S14,7,5,tstr,2026
2595,229248,S14,7,7,tstr,2026
2596,229312,S14,7,4,tstr,2026
2597,229376,S14,7,5,tstr,2026
2598,229440,S14,7,7,tstr,2026
2599,229504,S14,7,7,tstr,2026
2600,229568,S14,7,7,tstr,2026
2601,229632,S14,7,7,tstr,2026
2602,229696,S14,7,7,tstr,2026
2603,229760,S14,7,5,tstr,2026
2604,229824,S14,7,7,tstr,2026
2605,229888,S14,7,7,tstr,2026
2606,229952,S14,7,7,tstr,2026
2607,230016,S14,7,5,tstr,2026
2608,230080,S14,7,5,tstr,2026
2609,230144,S14,7,7,tstr,2026
2610,230208,S14,7,7,tstr,2026
2611,230272,S14,7,5,tstr,2026
2612,230336,S14,7,5,tstr,2026
2613,230400,S14,7,7,tstr,2026
2614,230464,S14,7,7,tstr,2026
2615,230528,S14,7,7,tstr,2026
2616,230592,S14,7,5,tstr,2026
2617,230656,S14,7,4,tstr,2026
2618,230720,S14,7,5,tstr,2026
2619,230784,S14,7,5,tstr,2026
2620,230848,S14,7,0,tstr,2026
2621,230912,S14,7,7,tstr,2026
2622,230976,S14,7,7,tstr,2026
2623,231040,S14,7,7,tstr,2026
2624,231104,S14,7,7,tstr,2026
2625,231168,S14,7,5,tstr,2026
2626,231232,S14,7,4,tstr,2026
2627,231296,S14,7,7,tstr,2026
2628,231360,S14,7,5,tstr,2026
2629,231424,S14,7,7,tstr,2026
2630,231488,S14,7,7,tstr,2026
2631,231552,S14,7,7,tstr,2026
2632,231616,S14,7,7,tstr,2026
2633,231680,S14,7,5,tstr,2026
2634,231744,S14,7,5,tstr,2026
2635,231808,S14,7,7,tstr,2026
2636,231872,S14,7,7,tstr,2026
2637,231936,S14,7,7,tstr,2026
2638,232000,S14,7,7,tstr,2026
2639,232064,S14,7,7,tstr,2026
2640,232128,S14,7,5,tstr,2026
2641,232192,S14,7,7,tstr,2026
2642,232256,S14,7,7,tstr,2026
2643,232320,S14,7,5,tstr,2026
2644,232384,S14,7,7,tstr,2026
2645,232448,S14,7,7,tstr,2026
2646,232512,S14,7,7,tstr,2026
2647,232576,S14,7,7,tstr,2026
2648,232640,S14,7,7,tstr,2026
2649,232704,S14,7,7,tstr,2026
2650,232768,S14,7,4,tstr,2026
2651,232832,S14,7,7,tstr,2026
2652,232896,S14,7,7,tstr,2026
2653,232960,S14,7,7,tstr,2026
2654,233024,S14,7,7,tstr,2026
2655,233088,S14,7,5,tstr,2026
2656,233152,S14,7,7,tstr,2026
2657,233216,S14,7,5,tstr,2026
2658,233280,S14,7,5,tstr,2026
2659,233344,S14,7,0,tstr,2026
2660,233408,S14,7,4,tstr,2026
2661,233472,S14,7,7,tstr,2026
2662,233536,S14,7,5,tstr,2026
2663,233600,S14,7,5,tstr,2026
2664,233664,S14,7,5,tstr,2026
2665,233728,S14,7,7,tstr,2026
2666,233792,S14,7,7,tstr,2026
2667,233856,S14,7,4,tstr,2026
2668,233920,S14,7,7,tstr,2026
2669,233984,S14,7,7,tstr,2026
2670,234048,S14,7,7,tstr,2026
2671,234112,S14,7,7,tstr,2026
2672,234176,S14,7,7,tstr,2026
2673,234240,S14,7,5,tstr,2026
2674,234304,S14,7,5,tstr,2026
2675,234368,S14,7,7,tstr,2026
2676,234432,S14,7,7,tstr,2026
2677,234496,S14,7,7,tstr,2026
2678,234560,S14,7,7,tstr,2026
2679,234624,S14,7,7,tstr,2026
2680,234688,S14,7,7,tstr,2026
2681,234752,S14,7,7,tstr,2026
2682,234816,S14,7,5,tstr,2026
2683,234880,S14,7,5,tstr,2026
2684,234944,S14,7,5,tstr,2026
2685,235008,S14,7,5,tstr,2026
2686,235072,S14,7,7,tstr,2026
2687,235136,S14,7,7,tstr,2026
2688,235200,S14,7,7,tstr,2026
2689,235264,S14,7,7,tstr,2026
2690,235328,S14,7,0,tstr,2026
2691,235392,S14,7,5,tstr,2026
2692,235456,S14,7,7,tstr,2026
2693,235520,S14,7,7,tstr,2026
2694,235584,S14,7,5,tstr,2026
2695,235648,S14,7,7,tstr,2026
2696,235712,S14,7,5,tstr,2026
2697,235776,S14,7,7,tstr,2026
2698,235840,S14,7,7,tstr,2026
2699,235904,S14,7,7,tstr,2026
2700,235968,S14,7,7,tstr,2026
2701,236032,S14,7,5,tstr,2026
2702,236096,S14,7,7,tstr,2026
2703,236160,S14,7,7,tstr,2026
2704,236224,S14,7,7,tstr,2026
2705,236288,S14,7,7,tstr,2026
2706,236352,S14,7,5,tstr,2026
2707,236416,S14,7,7,tstr,2026
2708,236480,S14,7,7,tstr,2026
2709,236544,S14,7,7,tstr,2026
2710,236608,S14,7,7,tstr,2026
2711,236672,S14,7,5,tstr,2026
2712,236736,S14,7,7,tstr,2026
2713,236800,S14,7,0,tstr,2026
2714,236864,S14,7,7,tstr,2026
2715,236928,S14,7,5,tstr,2026
2716,236992,S14,7,7,tstr,2026
2717,237056,S14,7,0,tstr,2026
2718,237120,S14,7,0,tstr,2026
2719,237184,S14,7,5,tstr,2026
2720,237248,S14,7,7,tstr,2026
2721,237312,S14,7,5,tstr,2026
2722,237376,S14,7,7,tstr,2026
2723,237440,S14,7,5,tstr,2026
2724,237504,S14,7,7,tstr,2026
2725,237568,S14,7,7,tstr,2026
2726,237632,S14,7,7,tstr,2026
2727,237696,S14,7,7,tstr,2026
2728,237760,S14,7,7,tstr,2026
2729,237824,S14,7,7,tstr,2026
2730,237888,S14,7,7,tstr,2026
2731,237952,S14,7,7,tstr,2026
2732,238016,S14,7,7,tstr,2026
2733,238080,S14,7,5,tstr,2026
2734,238144,S14,7,7,tstr,2026
2735,238208,S14,7,5,tstr,2026
2736,238272,S14,7,5,tstr,2026
2737,238336,S14,7,7,tstr,2026
2738,238400,S14,7,5,tstr,2026
2739,238464,S14,7,7,tstr,2026
2740,238528,S14,7,7,tstr,2026
2741,238592,S14,7,5,tstr,2026
2742,238656,S14,7,7,tstr,2026
2743,238720,S14,7,0,tstr,2026
2744,238784,S14,7,5,tstr,2026
2745,238848,S14,7,5,tstr,2026
2746,238912,S14,7,5,tstr,2026
2747,238976,S14,7,5,tstr,2026
2748,239040,S14,7,7,tstr,2026
2749,239104,S14,7,7,tstr,2026
2750,239168,S14,7,5,tstr,2026
2751,239232,S14,7,7,tstr,2026
2752,239296,S14,7,4,tstr,2026
2753,239360,S14,7,4,tstr,2026
2754,239424,S14,7,7,tstr,2026
2755,239488,S14,7,7,tstr,2026
2756,239552,S14,7,7,tstr,2026
2757,239616,S14,7,7,tstr,2026
2758,239680,S14,7,5,tstr,2026
2759,239744,S14,7,7,tstr,2026
2760,239808,S14,7,7,tstr,2026
2761,239872,S14,7,7,tstr,2026
2762,239936,S14,7,7,tstr,2026
2763,240000,S14,7,5,tstr,2026
2764,240064,S14,7,7,tstr,2026
2765,240128,S14,7,7,tstr,2026
2766,240192,S14,7,7,tstr,2026
2767,240256,S14,7,5,tstr,2026
2768,240320,S14,7,5,tstr,2026
2769,240384,S14,7,7,tstr,2026
2770,240448,S14,7,5,tstr,2026
2771,240512,S14,7,7,tstr,2026
2772,240576,S14,7,7,tstr,2026
2773,240640,S14,7,7,tstr,2026
2774,240704,S14,7,5,tstr,2026
2775,240768,S14,7,7,tstr,2026
2776,240832,S14,7,7,tstr,2026
2777,240896,S14,7,7,tstr,2026
2778,240960,S14,7,5,tstr,2026
2779,241024,S14,7,5,tstr,2026
2780,241088,S14,7,4,tstr,2026
2781,241152,S14,7,7,tstr,2026
2782,241216,S14,7,7,tstr,2026
2783,241280,S14,7,7,tstr,2026
2784,241344,S14,7,7,tstr,2026
2785,241408,S14,7,7,tstr,2026
2786,241472,S14,7,5,tstr,2026
2787,241536,S14,7,7,tstr,2026
2788,241600,S14,7,5,tstr,2026
2789,241664,S14,7,0,tstr,2026
2790,241728,S14,7,5,tstr,2026
2791,241792,S14,7,7,tstr,2026
2792,241856,S14,7,4,tstr,2026
2793,241920,S14,7,7,tstr,2026
2794,241984,S14,7,0,tstr,2026
2795,242048,S14,7,5,tstr,2026
2796,242112,S14,7,7,tstr,2026
2797,242176,S14,7,7,tstr,2026
2798,242240,S14,7,7,tstr,2026
2799,242304,S14,7,0,tstr,2026
2800,242368,S14,7,4,tstr,2026
2801,242432,S14,7,0,tstr,2026
2802,242496,S14,7,7,tstr,2026
2803,242560,S14,7,7,tstr,2026
2804,242624,S14,7,5,tstr,2026
2805,242688,S14,7,7,tstr,2026
2806,242752,S14,7,7,tstr,2026
2807,242816,S14,7,5,tstr,2026
2808,242880,S14,7,5,tstr,2026
2809,242944,S14,7,0,tstr,2026
2810,243008,S14,7,5,tstr,2026
2811,243072,S14,7,7,tstr,2026
2812,243136,S14,7,7,tstr,2026
2813,243200,S14,7,4,tstr,2026
2814,243264,S14,7,4,tstr,2026
2815,243328,S14,7,7,tstr,2026
2816,243392,S14,7,5,tstr,2026
2817,243456,S14,7,7,tstr,2026
2818,243520,S14,7,5,tstr,2026
2819,243584,S14,7,5,tstr,2026
2820,243648,S14,7,7,tstr,2026
2821,243712,S14,7,7,tstr,2026
2822,243776,S14,7,5,tstr,2026
2823,243840,S14,7,7,tstr,2026
2824,243904,S14,7,7,tstr,2026
2825,243968,S14,7,7,tstr,2026
2826,244032,S14,7,7,tstr,2026
2827,244096,S14,7,7,tstr,2026
2828,244160,S14,7,5,tstr,2026
2829,244224,S14,7,7,tstr,2026
2830,244288,S14,7,7,tstr,2026
2831,244352,S14,7,5,tstr,2026
2832,244416,S14,7,7,tstr,2026
2833,244480,S14,7,7,tstr,2026
2834,244544,S14,7,7,tstr,2026
2835,244608,S14,7,7,tstr,2026
2836,244672,S14,7,7,tstr,2026
2837,244736,S14,7,7,tstr,2026
2838,244800,S14,7,7,tstr,2026
2839,244864,S14,7,5,tstr,2026
2840,244928,S14,7,0,tstr,2026
2841,244992,S14,7,7,tstr,2026
2842,245056,S14,7,7,tstr,2026
2843,245120,S14,7,5,tstr,2026
2844,245184,S14,7,7,tstr,2026
2845,245248,S14,7,7,tstr,2026
2846,245312,S14,7,5,tstr,2026
2847,245376,S14,7,7,tstr,2026
2848,245440,S14,7,7,tstr,2026
2849,245504,S14,7,0,tstr,2026
2850,245568,S14,7,5,tstr,2026
2851,245632,S14,7,5,tstr,2026
2852,245696,S14,7,5,tstr,2026
2853,245760,S14,7,7,tstr,2026
2854,245824,S14,7,5,tstr,2026
2855,245888,S14,7,7,tstr,2026
2856,245952,S14,7,5,tstr,2026
2857,246016,S14,7,7,tstr,2026
2858,246080,S14,7,5,tstr,2026
2859,246144,S14,7,7,tstr,2026
2860,246208,S14,7,7,tstr,2026
2861,246272,S14,7,7,tstr,2026
2862,246336,S14,7,5,tstr,2026
2863,246400,S14,7,7,tstr,2026
2864,246464,S14,7,7,tstr,2026
2865,246528,S14,7,5,tstr,2026
2866,246592,S14,7,7,tstr,2026
2867,246656,S14,7,5,tstr,2026
2868,246720,S14,7,5,tstr,2026
2869,246784,S14,7,0,tstr,2026
2870,246848,S14,7,7,tstr,2026
2871,246912,S14,7,5,tstr,2026
2872,246976,S14,7,7,tstr,2026
2873,247040,S14,7,0,tstr,2026
2874,247104,S14,7,7,tstr,2026
2875,247168,S14,7,7,tstr,2026
2876,247232,S14,7,7,tstr,2026
2877,247296,S14,7,7,tstr,2026
2878,247360,S14,7,5,tstr,2026
2879,247424,S14,7,5,tstr,2026
2880,247488,S14,7,7,tstr,2026
2881,247552,S14,7,7,tstr,2026
2882,247616,S14,7,7,tstr,2026
2883,247680,S14,7,7,tstr,2026
2884,247744,S14,7,7,tstr,2026
2885,247808,S14,7,5,tstr,2026
2886,247872,S14,7,7,tstr,2026
2887,247936,S14,7,7,tstr,2026
2888,248000,S14,7,7,tstr,2026
2889,248064,S14,7,5,tstr,2026
2890,248128,S14,7,5,tstr,2026
2891,248192,S14,7,7,tstr,2026
2892,248256,S14,7,5,tstr,2026
2893,248320,S14,7,7,tstr,2026
2894,248384,S14,7,7,tstr,2026
2895,248448,S14,7,7,tstr,2026
2896,248512,S14,7,0,tstr,2026
2897,248576,S14,7,5,tstr,2026
2898,248640,S14,7,7,tstr,2026
2899,248704,S14,7,5,tstr,2026
2900,248768,S14,7,5,tstr,2026
2901,248832,S14,7,7,tstr,2026
2902,248896,S14,7,7,tstr,2026
2903,248960,S14,7,5,tstr,2026
2904,249024,S14,7,5,tstr,2026
2905,249088,S14,7,0,tstr,2026
2906,249152,S14,7,7,tstr,2026
2907,249216,S14,7,5,tstr,2026
2908,249280,S14,7,7,tstr,2026
2909,249344,S14,7,5,tstr,2026
2910,249408,S14,7,7,tstr,2026
2911,249472,S14,7,7,tstr,2026
2912,249536,S14,7,7,tstr,2026
2913,249600,S14,7,4,tstr,2026
2914,249664,S14,7,7,tstr,2026
2915,249728,S14,7,5,tstr,2026
2916,249792,S14,7,7,tstr,2026
2917,249856,S14,7,7,tstr,2026
2918,249920,S14,7,5,tstr,2026
2919,249984,S14,7,5,tstr,2026
2920,250048,S14,7,5,tstr,2026
2921,250112,S14,7,0,tstr,2026
2922,250176,S14,7,7,tstr,2026
2923,250240,S14,7,7,tstr,2026
2924,250304,S14,7,7,tstr,2026
2925,250368,S14,7,7,tstr,2026
2926,250432,S14,7,7,tstr,2026
2927,250496,S14,7,7,tstr,2026
2928,250560,S14,7,2,tstr,2026
2929,250624,S14,7,5,tstr,2026
2930,250688,S14,7,5,tstr,2026
2931,250752,S14,7,7,tstr,2026
2932,250816,S14,7,7,tstr,2026
2933,250880,S14,7,7,tstr,2026
2934,250944,S14,7,7,tstr,2026
2935,251008,S14,7,7,tstr,2026
2936,251072,S14,7,5,tstr,2026
2937,251136,S14,7,7,tstr,2026
2938,251200,S14,7,5,tstr,2026
2939,251264,S14,7,7,tstr,2026
2940,251328,S14,7,5,tstr,2026
2941,251392,S14,7,7,tstr,2026
2942,251456,S14,7,7,tstr,2026
2943,251520,S14,7,7,tstr,2026
2944,251584,S14,7,5,tstr,2026
2945,251648,S14,7,7,tstr,2026
2946,251712,S14,7,7,tstr,2026
2947,251776,S14,7,7,tstr,2026
2948,251840,S14,7,7,tstr,2026
2949,251904,S14,7,7,tstr,2026
2950,251968,S14,7,5,tstr,2026
2951,252032,S14,7,7,tstr,2026
2952,252096,S14,7,7,tstr,2026
2953,252160,S14,7,7,tstr,2026
2954,252224,S14,7,7,tstr,2026
2955,252288,S14,7,7,tstr,2026
2956,252352,S14,7,5,tstr,2026
2957,252416,S14,7,7,tstr,2026
2958,252480,S14,7,7,tstr,2026
2959,252544,S14,7,7,tstr,2026
2960,252608,S14,7,5,tstr,2026
2961,252672,S14,7,7,tstr,2026
2962,252736,S14,7,7,tstr,2026
2963,252800,S14,7,7,tstr,2026
2964,252864,S14,7,7,tstr,2026
2965,252928,S14,7,7,tstr,2026
2966,252992,S14,7,7,tstr,2026
2967,253056,S14,7,5,tstr,2026
2968,253120,S14,7,5,tstr,2026
2969,253184,S14,7,7,tstr,2026
2970,253248,S14,7,5,tstr,2026
2971,253312,S14,7,5,tstr,2026
2972,253376,S14,7,5,tstr,2026
2973,253440,S14,7,7,tstr,2026
2974,253504,S14,7,7,tstr,2026
2975,253568,S14,7,7,tstr,2026
2976,253632,S14,7,7,tstr,2026
2977,253696,S14,7,7,tstr,2026
2978,253760,S14,7,5,tstr,2026
2979,253824,S14,7,5,tstr,2026
2980,253888,S14,7,7,tstr,2026
2981,253952,S14,7,7,tstr,2026
2982,254016,S14,7,7,tstr,2026
2983,254080,S14,7,7,tstr,2026
2984,254144,S14,7,7,tstr,2026
2985,254208,S14,7,5,tstr,2026
2986,254272,S14,7,7,tstr,2026
2987,254336,S14,7,7,tstr,2026
2988,254400,S14,7,4,tstr,2026
2989,254464,S14,7,5,tstr,2026
2990,254528,S14,7,5,tstr,2026
2991,254592,S14,7,7,tstr,2026
2992,254656,S14,7,0,tstr,2026
2993,254720,S14,7,7,tstr,2026
2994,254784,S14,7,7,tstr,2026
2995,254848,S14,7,5,tstr,2026
2996,254912,S14,7,7,tstr,2026
2997,254976,S14,7,7,tstr,2026
2998,255040,S14,7,7,tstr,2026
2999,255104,S14,7,0,tstr,2026
3000,255168,S14,7,7,tstr,2026
3001,255232,S14,7,7,tstr,2026
3002,255296,S14,7,7,tstr,2026
3003,255360,S14,7,7,tstr,2026
3004,255424,S14,7,0,tstr,2026
3005,255488,S14,7,7,tstr,2026
3006,255552,S14,7,4,tstr,2026
3007,255616,S14,7,5,tstr,2026
3008,255680,S14,7,7,tstr,2026
3009,255744,S14,7,7,tstr,2026
3010,255808,S14,7,5,tstr,2026
3011,255872,S14,7,5,tstr,2026
3012,255936,S14,7,7,tstr,2026
3013,256000,S14,7,5,tstr,2026
3014,256064,S14,7,5,tstr,2026
3015,256128,S14,7,5,tstr,2026
3016,256192,S14,7,7,tstr,2026
3017,256256,S14,7,7,tstr,2026
3018,256320,S14,7,7,tstr,2026
3019,256384,S14,7,5,tstr,2026
3020,256448,S14,7,5,tstr,2026
3021,256512,S14,7,0,tstr,2026
3022,256576,S14,7,7,tstr,2026
3023,256640,S14,7,7,tstr,2026
3024,256704,S14,7,7,tstr,2026
3025,256768,S14,7,7,tstr,2026
3026,256832,S14,7,5,tstr,2026
3027,256896,S14,7,7,tstr,2026
3028,256960,S14,7,7,tstr,2026
3029,257024,S14,7,7,tstr,2026
3030,257088,S14,7,7,tstr,2026
3031,257152,S14,7,5,tstr,2026
3032,257216,S14,7,5,tstr,2026
3033,257280,S14,7,5,tstr,2026
3034,257344,S14,7,5,tstr,2026
3035,257408,S14,7,7,tstr,2026
3036,257472,S14,7,7,tstr,2026
3037,257536,S14,7,7,tstr,2026
3038,257600,S14,7,5,tstr,2026
3039,257664,S14,7,4,tstr,2026
3040,257728,S14,7,0,tstr,2026
3041,257792,S14,7,5,tstr,2026
3042,257856,S14,7,5,tstr,2026
3043,257920,S14,7,5,tstr,2026
3044,257984,S14,7,7,tstr,2026
3045,258048,S14,7,7,tstr,2026
3046,258112,S14,7,7,tstr,2026
3047,258176,S14,7,7,tstr,2026
3048,258240,S14,7,5,tstr,2026
3049,258304,S14,7,7,tstr,2026
3050,258368,S14,7,7,tstr,2026
3051,258432,S14,7,5,tstr,2026
3052,258496,S14,7,7,tstr,2026
3053,258560,S14,7,7,tstr,2026
3054,258624,S14,7,7,tstr,2026
3055,258688,S14,7,7,tstr,2026
3056,258752,S14,7,7,tstr,2026
3057,258816,S14,7,7,tstr,2026
3058,258880,S14,7,5,tstr,2026
3059,258944,S14,7,7,tstr,2026
3060,259008,S14,7,7,tstr,2026
3061,259072,S14,7,7,tstr,2026
3062,259136,S14,7,7,tstr,2026
3063,259200,S14,7,5,tstr,2026
3064,259264,S14,7,4,tstr,2026
3065,259328,S14,7,7,tstr,2026
3066,259392,S14,7,7,tstr,2026
3067,259456,S14,7,4,tstr,2026
3068,259520,S14,7,5,tstr,2026
3069,259584,S14,7,0,tstr,2026
3070,259648,S14,7,7,tstr,2026
3071,259712,S14,7,7,tstr,2026
3072,259776,S14,7,7,tstr,2026
3073,259840,S14,7,7,tstr,2026
3074,259904,S14,7,7,tstr,2026
3075,259968,S14,7,7,tstr,2026
3076,260032,S14,7,7,tstr,2026
3077,260096,S14,7,7,tstr,2026
3078,260160,S14,7,7,tstr,2026
3079,260224,S14,7,5,tstr,2026
3080,260288,S14,7,5,tstr,2026
3081,260352,S14,7,7,tstr,2026
3082,260416,S14,7,7,tstr,2026
3083,260480,S14,7,7,tstr,2026
3084,260544,S14,7,7,tstr,2026
3085,260608,S14,7,0,tstr,2026
3086,260672,S14,7,7,tstr,2026
3087,260736,S14,7,7,tstr,2026
3088,260800,S14,7,7,tstr,2026
3089,260864,S14,7,7,tstr,2026
3090,260928,S14,7,7,tstr,2026
3091,260992,S14,7,7,tstr,2026
3092,261056,S14,7,5,tstr,2026
3093,261120,S14,7,7,tstr,2026
3094,261184,S14,7,7,tstr,2026
3095,261248,S14,7,7,tstr,2026
3096,261312,S14,7,5,tstr,2026
3097,261376,S14,7,7,tstr,2026
3098,261440,S14,7,7,tstr,2026
3099,261504,S14,7,7,tstr,2026
3100,261568,S14,7,7,tstr,2026
3101,261632,S14,7,4,tstr,2026
3102,261696,S14,7,7,tstr,2026
3103,261760,S14,7,7,tstr,2026
3104,261824,S14,7,7,tstr,2026
3105,261888,S14,7,7,tstr,2026
3106,261952,S14,7,7,tstr,2026
3107,262016,S14,7,7,tstr,2026
3108,262080,S14,7,5,tstr,2026
3109,262144,S14,7,7,tstr,2026
3110,262208,S14,7,7,tstr,2026
3111,262272,S14,7,7,tstr,2026
3112,262336,S14,7,7,tstr,2026
3113,262400,S14,7,7,tstr,2026
3114,262464,S14,7,7,tstr,2026
3115,262528,S14,7,5,tstr,2026
3116,262592,S14,7,7,tstr,2026
3117,262656,S14,7,7,tstr,2026
3118,262720,S14,7,7,tstr,2026
3119,262784,S14,7,7,tstr,2026
3120,262848,S14,7,4,tstr,2026
3121,262912,S14,7,7,tstr,2026
3122,262976,S14,7,7,tstr,2026
3123,263040,S14,7,5,tstr,2026
3124,263104,S14,7,7,tstr,2026
3125,263168,S14,7,7,tstr,2026
3126,263232,S14,7,5,tstr,2026
3127,263296,S14,7,7,tstr,2026
3128,263360,S14,7,5,tstr,2026
3129,263424,S14,7,7,tstr,2026
3130,263488,S14,7,7,tstr,2026
3131,263552,S14,7,7,tstr,2026
3132,263616,S14,7,5,tstr,2026
3133,263680,S14,7,5,tstr,2026
3134,263744,S14,7,5,tstr,2026
3135,263808,S14,7,7,tstr,2026
3136,263872,S14,7,5,tstr,2026
3137,263936,S14,7,5,tstr,2026
3138,264000,S14,7,5,tstr,2026
3139,264064,S14,7,5,tstr,2026
3140,264128,S14,7,7,tstr,2026
3141,264192,S14,7,5,tstr,2026
3142,264256,S14,7,5,tstr,2026
3143,264320,S14,7,4,tstr,2026
3144,264384,S14,7,5,tstr,2026
3145,264448,S14,7,7,tstr,2026
3146,264512,S14,7,7,tstr,2026
3147,264576,S14,7,4,tstr,2026
3148,264640,S14,7,7,tstr,2026
3149,264704,S14,7,7,tstr,2026
3150,264768,S14,7,5,tstr,2026
3151,264832,S14,7,7,tstr,2026
3152,264896,S14,7,7,tstr,2026
3153,264960,S14,7,7,tstr,2026
3154,265024,S14,7,7,tstr,2026
3155,265088,S14,7,5,tstr,2026
3156,265152,S14,7,7,tstr,2026
3157,265216,S14,7,2,tstr,2026
3158,265280,S14,7,7,tstr,2026
3159,265344,S14,7,7,tstr,2026
3160,265408,S14,7,0,tstr,2026
3161,265472,S14,7,5,tstr,2026
3162,265536,S14,7,7,tstr,2026
3163,265600,S14,7,5,tstr,2026
3164,265664,S14,7,7,tstr,2026
3165,265728,S14,7,5,tstr,2026
3166,265792,S14,7,7,tstr,2026
3167,265856,S14,7,7,tstr,2026
3168,265920,S14,7,7,tstr,2026
3169,265984,S14,7,7,tstr,2026
3170,266048,S14,7,7,tstr,2026
3171,266112,S14,7,7,tstr,2026
3172,266176,S14,7,7,tstr,2026
3173,266240,S14,7,5,tstr,2026
3174,266304,S14,7,5,tstr,2026
3175,266368,S14,7,7,tstr,2026
3176,266432,S14,7,5,tstr,2026
3177,266496,S14,7,7,tstr,2026
3178,266560,S14,7,7,tstr,2026
3179,266624,S14,7,7,tstr,2026
3180,266688,S14,7,5,tstr,2026
3181,266752,S14,7,7,tstr,2026
3182,266816,S14,7,7,tstr,2026
3183,266880,S14,7,7,tstr,2026
3184,266944,S14,7,7,tstr,2026
3185,267008,S14,7,5,tstr,2026
3186,267072,S14,7,5,tstr,2026
3187,1664,S15,0,5,tstr,2026
3188,1728,S15,0,0,tstr,2026
3189,1792,S15,0,5,tstr,2026
3190,1856,S15,0,5,tstr,2026
3191,1920,S15,0,7,tstr,2026
3192,1984,S15,0,0,tstr,2026
3193,2048,S15,0,7,tstr,2026
3194,2112,S15,0,5,tstr,2026
3195,2176,S15,0,0,tstr,2026
3196,2240,S15,0,5,tstr,2026
3197,2304,S15,0,5,tstr,2026
3198,2368,S15,0,0,tstr,2026
3199,2432,S15,0,7,tstr,2026
3200,2496,S15,0,7,tstr,2026
3201,2560,S15,0,5,tstr,2026
3202,2624,S15,0,5,tstr,2026
3203,2688,S15,0,0,tstr,2026
3204,2752,S15,0,0,tstr,2026
3205,2816,S15,0,7,tstr,2026
3206,2880,S15,0,5,tstr,2026
3207,2944,S15,0,7,tstr,2026
3208,3008,S15,0,5,tstr,2026
3209,3072,S15,0,5,tstr,2026
3210,3136,S15,0,7,tstr,2026
3211,3200,S15,0,7,tstr,2026
3212,3264,S15,0,7,tstr,2026
3213,3328,S15,0,0,tstr,2026
3214,3392,S15,0,7,tstr,2026
3215,3456,S15,0,5,tstr,2026
3216,3520,S15,0,7,tstr,2026
3217,3584,S15,0,5,tstr,2026
3218,3648,S15,0,5,tstr,2026
3219,3712,S15,0,5,tstr,2026
3220,3776,S15,0,5,tstr,2026
3221,3840,S15,0,7,tstr,2026
3222,3904,S15,0,0,tstr,2026
3223,3968,S15,0,5,tstr,2026
3224,4032,S15,0,7,tstr,2026
3225,4096,S15,0,5,tstr,2026
3226,4160,S15,0,7,tstr,2026
3227,4224,S15,0,5,tstr,2026
3228,4288,S15,0,7,tstr,2026
3229,4352,S15,0,0,tstr,2026
3230,4416,S15,0,5,tstr,2026
3231,4480,S15,0,7,tstr,2026
3232,4544,S15,0,7,tstr,2026
3233,4608,S15,0,0,tstr,2026
3234,4672,S15,0,0,tstr,2026
3235,4736,S15,0,7,tstr,2026
3236,4800,S15,0,7,tstr,2026
3237,4864,S15,0,7,tstr,2026
3238,4928,S15,0,5,tstr,2026
3239,4992,S15,0,0,tstr,2026
3240,5056,S15,0,7,tstr,2026
3241,5120,S15,0,7,tstr,2026
3242,5184,S15,0,0,tstr,2026
3243,5248,S15,0,5,tstr,2026
3244,5312,S15,0,7,tstr,2026
3245,5376,S15,0,0,tstr,2026
3246,5440,S15,0,0,tstr,2026
3247,5504,S15,0,7,tstr,2026
3248,5568,S15,0,7,tstr,2026
3249,5632,S15,0,7,tstr,2026
3250,5696,S15,0,5,tstr,2026
3251,5760,S15,0,5,tstr,2026
3252,5824,S15,0,0,tstr,2026
3253,5888,S15,0,5,tstr,2026
3254,5952,S15,0,0,tstr,2026
3255,6016,S15,0,5,tstr,2026
3256,6080,S15,0,0,tstr,2026
3257,6144,S15,0,0,tstr,2026
3258,6208,S15,0,5,tstr,2026
3259,6272,S15,0,0,tstr,2026
3260,6336,S15,0,0,tstr,2026
3261,6400,S15,0,5,tstr,2026
3262,6464,S15,0,5,tstr,2026
3263,6528,S15,0,5,tstr,2026
3264,6592,S15,0,7,tstr,2026
3265,6656,S15,0,0,tstr,2026
3266,6720,S15,0,7,tstr,2026
3267,6784,S15,0,0,tstr,2026
3268,6848,S15,0,0,tstr,2026
3269,6912,S15,0,7,tstr,2026
3270,6976,S15,0,0,tstr,2026
3271,7040,S15,0,5,tstr,2026
3272,7104,S15,0,7,tstr,2026
3273,7168,S15,0,5,tstr,2026
3274,7232,S15,0,0,tstr,2026
3275,7296,S15,0,5,tstr,2026
3276,7360,S15,0,0,tstr,2026
3277,7424,S15,0,0,tstr,2026
3278,7488,S15,0,0,tstr,2026
3279,7552,S15,0,0,tstr,2026
3280,7616,S15,0,7,tstr,2026
3281,7680,S15,0,0,tstr,2026
3282,7744,S15,0,5,tstr,2026
3283,7808,S15,0,0,tstr,2026
3284,7872,S15,0,0,tstr,2026
3285,7936,S15,0,7,tstr,2026
3286,8000,S15,0,5,tstr,2026
3287,8064,S15,0,5,tstr,2026
3288,8128,S15,0,7,tstr,2026
3289,8192,S15,0,7,tstr,2026
3290,8256,S15,0,0,tstr,2026
3291,8320,S15,0,0,tstr,2026
3292,8384,S15,0,0,tstr,2026
3293,8448,S15,0,5,tstr,2026
3294,8512,S15,0,5,tstr,2026
3295,8576,S15,0,0,tstr,2026
3296,8640,S15,0,5,tstr,2026
3297,8704,S15,0,0,tstr,2026
3298,8768,S15,0,5,tstr,2026
3299,8832,S15,0,0,tstr,2026
3300,8896,S15,0,0,tstr,2026
3301,8960,S15,0,0,tstr,2026
3302,9024,S15,0,0,tstr,2026
3303,9088,S15,0,0,tstr,2026
3304,9152,S15,0,0,tstr,2026
3305,9216,S15,0,7,tstr,2026
3306,9280,S15,0,4,tstr,2026
3307,9344,S15,0,5,tstr,2026
3308,9408,S15,0,7,tstr,2026
3309,9472,S15,0,5,tstr,2026
3310,9536,S15,0,0,tstr,2026
3311,9600,S15,0,0,tstr,2026
3312,9664,S15,0,7,tstr,2026
3313,9728,S15,0,5,tstr,2026
3314,9792,S15,0,5,tstr,2026
3315,9856,S15,0,7,tstr,2026
3316,9920,S15,0,5,tstr,2026
3317,9984,S15,0,5,tstr,2026
3318,10048,S15,0,7,tstr,2026
3319,10112,S15,0,5,tstr,2026
3320,10176,S15,0,7,tstr,2026
3321,10240,S15,0,5,tstr,2026
3322,10304,S15,0,5,tstr,2026
3323,10368,S15,0,7,tstr,2026
3324,10432,S15,0,5,tstr,2026
3325,10496,S15,0,5,tstr,2026
3326,10560,S15,0,0,tstr,2026
3327,10624,S15,0,0,tstr,2026
3328,10688,S15,0,7,tstr,2026
3329,10752,S15,0,0,tstr,2026
3330,10816,S15,0,5,tstr,2026
3331,10880,S15,0,7,tstr,2026
3332,10944,S15,0,5,tstr,2026
3333,11008,S15,0,0,tstr,2026
3334,11072,S15,0,5,tstr,2026
3335,11136,S15,0,7,tstr,2026
3336,11200,S15,0,5,tstr,2026
3337,11264,S15,0,5,tstr,2026
3338,11328,S15,0,0,tstr,2026
3339,11392,S15,0,5,tstr,2026
3340,11456,S15,0,0,tstr,2026
3341,11520,S15,0,7,tstr,2026
3342,11584,S15,0,7,tstr,2026
3343,11648,S15,0,5,tstr,2026
3344,11712,S15,0,2,tstr,2026
3345,11776,S15,0,0,tstr,2026
3346,11840,S15,0,5,tstr,2026
3347,11904,S15,0,7,tstr,2026
3348,11968,S15,0,0,tstr,2026
3349,12032,S15,0,7,tstr,2026
3350,12096,S15,0,7,tstr,2026
3351,12160,S15,0,5,tstr,2026
3352,12224,S15,0,5,tstr,2026
3353,12288,S15,0,5,tstr,2026
3354,12352,S15,0,7,tstr,2026
3355,12416,S15,0,0,tstr,2026
3356,12480,S15,0,7,tstr,2026
3357,12544,S15,0,0,tstr,2026
3358,12608,S15,0,0,tstr,2026
3359,12672,S15,0,5,tstr,2026
3360,12736,S15,0,0,tstr,2026
3361,12800,S15,0,5,tstr,2026
3362,12864,S15,0,0,tstr,2026
3363,12928,S15,0,0,tstr,2026
3364,12992,S15,0,7,tstr,2026
3365,13056,S15,0,0,tstr,2026
3366,13120,S15,0,5,tstr,2026
3367,13184,S15,0,5,tstr,2026
3368,13248,S15,0,0,tstr,2026
3369,13312,S15,0,7,tstr,2026
3370,13376,S15,0,0,tstr,2026
3371,13440,S15,0,7,tstr,2026
3372,13504,S15,0,0,tstr,2026
3373,13568,S15,0,7,tstr,2026
3374,13632,S15,0,7,tstr,2026
3375,13696,S15,0,7,tstr,2026
3376,13760,S15,0,7,tstr,2026
3377,13824,S15,0,5,tstr,2026
3378,13888,S15,0,0,tstr,2026
3379,13952,S15,0,5,tstr,2026
3380,14016,S15,0,7,tstr,2026
3381,14080,S15,0,5,tstr,2026
3382,14144,S15,0,7,tstr,2026
3383,14208,S15,0,7,tstr,2026
3384,14272,S15,0,7,tstr,2026
3385,14336,S15,0,5,tstr,2026
3386,14400,S15,0,7,tstr,2026
3387,14464,S15,0,7,tstr,2026
3388,14528,S15,0,0,tstr,2026
3389,14592,S15,0,5,tstr,2026
3390,14656,S15,0,7,tstr,2026
3391,14720,S15,0,0,tstr,2026
3392,14784,S15,0,5,tstr,2026
3393,14848,S15,0,0,tstr,2026
3394,14912,S15,0,0,tstr,2026
3395,14976,S15,0,5,tstr,2026
3396,15040,S15,0,7,tstr,2026
3397,15104,S15,0,5,tstr,2026
3398,15168,S15,0,7,tstr,2026
3399,15232,S15,0,5,tstr,2026
3400,15296,S15,0,5,tstr,2026
3401,15360,S15,0,5,tstr,2026
3402,15424,S15,0,7,tstr,2026
3403,15488,S15,0,0,tstr,2026
3404,15552,S15,0,0,tstr,2026
3405,15616,S15,0,5,tstr,2026
3406,15680,S15,0,7,tstr,2026
3407,15744,S15,0,7,tstr,2026
3408,15808,S15,0,5,tstr,2026
3409,15872,S15,0,5,tstr,2026
3410,15936,S15,0,5,tstr,2026
3411,16000,S15,0,5,tstr,2026
3412,16064,S15,0,5,tstr,2026
3413,16128,S15,0,0,tstr,2026
3414,16192,S15,0,7,tstr,2026
3415,16256,S15,0,0,tstr,2026
3416,16320,S15,0,0,tstr,2026
3417,16384,S15,0,0,tstr,2026
3418,16448,S15,0,7,tstr,2026
3419,16512,S15,0,0,tstr,2026
3420,16576,S15,0,5,tstr,2026
3421,16640,S15,0,5,tstr,2026
3422,16704,S15,0,7,tstr,2026
3423,16768,S15,0,0,tstr,2026
3424,16832,S15,0,0,tstr,2026
3425,16896,S15,0,5,tstr,2026
3426,16960,S15,0,0,tstr,2026
3427,17024,S15,0,5,tstr,2026
3428,17088,S15,0,7,tstr,2026
3429,17152,S15,0,5,tstr,2026
3430,17216,S15,0,5,tstr,2026
3431,17280,S15,0,0,tstr,2026
3432,17344,S15,0,7,tstr,2026
3433,17408,S15,0,7,tstr,2026
3434,17472,S15,0,7,tstr,2026
3435,17536,S15,0,7,tstr,2026
3436,17600,S15,0,7,tstr,2026
3437,17664,S15,0,7,tstr,2026
3438,17728,S15,0,5,tstr,2026
3439,17792,S15,0,7,tstr,2026
3440,17856,S15,0,5,tstr,2026
3441,17920,S15,0,7,tstr,2026
3442,17984,S15,0,5,tstr,2026
3443,18048,S15,0,7,tstr,2026
3444,18112,S15,0,0,tstr,2026
3445,18176,S15,0,5,tstr,2026
3446,18240,S15,0,5,tstr,2026
3447,18304,S15,0,0,tstr,2026
3448,18368,S15,0,5,tstr,2026
3449,18432,S15,0,0,tstr,2026
3450,18496,S15,0,7,tstr,2026
3451,18560,S15,0,5,tstr,2026
3452,18624,S15,0,5,tstr,2026
3453,18688,S15,0,0,tstr,2026
3454,18752,S15,0,7,tstr,2026
3455,18816,S15,0,7,tstr,2026
3456,18880,S15,0,0,tstr,2026
3457,18944,S15,0,7,tstr,2026
3458,19008,S15,0,7,tstr,2026
3459,19072,S15,0,0,tstr,2026
3460,19136,S15,0,5,tstr,2026
3461,19200,S15,0,0,tstr,2026
3462,19264,S15,0,0,tstr,2026
3463,19328,S15,0,5,tstr,2026
3464,19392,S15,0,5,tstr,2026
3465,19456,S15,0,0,tstr,2026
3466,19520,S15,0,7,tstr,2026
3467,19584,S15,0,7,tstr,2026
3468,19648,S15,0,5,tstr,2026
3469,19712,S15,0,5,tstr,2026
3470,19776,S15,0,7,tstr,2026
3471,19840,S15,0,5,tstr,2026
3472,19904,S15,0,7,tstr,2026
3473,19968,S15,0,5,tstr,2026
3474,20032,S15,0,0,tstr,2026
3475,20096,S15,0,0,tstr,2026
3476,20160,S15,0,5,tstr,2026
3477,20224,S15,0,5,tstr,2026
3478,20288,S15,0,7,tstr,2026
3479,20352,S15,0,5,tstr,2026
3480,20416,S15,0,0,tstr,2026
3481,20480,S15,0,7,tstr,2026
3482,20544,S15,0,7,tstr,2026
3483,20608,S15,0,7,tstr,2026
3484,20672,S15,0,0,tstr,2026
3485,20736,S15,0,5,tstr,2026
3486,20800,S15,0,0,tstr,2026
3487,20864,S15,0,7,tstr,2026
3488,20928,S15,0,7,tstr,2026
3489,20992,S15,0,7,tstr,2026
3490,21056,S15,0,0,tstr,2026
3491,24896,S15,1,1,tstr,2026
3492,24960,S15,1,6,tstr,2026
3493,25024,S15,1,6,tstr,2026
3494,25088,S15,1,1,tstr,2026
3495,25152,S15,1,6,tstr,2026
3496,25216,S15,1,6,tstr,2026
3497,25280,S15,1,6,tstr,2026
3498,25344,S15,1,6,tstr,2026
3499,25408,S15,1,1,tstr,2026
3500,25472,S15,1,1,tstr,2026
3501,25536,S15,1,1,tstr,2026
3502,25600,S15,1,1,tstr,2026
3503,25664,S15,1,6,tstr,2026
3504,25728,S15,1,1,tstr,2026
3505,25792,S15,1,6,tstr,2026
3506,25856,S15,1,1,tstr,2026
3507,25920,S15,1,1,tstr,2026
3508,25984,S15,1,4,tstr,2026
3509,26048,S15,1,1,tstr,2026
3510,26112,S15,1,6,tstr,2026
3511,26176,S15,1,6,tstr,2026
3512,26240,S15,1,1,tstr,2026
3513,26304,S15,1,7,tstr,2026
3514,26368,S15,1,6,tstr,2026
3515,26432,S15,1,6,tstr,2026
3516,26496,S15,1,6,tstr,2026
3517,26560,S15,1,1,tstr,2026
3518,26624,S15,1,1,tstr,2026
3519,26688,S15,1,1,tstr,2026
3520,26752,S15,1,1,tstr,2026
3521,26816,S15,1,6,tstr,2026
3522,26880,S15,1,1,tstr,2026
3523,26944,S15,1,4,tstr,2026
3524,27008,S15,1,6,tstr,2026
3525,27072,S15,1,1,tstr,2026
3526,27136,S15,1,1,tstr,2026
3527,27200,S15,1,1,tstr,2026
3528,27264,S15,1,1,tstr,2026
3529,27328,S15,1,1,tstr,2026
3530,27392,S15,1,6,tstr,2026
3531,27456,S15,1,1,tstr,2026
3532,27520,S15,1,6,tstr,2026
3533,27584,S15,1,6,tstr,2026
3534,27648,S15,1,6,tstr,2026
3535,27712,S15,1,6,tstr,2026
3536,27776,S15,1,1,tstr,2026
3537,27840,S15,1,1,tstr,2026
3538,27904,S15,1,7,tstr,2026
3539,27968,S15,1,6,tstr,2026
3540,28032,S15,1,6,tstr,2026
3541,28096,S15,1,6,tstr,2026
3542,28160,S15,1,1,tstr,2026
3543,28224,S15,1,1,tstr,2026
3544,28288,S15,1,1,tstr,2026
3545,28352,S15,1,6,tstr,2026
3546,28416,S15,1,1,tstr,2026
3547,28480,S15,1,1,tstr,2026
3548,28544,S15,1,1,tstr,2026
3549,28608,S15,1,6,tstr,2026
3550,28672,S15,1,1,tstr,2026
3551,28736,S15,1,6,tstr,2026
3552,28800,S15,1,1,tstr,2026
3553,28864,S15,1,6,tstr,2026
3554,28928,S15,1,1,tstr,2026
3555,28992,S15,1,1,tstr,2026
3556,29056,S15,1,6,tstr,2026
3557,29120,S15,1,1,tstr,2026
3558,29184,S15,1,6,tstr,2026
3559,29248,S15,1,6,tstr,2026
3560,29312,S15,1,6,tstr,2026
3561,29376,S15,1,1,tstr,2026
3562,29440,S15,1,6,tstr,2026
3563,29504,S15,1,1,tstr,2026
3564,29568,S15,1,6,tstr,2026
3565,29632,S15,1,1,tstr,2026
3566,29696,S15,1,1,tstr,2026
3567,29760,S15,1,1,tstr,2026
3568,29824,S15,1,6,tstr,2026
3569,29888,S15,1,1,tstr,2026
3570,29952,S15,1,6,tstr,2026
3571,30016,S15,1,6,tstr,2026
3572,30080,S15,1,1,tstr,2026
3573,30144,S15,1,6,tstr,2026
3574,30208,S15,1,1,tstr,2026
3575,30272,S15,1,1,tstr,2026
3576,30336,S15,1,6,tstr,2026
3577,30400,S15,1,6,tstr,2026
3578,30464,S15,1,1,tstr,2026
3579,30528,S15,1,6,tstr,2026
3580,30592,S15,1,6,tstr,2026
3581,30656,S15,1,6,tstr,2026
3582,30720,S15,1,1,tstr,2026
3583,30784,S15,1,6,tstr,2026
3584,30848,S15,1,6,tstr,2026
3585,30912,S15,1,6,tstr,2026
3586,30976,S15,1,1,tstr,2026
3587,31040,S15,1,1,tstr,2026
3588,31104,S15,1,6,tstr,2026
3589,31168,S15,1,6,tstr,2026
3590,31232,S15,1,1,tstr,2026
3591,31296,S15,1,1,tstr,2026
3592,31360,S15,1,6,tstr,2026
3593,31424,S15,1,1,tstr,2026
3594,31488,S15,1,6,tstr,2026
3595,31552,S15,1,1,tstr,2026
3596,31616,S15,1,6,tstr,2026
3597,31680,S15,1,6,tstr,2026
3598,31744,S15,1,6,tstr,2026
3599,31808,S15,1,1,tstr,2026
3600,31872,S15,1,6,tstr,2026
3601,31936,S15,1,6,tstr,2026
3602,32000,S15,1,1,tstr,2026
3603,32064,S15,1,1,tstr,2026
3604,32128,S15,1,6,tstr,2026
3605,32192,S15,1,1,tstr,2026
3606,32256,S15,1,1,tstr,2026
3607,32320,S15,1,1,tstr,2026
3608,32384,S15,1,6,tstr,2026
3609,32448,S15,1,6,tstr,2026
3610,32512,S15,1,1,tstr,2026
3611,32576,S15,1,1,tstr,2026
3612,32640,S15,1,6,tstr,2026
3613,32704,S15,1,1,tstr,2026
3614,32768,S15,1,6,tstr,2026
3615,32832,S15,1,6,tstr,2026
3616,32896,S15,1,6,tstr,2026
3617,32960,S15,1,6,tstr,2026
3618,33024,S15,1,1,tstr,2026
3619,33088,S15,1,1,tstr,2026
3620,33152,S15,1,6,tstr,2026
3621,33216,S15,1,1,tstr,2026
3622,33280,S15,1,1,tstr,2026
3623,33344,S15,1,6,tstr,2026
3624,33408,S15,1,1,tstr,2026
3625,33472,S15,1,7,tstr,2026
3626,33536,S15,1,1,tstr,2026
3627,33600,S15,1,1,tstr,2026
3628,33664,S15,1,6,tstr,2026
3629,33728,S15,1,6,tstr,2026
3630,33792,S15,1,6,tstr,2026
3631,33856,S15,1,6,tstr,2026
3632,33920,S15,1,1,tstr,2026
3633,33984,S15,1,1,tstr,2026
3634,34048,S15,1,1,tstr,2026
3635,34112,S15,1,1,tstr,2026
3636,34176,S15,1,6,tstr,2026
3637,34240,S15,1,6,tstr,2026
3638,34304,S15,1,1,tstr,2026
3639,34368,S15,1,1,tstr,2026
3640,34432,S15,1,6,tstr,2026
3641,34496,S15,1,7,tstr,2026
3642,34560,S15,1,1,tstr,2026
3643,34624,S15,1,1,tstr,2026
3644,34688,S15,1,1,tstr,2026
3645,34752,S15,1,6,tstr,2026
3646,34816,S15,1,6,tstr,2026
3647,34880,S15,1,6,tstr,2026
3648,34944,S15,1,1,tstr,2026
3649,35008,S15,1,1,tstr,2026
3650,35072,S15,1,6,tstr,2026
3651,35136,S15,1,6,tstr,2026
3652,35200,S15,1,1,tstr,2026
3653,35264,S15,1,6,tstr,2026
3654,35328,S15,1,1,tstr,2026
3655,35392,S15,1,1,tstr,2026
3656,35456,S15,1,6,tstr,2026
3657,35520,S15,1,1,tstr,2026
3658,35584,S15,1,1,tstr,2026
3659,35648,S15,1,1,tstr,2026
3660,35712,S15,1,1,tstr,2026
3661,35776,S15,1,6,tstr,2026
3662,35840,S15,1,6,tstr,2026
3663,35904,S15,1,1,tstr,2026
3664,35968,S15,1,1,tstr,2026
3665,36032,S15,1,1,tstr,2026
3666,36096,S15,1,1,tstr,2026
3667,36160,S15,1,1,tstr,2026
3668,36224,S15,1,6,tstr,2026
3669,36288,S15,1,6,tstr,2026
3670,36352,S15,1,6,tstr,2026
3671,36416,S15,1,1,tstr,2026
3672,36480,S15,1,1,tstr,2026
3673,36544,S15,1,1,tstr,2026
3674,36608,S15,1,1,tstr,2026
3675,36672,S15,1,1,tstr,2026
3676,36736,S15,1,1,tstr,2026
3677,36800,S15,1,1,tstr,2026
3678,36864,S15,1,1,tstr,2026
3679,36928,S15,1,6,tstr,2026
3680,36992,S15,1,1,tstr,2026
3681,37056,S15,1,1,tstr,2026
3682,37120,S15,1,6,tstr,2026
3683,37184,S15,1,6,tstr,2026
3684,37248,S15,1,1,tstr,2026
3685,37312,S15,1,1,tstr,2026
3686,37376,S15,1,1,tstr,2026
3687,37440,S15,1,6,tstr,2026
3688,37504,S15,1,1,tstr,2026
3689,37568,S15,1,1,tstr,2026
3690,37632,S15,1,6,tstr,2026
3691,37696,S15,1,5,tstr,2026
3692,37760,S15,1,6,tstr,2026
3693,37824,S15,1,6,tstr,2026
3694,37888,S15,1,1,tstr,2026
3695,37952,S15,1,1,tstr,2026
3696,38016,S15,1,1,tstr,2026
3697,38080,S15,1,1,tstr,2026
3698,41280,S15,2,7,tstr,2026
3699,41344,S15,2,5,tstr,2026
3700,41408,S15,2,5,tstr,2026
3701,41472,S15,2,5,tstr,2026
3702,41536,S15,2,4,tstr,2026
3703,41600,S15,2,5,tstr,2026
3704,41664,S15,2,5,tstr,2026
3705,41728,S15,2,5,tstr,2026
3706,41792,S15,2,2,tstr,2026
3707,41856,S15,2,2,tstr,2026
3708,41920,S15,2,5,tstr,2026
3709,41984,S15,2,5,tstr,2026
3710,42048,S15,2,2,tstr,2026
3711,42112,S15,2,5,tstr,2026
3712,42176,S15,2,5,tstr,2026
3713,42240,S15,2,7,tstr,2026
3714,42304,S15,2,5,tstr,2026
3715,42368,S15,2,2,tstr,2026
3716,42432,S15,2,5,tstr,2026
3717,42496,S15,2,4,tstr,2026
3718,42560,S15,2,6,tstr,2026
3719,42624,S15,2,5,tstr,2026
3720,42688,S15,2,5,tstr,2026
3721,42752,S15,2,2,tstr,2026
3722,42816,S15,2,2,tstr,2026
3723,42880,S15,2,4,tstr,2026
3724,42944,S15,2,5,tstr,2026
3725,43008,S15,2,2,tstr,2026
3726,43072,S15,2,2,tstr,2026
3727,43136,S15,2,2,tstr,2026
3728,43200,S15,2,5,tstr,2026
3729,43264,S15,2,5,tstr,2026
3730,43328,S15,2,2,tstr,2026
3731,43392,S15,2,5,tstr,2026
3732,43456,S15,2,2,tstr,2026
3733,43520,S15,2,2,tstr,2026
3734,43584,S15,2,7,tstr,2026
3735,43648,S15,2,4,tstr,2026
3736,43712,S15,2,7,tstr,2026
3737,43776,S15,2,7,tstr,2026
3738,43840,S15,2,2,tstr,2026
3739,43904,S15,2,4,tstr,2026
3740,43968,S15,2,7,tstr,2026
3741,44032,S15,2,2,tstr,2026
3742,44096,S15,2,2,tstr,2026
3743,44160,S15,2,2,tstr,2026
3744,44224,S15,2,5,tstr,2026
3745,44288,S15,2,5,tstr,2026
3746,44352,S15,2,5,tstr,2026
3747,44416,S15,2,5,tstr,2026
3748,44480,S15,2,2,tstr,2026
3749,44544,S15,2,2,tstr,2026
3750,44608,S15,2,5,tstr,2026
3751,44672,S15,2,5,tstr,2026
3752,44736,S15,2,4,tstr,2026
3753,44800,S15,2,2,tstr,2026
3754,44864,S15,2,4,tstr,2026
3755,44928,S15,2,4,tstr,2026
3756,44992,S15,2,4,tstr,2026
3757,45056,S15,2,0,tstr,2026
3758,45120,S15,2,0,tstr,2026
3759,45184,S15,2,5,tstr,2026
3760,45248,S15,2,0,tstr,2026
3761,45312,S15,2,5,tstr,2026
3762,45376,S15,2,2,tstr,2026
3763,45440,S15,2,2,tstr,2026
3764,45504,S15,2,5,tstr,2026
3765,45568,S15,2,5,tstr,2026
3766,45632,S15,2,5,tstr,2026
3767,45696,S15,2,5,tstr,2026
3768,45760,S15,2,5,tstr,2026
3769,45824,S15,2,2,tstr,2026
3770,45888,S15,2,0,tstr,2026
3771,45952,S15,2,5,tstr,2026
3772,46016,S15,2,2,tstr,2026
3773,46080,S15,2,2,tstr,2026
3774,46144,S15,2,2,tstr,2026
3775,46208,S15,2,5,tstr,2026
3776,46272,S15,2,2,tstr,2026
3777,46336,S15,2,5,tstr,2026
3778,46400,S15,2,2,tstr,2026
3779,46464,S15,2,2,tstr,2026
3780,46528,S15,2,5,tstr,2026
3781,46592,S15,2,4,tstr,2026
3782,46656,S15,2,5,tstr,2026
3783,46720,S15,2,7,tstr,2026
3784,46784,S15,2,2,tstr,2026
3785,46848,S15,2,5,tstr,2026
3786,46912,S15,2,2,tstr,2026
3787,46976,S15,2,5,tstr,2026
3788,47040,S15,2,2,tstr,2026
3789,47104,S15,2,2,tstr,2026
3790,47168,S15,2,5,tstr,2026
3791,47232,S15,2,5,tstr,2026
3792,47296,S15,2,2,tstr,2026
3793,47360,S15,2,5,tstr,2026
3794,47424,S15,2,2,tstr,2026
3795,47488,S15,2,2,tstr,2026
3796,47552,S15,2,7,tstr,2026
3797,47616,S15,2,2,tstr,2026
3798,47680,S15,2,0,tstr,2026
3799,47744,S15,2,2,tstr,2026
3800,47808,S15,2,2,tstr,2026
3801,47872,S15,2,5,tstr,2026
3802,47936,S15,2,2,tstr,2026
3803,48000,S15,2,5,tstr,2026
3804,48064,S15,2,5,tstr,2026
3805,48128,S15,2,2,tstr,2026
3806,48192,S15,2,5,tstr,2026
3807,48256,S15,2,2,tstr,2026
3808,48320,S15,2,2,tstr,2026
3809,48384,S15,2,2,tstr,2026
3810,48448,S15,2,5,tstr,2026
3811,48512,S15,2,0,tstr,2026
3812,48576,S15,2,2,tstr,2026
3813,48640,S15,2,5,tstr,2026
3814,48704,S15,2,2,tstr,2026
3815,48768,S15,2,5,tstr,2026
3816,48832,S15,2,4,tstr,2026
3817,48896,S15,2,2,tstr,2026
3818,48960,S15,2,2,tstr,2026
3819,49024,S15,2,5,tstr,2026
3820,49088,S15,2,2,tstr,2026
3821,49152,S15,2,2,tstr,2026
3822,49216,S15,2,5,tstr,2026
3823,49280,S15,2,5,tstr,2026
3824,49344,S15,2,2,tstr,2026
3825,49408,S15,2,2,tstr,2026
3826,49472,S15,2,4,tstr,2026
3827,49536,S15,2,5,tstr,2026
3828,49600,S15,2,5,tstr,2026
3829,49664,S15,2,2,tstr,2026
3830,49728,S15,2,4,tstr,2026
3831,49792,S15,2,2,tstr,2026
3832,49856,S15,2,5,tstr,2026
3833,49920,S15,2,5,tstr,2026
3834,49984,S15,2,5,tstr,2026
3835,50048,S15,2,7,tstr,2026
3836,50112,S15,2,2,tstr,2026
3837,50176,S15,2,2,tstr,2026
3838,50240,S15,2,5,tstr,2026
3839,50304,S15,2,2,tstr,2026
3840,50368,S15,2,2,tstr,2026
3841,50432,S15,2,2,tstr,2026
3842,50496,S15,2,1,tstr,2026
3843,50560,S15,2,5,tstr,2026
3844,50624,S15,2,5,tstr,2026
3845,50688,S15,2,2,tstr,2026
3846,50752,S15,2,5,tstr,2026
3847,50816,S15,2,2,tstr,2026
3848,50880,S15,2,5,tstr,2026
3849,50944,S15,2,5,tstr,2026
3850,51008,S15,2,5,tstr,2026
3851,51072,S15,2,5,tstr,2026
3852,51136,S15,2,2,tstr,2026
3853,51200,S15,2,0,tstr,2026
3854,51264,S15,2,2,tstr,2026
3855,51328,S15,2,2,tstr,2026
3856,51392,S15,2,6,tstr,2026
3857,51456,S15,2,5,tstr,2026
3858,51520,S15,2,2,tstr,2026
3859,51584,S15,2,2,tstr,2026
3860,51648,S15,2,2,tstr,2026
3861,51712,S15,2,5,tstr,2026
3862,51776,S15,2,5,tstr,2026
3863,51840,S15,2,5,tstr,2026
3864,51904,S15,2,7,tstr,2026
3865,51968,S15,2,2,tstr,2026
3866,52032,S15,2,5,tstr,2026
3867,52096,S15,2,2,tstr,2026
3868,52160,S15,2,7,tstr,2026
3869,52224,S15,2,2,tstr,2026
3870,52288,S15,2,5,tstr,2026
3871,52352,S15,2,2,tstr,2026
3872,52416,S15,2,2,tstr,2026
3873,68416,S15,3,3,tstr,2026
3874,68480,S15,3,3,tstr,2026
3875,68544,S15,3,3,tstr,2026
3876,68608,S15,3,3,tstr,2026
3877,68672,S15,3,3,tstr,2026
3878,68736,S15,3,3,tstr,2026
3879,68800,S15,3,3,tstr,2026
3880,68864,S15,3,3,tstr,2026
3881,68928,S15,3,3,tstr,2026
3882,68992,S15,3,3,tstr,2026
3883,69056,S15,3,3,tstr,2026
3884,69120,S15,3,3,tstr,2026
3885,69184,S15,3,3,tstr,2026
3886,69248,S15,3,3,tstr,2026
3887,69312,S15,3,3,tstr,2026
3888,69376,S15,3,3,tstr,2026
3889,69440,S15,3,3,tstr,2026
3890,69504,S15,3,3,tstr,2026
3891,69568,S15,3,3,tstr,2026
3892,69632,S15,3,3,tstr,2026
3893,69696,S15,3,3,tstr,2026
3894,69760,S15,3,3,tstr,2026
3895,69824,S15,3,3,tstr,2026
3896,69888,S15,3,3,tstr,2026
3897,69952,S15,3,3,tstr,2026
3898,70016,S15,3,3,tstr,2026
3899,70080,S15,3,3,tstr,2026
3900,70144,S15,3,3,tstr,2026
3901,70208,S15,3,3,tstr,2026
3902,70272,S15,3,3,tstr,2026
3903,70336,S15,3,3,tstr,2026
3904,70400,S15,3,3,tstr,2026
3905,70464,S15,3,3,tstr,2026
3906,70528,S15,3,3,tstr,2026
3907,70592,S15,3,3,tstr,2026
3908,70656,S15,3,3,tstr,2026
3909,70720,S15,3,3,tstr,2026
3910,70784,S15,3,3,tstr,2026
3911,70848,S15,3,3,tstr,2026
3912,70912,S15,3,3,tstr,2026
3913,70976,S15,3,3,tstr,2026
3914,71040,S15,3,3,tstr,2026
3915,71104,S15,3,3,tstr,2026
3916,71168,S15,3,3,tstr,2026
3917,71232,S15,3,3,tstr,2026
3918,71296,S15,3,3,tstr,2026
3919,71360,S15,3,3,tstr,2026
3920,71424,S15,3,3,tstr,2026
3921,71488,S15,3,3,tstr,2026
3922,71552,S15,3,3,tstr,2026
3923,71616,S15,3,3,tstr,2026
3924,71680,S15,3,3,tstr,2026
3925,71744,S15,3,3,tstr,2026
3926,71808,S15,3,3,tstr,2026
3927,71872,S15,3,3,tstr,2026
3928,71936,S15,3,3,tstr,2026
3929,72000,S15,3,3,tstr,2026
3930,72064,S15,3,3,tstr,2026
3931,72128,S15,3,3,tstr,2026
3932,72192,S15,3,3,tstr,2026
3933,72256,S15,3,3,tstr,2026
3934,72320,S15,3,3,tstr,2026
3935,72384,S15,3,3,tstr,2026
3936,72448,S15,3,2,tstr,2026
3937,72512,S15,3,3,tstr,2026
3938,72576,S15,3,3,tstr,2026
3939,72640,S15,3,3,tstr,2026
3940,72704,S15,3,3,tstr,2026
3941,72768,S15,3,3,tstr,2026
3942,72832,S15,3,3,tstr,2026
3943,72896,S15,3,3,tstr,2026
3944,72960,S15,3,3,tstr,2026
3945,73024,S15,3,3,tstr,2026
3946,73088,S15,3,3,tstr,2026
3947,73152,S15,3,3,tstr,2026
3948,73216,S15,3,3,tstr,2026
3949,73280,S15,3,3,tstr,2026
3950,73344,S15,3,3,tstr,2026
3951,73408,S15,3,3,tstr,2026
3952,73472,S15,3,3,tstr,2026
3953,73536,S15,3,3,tstr,2026
3954,73600,S15,3,3,tstr,2026
3955,73664,S15,3,3,tstr,2026
3956,73728,S15,3,3,tstr,2026
3957,73792,S15,3,3,tstr,2026
3958,73856,S15,3,3,tstr,2026
3959,73920,S15,3,3,tstr,2026
3960,73984,S15,3,3,tstr,2026
3961,74048,S15,3,3,tstr,2026
3962,74112,S15,3,3,tstr,2026
3963,74176,S15,3,3,tstr,2026
3964,74240,S15,3,3,tstr,2026
3965,74304,S15,3,3,tstr,2026
3966,74368,S15,3,3,tstr,2026
3967,74432,S15,3,3,tstr,2026
3968,74496,S15,3,3,tstr,2026
3969,74560,S15,3,3,tstr,2026
3970,74624,S15,3,3,tstr,2026
3971,74688,S15,3,3,tstr,2026
3972,74752,S15,3,3,tstr,2026
3973,74816,S15,3,3,tstr,2026
3974,74880,S15,3,3,tstr,2026
3975,74944,S15,3,3,tstr,2026
3976,75008,S15,3,3,tstr,2026
3977,75072,S15,3,3,tstr,2026
3978,75136,S15,3,3,tstr,2026
3979,75200,S15,3,3,tstr,2026
3980,75264,S15,3,3,tstr,2026
3981,75328,S15,3,3,tstr,2026
3982,75392,S15,3,3,tstr,2026
3983,75456,S15,3,3,tstr,2026
3984,75520,S15,3,3,tstr,2026
3985,75584,S15,3,3,tstr,2026
3986,75648,S15,3,3,tstr,2026
3987,75712,S15,3,3,tstr,2026
3988,75776,S15,3,3,tstr,2026
3989,75840,S15,3,3,tstr,2026
3990,75904,S15,3,3,tstr,2026
3991,75968,S15,3,3,tstr,2026
3992,76032,S15,3,3,tstr,2026
3993,76096,S15,3,3,tstr,2026
3994,76160,S15,3,3,tstr,2026
3995,76224,S15,3,3,tstr,2026
3996,76288,S15,3,3,tstr,2026
3997,76352,S15,3,3,tstr,2026
3998,76416,S15,3,3,tstr,2026
3999,76480,S15,3,3,tstr,2026
4000,76544,S15,3,3,tstr,2026
4001,76608,S15,3,3,tstr,2026
4002,76672,S15,3,3,tstr,2026
4003,76736,S15,3,3,tstr,2026
4004,76800,S15,3,3,tstr,2026
4005,76864,S15,3,3,tstr,2026
4006,76928,S15,3,3,tstr,2026
4007,76992,S15,3,3,tstr,2026
4008,77056,S15,3,3,tstr,2026
4009,77120,S15,3,3,tstr,2026
4010,77184,S15,3,3,tstr,2026
4011,77248,S15,3,3,tstr,2026
4012,77312,S15,3,3,tstr,2026
4013,77376,S15,3,3,tstr,2026
4014,77440,S15,3,3,tstr,2026
4015,77504,S15,3,3,tstr,2026
4016,77568,S15,3,3,tstr,2026
4017,77632,S15,3,3,tstr,2026
4018,77696,S15,3,3,tstr,2026
4019,77760,S15,3,3,tstr,2026
4020,77824,S15,3,3,tstr,2026
4021,77888,S15,3,3,tstr,2026
4022,77952,S15,3,3,tstr,2026
4023,78016,S15,3,3,tstr,2026
4024,78080,S15,3,3,tstr,2026
4025,78144,S15,3,3,tstr,2026
4026,78208,S15,3,3,tstr,2026
4027,78272,S15,3,3,tstr,2026
4028,78336,S15,3,3,tstr,2026
4029,78400,S15,3,3,tstr,2026
4030,78464,S15,3,3,tstr,2026
4031,78528,S15,3,3,tstr,2026
4032,78592,S15,3,3,tstr,2026
4033,78656,S15,3,3,tstr,2026
4034,78720,S15,3,3,tstr,2026
4035,78784,S15,3,3,tstr,2026
4036,78848,S15,3,3,tstr,2026
4037,78912,S15,3,3,tstr,2026
4038,78976,S15,3,3,tstr,2026
4039,79040,S15,3,3,tstr,2026
4040,79104,S15,3,3,tstr,2026
4041,79168,S15,3,3,tstr,2026
4042,79232,S15,3,3,tstr,2026
4043,79296,S15,3,3,tstr,2026
4044,79360,S15,3,3,tstr,2026
4045,79424,S15,3,3,tstr,2026
4046,79488,S15,3,3,tstr,2026
4047,79552,S15,3,3,tstr,2026
4048,79616,S15,3,3,tstr,2026
4049,79680,S15,3,3,tstr,2026
4050,79744,S15,3,3,tstr,2026
4051,79808,S15,3,3,tstr,2026
4052,79872,S15,3,3,tstr,2026
4053,79936,S15,3,3,tstr,2026
4054,80000,S15,3,3,tstr,2026
4055,80064,S15,3,3,tstr,2026
4056,80128,S15,3,3,tstr,2026
4057,80192,S15,3,3,tstr,2026
4058,80256,S15,3,3,tstr,2026
4059,80320,S15,3,3,tstr,2026
4060,80384,S15,3,3,tstr,2026
4061,80448,S15,3,3,tstr,2026
4062,80512,S15,3,3,tstr,2026
4063,80576,S15,3,3,tstr,2026
4064,80640,S15,3,3,tstr,2026
4065,80704,S15,3,3,tstr,2026
4066,80768,S15,3,3,tstr,2026
4067,80832,S15,3,3,tstr,2026
4068,80896,S15,3,3,tstr,2026
4069,80960,S15,3,3,tstr,2026
4070,81024,S15,3,3,tstr,2026
4071,81088,S15,3,3,tstr,2026
4072,81152,S15,3,3,tstr,2026
4073,81216,S15,3,3,tstr,2026
4074,95936,S15,4,4,tstr,2026
4075,96000,S15,4,4,tstr,2026
4076,96064,S15,4,4,tstr,2026
4077,96128,S15,4,4,tstr,2026
4078,96192,S15,4,4,tstr,2026
4079,96256,S15,4,4,tstr,2026
4080,96320,S15,4,4,tstr,2026
4081,96384,S15,4,4,tstr,2026
4082,96448,S15,4,5,tstr,2026
4083,96512,S15,4,5,tstr,2026
4084,96576,S15,4,5,tstr,2026
4085,96640,S15,4,7,tstr,2026
4086,96704,S15,4,4,tstr,2026
4087,96768,S15,4,5,tstr,2026
4088,96832,S15,4,7,tstr,2026
4089,96896,S15,4,5,tstr,2026
4090,96960,S15,4,2,tstr,2026
4091,97024,S15,4,4,tstr,2026
4092,97088,S15,4,5,tstr,2026
4093,97152,S15,4,4,tstr,2026
4094,97216,S15,4,7,tstr,2026
4095,97280,S15,4,7,tstr,2026
4096,97344,S15,4,4,tstr,2026
4097,97408,S15,4,5,tstr,2026
4098,97472,S15,4,4,tstr,2026
4099,97536,S15,4,5,tstr,2026
4100,97600,S15,4,4,tstr,2026
4101,97664,S15,4,4,tstr,2026
4102,97728,S15,4,5,tstr,2026
4103,97792,S15,4,5,tstr,2026
4104,97856,S15,4,4,tstr,2026
4105,97920,S15,4,4,tstr,2026
4106,97984,S15,4,4,tstr,2026
4107,98048,S15,4,4,tstr,2026
4108,98112,S15,4,4,tstr,2026
4109,98176,S15,4,2,tstr,2026
4110,98240,S15,4,4,tstr,2026
4111,98304,S15,4,4,tstr,2026
4112,98368,S15,4,4,tstr,2026
4113,98432,S15,4,4,tstr,2026
4114,98496,S15,4,7,tstr,2026
4115,98560,S15,4,7,tstr,2026
4116,98624,S15,4,5,tstr,2026
4117,98688,S15,4,4,tstr,2026
4118,98752,S15,4,4,tstr,2026
4119,98816,S15,4,4,tstr,2026
4120,98880,S15,4,4,tstr,2026
4121,98944,S15,4,4,tstr,2026
4122,99008,S15,4,4,tstr,2026
4123,99072,S15,4,5,tstr,2026
4124,99136,S15,4,7,tstr,2026
4125,99200,S15,4,5,tstr,2026
4126,99264,S15,4,4,tstr,2026
4127,99328,S15,4,4,tstr,2026
4128,99392,S15,4,5,tstr,2026
4129,99456,S15,4,4,tstr,2026
4130,99520,S15,4,7,tstr,2026
4131,99584,S15,4,4,tstr,2026
4132,99648,S15,4,5,tstr,2026
4133,99712,S15,4,4,tstr,2026
4134,99776,S15,4,4,tstr,2026
4135,99840,S15,4,5,tstr,2026
4136,99904,S15,4,5,tstr,2026
4137,99968,S15,4,0,tstr,2026
4138,100032,S15,4,5,tstr,2026
4139,100096,S15,4,4,tstr,2026
4140,100160,S15,4,5,tstr,2026
4141,100224,S15,4,7,tstr,2026
4142,100288,S15,4,5,tstr,2026
4143,100352,S15,4,7,tstr,2026
4144,100416,S15,4,4,tstr,2026
4145,100480,S15,4,4,tstr,2026
4146,100544,S15,4,4,tstr,2026
4147,100608,S15,4,4,tstr,2026
4148,100672,S15,4,4,tstr,2026
4149,100736,S15,4,4,tstr,2026
4150,100800,S15,4,5,tstr,2026
4151,100864,S15,4,4,tstr,2026
4152,100928,S15,4,4,tstr,2026
4153,100992,S15,4,4,tstr,2026
4154,101056,S15,4,4,tstr,2026
4155,101120,S15,4,5,tstr,2026
4156,101184,S15,4,4,tstr,2026
4157,101248,S15,4,5,tstr,2026
4158,101312,S15,4,4,tstr,2026
4159,101376,S15,4,4,tstr,2026
4160,101440,S15,4,4,tstr,2026
4161,101504,S15,4,4,tstr,2026
4162,101568,S15,4,5,tstr,2026
4163,101632,S15,4,4,tstr,2026
4164,101696,S15,4,7,tstr,2026
4165,101760,S15,4,4,tstr,2026
4166,101824,S15,4,5,tstr,2026
4167,101888,S15,4,5,tstr,2026
4168,101952,S15,4,4,tstr,2026
4169,102016,S15,4,4,tstr,2026
4170,102080,S15,4,4,tstr,2026
4171,102144,S15,4,5,tstr,2026
4172,102208,S15,4,4,tstr,2026
4173,102272,S15,4,4,tstr,2026
4174,102336,S15,4,5,tstr,2026
4175,102400,S15,4,5,tstr,2026
4176,102464,S15,4,4,tstr,2026
4177,102528,S15,4,4,tstr,2026
4178,102592,S15,4,4,tstr,2026
4179,102656,S15,4,4,tstr,2026
4180,102720,S15,4,4,tstr,2026
4181,102784,S15,4,4,tstr,2026
4182,102848,S15,4,5,tstr,2026
4183,102912,S15,4,5,tstr,2026
4184,102976,S15,4,5,tstr,2026
4185,103040,S15,4,7,tstr,2026
4186,103104,S15,4,7,tstr,2026
4187,103168,S15,4,4,tstr,2026
4188,103232,S15,4,4,tstr,2026
4189,103296,S15,4,4,tstr,2026
4190,103360,S15,4,5,tstr,2026
4191,103424,S15,4,4,tstr,2026
4192,103488,S15,4,4,tstr,2026
4193,103552,S15,4,4,tstr,2026
4194,103616,S15,4,7,tstr,2026
4195,103680,S15,4,4,tstr,2026
4196,103744,S15,4,7,tstr,2026
4197,103808,S15,4,5,tstr,2026
4198,103872,S15,4,4,tstr,2026
4199,103936,S15,4,4,tstr,2026
4200,104000,S15,4,4,tstr,2026
4201,104064,S15,4,5,tstr,2026
4202,104128,S15,4,4,tstr,2026
4203,104192,S15,4,4,tstr,2026
4204,104256,S15,4,4,tstr,2026
4205,104320,S15,4,7,tstr,2026
4206,104384,S15,4,5,tstr,2026
4207,104448,S15,4,4,tstr,2026
4208,104512,S15,4,4,tstr,2026
4209,104576,S15,4,4,tstr,2026
4210,104640,S15,4,5,tstr,2026
4211,104704,S15,4,5,tstr,2026
4212,104768,S15,4,4,tstr,2026
4213,104832,S15,4,5,tstr,2026
4214,104896,S15,4,4,tstr,2026
4215,104960,S15,4,5,tstr,2026
4216,105024,S15,4,7,tstr,2026
4217,105088,S15,4,5,tstr,2026
4218,105152,S15,4,4,tstr,2026
4219,105216,S15,4,5,tstr,2026
4220,105280,S15,4,4,tstr,2026
4221,105344,S15,4,4,tstr,2026
4222,105408,S15,4,5,tstr,2026
4223,105472,S15,4,4,tstr,2026
4224,105536,S15,4,4,tstr,2026
4225,105600,S15,4,7,tstr,2026
4226,105664,S15,4,5,tstr,2026
4227,105728,S15,4,4,tstr,2026
4228,105792,S15,4,5,tstr,2026
4229,105856,S15,4,4,tstr,2026
4230,105920,S15,4,4,tstr,2026
4231,105984,S15,4,7,tstr,2026
4232,106048,S15,4,4,tstr,2026
4233,106112,S15,4,7,tstr,2026
4234,106176,S15,4,4,tstr,2026
4235,106240,S15,4,4,tstr,2026
4236,106304,S15,4,4,tstr,2026
4237,106368,S15,4,5,tstr,2026
4238,106432,S15,4,5,tstr,2026
4239,106496,S15,4,5,tstr,2026
4240,106560,S15,4,2,tstr,2026
4241,106624,S15,4,4,tstr,2026
4242,106688,S15,4,4,tstr,2026
4243,106752,S15,4,4,tstr,2026
4244,106816,S15,4,5,tstr,2026
4245,106880,S15,4,4,tstr,2026
4246,106944,S15,4,7,tstr,2026
4247,107008,S15,4,7,tstr,2026
4248,107072,S15,4,5,tstr,2026
4249,107136,S15,4,7,tstr,2026
4250,107200,S15,4,4,tstr,2026
4251,107264,S15,4,4,tstr,2026
4252,107328,S15,4,4,tstr,2026
4253,107392,S15,4,5,tstr,2026
4254,107456,S15,4,7,tstr,2026
4255,107520,S15,4,4,tstr,2026
4256,107584,S15,4,4,tstr,2026
4257,107648,S15,4,4,tstr,2026
4258,107712,S15,4,4,tstr,2026
4259,107776,S15,4,7,tstr,2026
4260,107840,S15,4,4,tstr,2026
4261,107904,S15,4,4,tstr,2026
4262,107968,S15,4,4,tstr,2026
4263,108032,S15,4,4,tstr,2026
4264,108096,S15,4,5,tstr,2026
4265,108160,S15,4,4,tstr,2026
4266,108224,S15,4,5,tstr,2026
4267,108288,S15,4,5,tstr,2026
4268,108352,S15,4,7,tstr,2026
4269,108416,S15,4,5,tstr,2026
4270,108480,S15,4,4,tstr,2026
4271,108544,S15,4,5,tstr,2026
4272,108608,S15,4,4,tstr,2026
4273,108672,S15,4,4,tstr,2026
4274,108736,S15,4,4,tstr,2026
4275,108800,S15,4,0,tstr,2026
4276,108864,S15,4,5,tstr,2026
4277,108928,S15,4,4,tstr,2026
4278,108992,S15,4,4,tstr,2026
4279,109056,S15,4,5,tstr,2026
4280,109120,S15,4,4,tstr,2026
4281,109184,S15,4,4,tstr,2026
4282,109248,S15,4,4,tstr,2026
4283,109312,S15,4,4,tstr,2026
4284,109376,S15,4,4,tstr,2026
4285,109440,S15,4,4,tstr,2026
4286,109504,S15,4,7,tstr,2026
4287,109568,S15,4,4,tstr,2026
4288,109632,S15,4,5,tstr,2026
4289,109696,S15,4,5,tstr,2026
4290,109760,S15,4,5,tstr,2026
4291,109824,S15,4,7,tstr,2026
4292,109888,S15,4,5,tstr,2026
4293,109952,S15,4,4,tstr,2026
4294,110016,S15,4,5,tstr,2026
4295,110080,S15,4,4,tstr,2026
4296,110144,S15,4,4,tstr,2026
4297,110208,S15,4,7,tstr,2026
4298,110272,S15,4,5,tstr,2026
4299,110336,S15,4,4,tstr,2026
4300,110400,S15,4,5,tstr,2026
4301,110464,S15,4,5,tstr,2026
4302,110528,S15,4,4,tstr,2026
4303,110592,S15,4,4,tstr,2026
4304,110656,S15,4,4,tstr,2026
4305,110720,S15,4,4,tstr,2026
4306,110784,S15,4,5,tstr,2026
4307,110848,S15,4,7,tstr,2026
4308,110912,S15,4,4,tstr,2026
4309,110976,S15,4,5,tstr,2026
4310,111040,S15,4,5,tstr,2026
4311,111104,S15,4,5,tstr,2026
4312,111168,S15,4,4,tstr,2026
4313,111232,S15,4,5,tstr,2026
4314,111296,S15,4,5,tstr,2026
4315,111360,S15,4,4,tstr,2026
4316,111424,S15,4,4,tstr,2026
4317,111488,S15,4,4,tstr,2026
4318,111552,S15,4,4,tstr,2026
4319,111616,S15,4,4,tstr,2026
4320,111680,S15,4,5,tstr,2026
4321,111744,S15,4,5,tstr,2026
4322,111808,S15,4,4,tstr,2026
4323,111872,S15,4,4,tstr,2026
4324,111936,S15,4,5,tstr,2026
4325,112000,S15,4,4,tstr,2026
4326,112064,S15,4,5,tstr,2026
4327,112128,S15,4,5,tstr,2026
4328,112192,S15,4,4,tstr,2026
4329,112256,S15,4,4,tstr,2026
4330,112320,S15,4,7,tstr,2026
4331,112384,S15,4,4,tstr,2026
4332,112448,S15,4,5,tstr,2026
4333,112512,S15,4,7,tstr,2026
4334,112576,S15,4,4,tstr,2026
4335,112640,S15,4,4,tstr,2026
4336,112704,S15,4,4,tstr,2026
4337,112768,S15,4,5,tstr,2026
4338,112832,S15,4,4,tstr,2026
4339,112896,S15,4,4,tstr,2026
4340,112960,S15,4,4,tstr,2026
4341,113024,S15,4,4,tstr,2026
4342,113088,S15,4,7,tstr,2026
4343,113152,S15,4,7,tstr,2026
4344,113216,S15,4,4,tstr,2026
4345,113280,S15,4,4,tstr,2026
4346,113344,S15,4,2,tstr,2026
4347,113408,S15,4,5,tstr,2026
4348,113472,S15,4,5,tstr,2026
4349,113536,S15,4,4,tstr,2026
4350,113600,S15,4,4,tstr,2026
4351,113664,S15,4,4,tstr,2026
4352,113728,S15,4,4,tstr,2026
4353,113792,S15,4,5,tstr,2026
4354,113856,S15,4,4,tstr,2026
4355,113920,S15,4,4,tstr,2026
4356,113984,S15,4,4,tstr,2026
4357,114048,S15,4,7,tstr,2026
4358,114112,S15,4,5,tstr,2026
4359,114176,S15,4,5,tstr,2026
4360,114240,S15,4,5,tstr,2026
4361,114304,S15,4,5,tstr,2026
4362,114368,S15,4,4,tstr,2026
4363,114432,S15,4,7,tstr,2026
4364,114496,S15,4,5,tstr,2026
4365,114560,S15,4,4,tstr,2026
4366,114624,S15,4,4,tstr,2026
4367,114688,S15,4,4,tstr,2026
4368,114752,S15,4,4,tstr,2026
4369,114816,S15,4,5,tstr,2026
4370,114880,S15,4,4,tstr,2026
4371,114944,S15,4,4,tstr,2026
4372,115008,S15,4,4,tstr,2026
4373,115072,S15,4,4,tstr,2026
4374,115136,S15,4,4,tstr,2026
4375,115200,S15,4,4,tstr,2026
4376,115264,S15,4,4,tstr,2026
4377,115328,S15,4,4,tstr,2026
4378,115392,S15,4,5,tstr,2026
4379,115456,S15,4,7,tstr,2026
4380,115520,S15,4,4,tstr,2026
4381,115584,S15,4,4,tstr,2026
4382,115648,S15,4,4,tstr,2026
4383,115712,S15,4,4,tstr,2026
4384,115776,S15,4,4,tstr,2026
4385,115840,S15,4,4,tstr,2026
4386,115904,S15,4,7,tstr,2026
4387,115968,S15,4,4,tstr,2026
4388,116032,S15,4,4,tstr,2026
4389,116096,S15,4,4,tstr,2026
4390,116160,S15,4,7,tstr,2026
4391,116224,S15,4,4,tstr,2026
4392,116288,S15,4,4,tstr,2026
4393,116352,S15,4,4,tstr,2026
4394,116416,S15,4,5,tstr,2026
4395,116480,S15,4,4,tstr,2026
4396,116544,S15,4,7,tstr,2026
4397,116608,S15,4,5,tstr,2026
4398,116672,S15,4,7,tstr,2026
4399,116736,S15,4,5,tstr,2026
4400,116800,S15,4,4,tstr,2026
4401,116864,S15,4,4,tstr,2026
4402,116928,S15,4,5,tstr,2026
4403,116992,S15,4,2,tstr,2026
4404,117056,S15,4,4,tstr,2026
4405,117120,S15,4,7,tstr,2026
4406,117184,S15,4,5,tstr,2026
4407,117248,S15,4,4,tstr,2026
4408,117312,S15,4,7,tstr,2026
4409,117376,S15,4,4,tstr,2026
4410,117440,S15,4,5,tstr,2026
4411,117504,S15,4,4,tstr,2026
4412,117568,S15,4,4,tstr,2026
4413,117632,S15,4,5,tstr,2026
4414,117696,S15,4,5,tstr,2026
4415,117760,S15,4,4,tstr,2026
4416,117824,S15,4,4,tstr,2026
4417,117888,S15,4,4,tstr,2026
4418,117952,S15,4,4,tstr,2026
4419,118016,S15,4,5,tstr,2026
4420,118080,S15,4,4,tstr,2026
4421,118144,S15,4,4,tstr,2026
4422,118208,S15,4,7,tstr,2026
4423,118272,S15,4,5,tstr,2026
4424,118336,S15,4,4,tstr,2026
4425,118400,S15,4,4,tstr,2026
4426,118464,S15,4,4,tstr,2026
4427,118528,S15,4,5,tstr,2026
4428,118592,S15,4,7,tstr,2026
4429,118656,S15,4,4,tstr,2026
4430,118720,S15,4,4,tstr,2026
4431,118784,S15,4,4,tstr,2026
4432,118848,S15,4,4,tstr,2026
4433,118912,S15,4,4,tstr,2026
4434,118976,S15,4,4,tstr,2026
4435,119040,S15,4,7,tstr,2026
4436,119104,S15,4,4,tstr,2026
4437,119168,S15,4,4,tstr,2026
4438,119232,S15,4,5,tstr,2026
4439,119296,S15,4,5,tstr,2026
4440,119360,S15,4,5,tstr,2026
4441,119424,S15,4,4,tstr,2026
4442,119488,S15,4,4,tstr,2026
4443,119552,S15,4,5,tstr,2026
4444,119616,S15,4,4,tstr,2026
4445,119680,S15,4,0,tstr,2026
4446,119744,S15,4,4,tstr,2026
4447,119808,S15,4,4,tstr,2026
4448,119872,S15,4,4,tstr,2026
4449,119936,S15,4,4,tstr,2026
4450,120000,S15,4,5,tstr,2026
4451,120064,S15,4,5,tstr,2026
4452,120128,S15,4,4,tstr,2026
4453,120192,S15,4,4,tstr,2026
4454,120256,S15,4,4,tstr,2026
4455,120320,S15,4,7,tstr,2026
4456,120384,S15,4,5,tstr,2026
4457,120448,S15,4,4,tstr,2026
4458,120512,S15,4,4,tstr,2026
4459,120576,S15,4,4,tstr,2026
4460,120640,S15,4,4,tstr,2026
4461,120704,S15,4,5,tstr,2026
4462,120768,S15,4,4,tstr,2026
4463,120832,S15,4,4,tstr,2026
4464,120896,S15,4,5,tstr,2026
4465,134336,S15,5,5,tstr,2026
4466,134400,S15,5,5,tstr,2026
4467,134464,S15,5,7,tstr,2026
4468,134528,S15,5,5,tstr,2026
4469,134592,S15,5,5,tstr,2026
4470,134656,S15,5,5,tstr,2026
4471,134720,S15,5,7,tstr,2026
4472,134784,S15,5,7,tstr,2026
4473,134848,S15,5,5,tstr,2026
4474,134912,S15,5,4,tstr,2026
4475,134976,S15,5,5,tstr,2026
4476,135040,S15,5,7,tstr,2026
4477,135104,S15,5,0,tstr,2026
4478,135168,S15,5,5,tstr,2026
4479,135232,S15,5,4,tstr,2026
4480,135296,S15,5,5,tstr,2026
4481,135360,S15,5,5,tstr,2026
4482,135424,S15,5,7,tstr,2026
4483,135488,S15,5,5,tstr,2026
4484,135552,S15,5,7,tstr,2026
4485,135616,S15,5,5,tstr,2026
4486,135680,S15,5,5,tstr,2026
4487,135744,S15,5,2,tstr,2026
4488,135808,S15,5,5,tstr,2026
4489,135872,S15,5,7,tstr,2026
4490,135936,S15,5,5,tstr,2026
4491,136000,S15,5,7,tstr,2026
4492,136064,S15,5,5,tstr,2026
4493,136128,S15,5,5,tstr,2026
4494,136192,S15,5,5,tstr,2026
4495,136256,S15,5,0,tstr,2026
4496,136320,S15,5,7,tstr,2026
4497,136384,S15,5,4,tstr,2026
4498,136448,S15,5,5,tstr,2026
4499,136512,S15,5,7,tstr,2026
4500,136576,S15,5,5,tstr,2026
4501,136640,S15,5,7,tstr,2026
4502,136704,S15,5,7,tstr,2026
4503,136768,S15,5,5,tstr,2026
4504,136832,S15,5,5,tstr,2026
4505,136896,S15,5,5,tstr,2026
4506,136960,S15,5,7,tstr,2026
4507,137024,S15,5,5,tstr,2026
4508,137088,S15,5,5,tstr,2026
4509,137152,S15,5,5,tstr,2026
4510,137216,S15,5,5,tstr,2026
4511,137280,S15,5,7,tstr,2026
4512,137344,S15,5,5,tstr,2026
4513,137408,S15,5,7,tstr,2026
4514,137472,S15,5,5,tstr,2026
4515,137536,S15,5,7,tstr,2026
4516,137600,S15,5,5,tstr,2026
4517,137664,S15,5,7,tstr,2026
4518,137728,S15,5,7,tstr,2026
4519,137792,S15,5,5,tstr,2026
4520,137856,S15,5,4,tstr,2026
4521,137920,S15,5,0,tstr,2026
4522,137984,S15,5,7,tstr,2026
4523,138048,S15,5,5,tstr,2026
4524,138112,S15,5,5,tstr,2026
4525,138176,S15,5,5,tstr,2026
4526,138240,S15,5,7,tstr,2026
4527,138304,S15,5,5,tstr,2026
4528,138368,S15,5,5,tstr,2026
4529,138432,S15,5,5,tstr,2026
4530,138496,S15,5,7,tstr,2026
4531,138560,S15,5,5,tstr,2026
4532,138624,S15,5,7,tstr,2026
4533,138688,S15,5,5,tstr,2026
4534,138752,S15,5,5,tstr,2026
4535,138816,S15,5,5,tstr,2026
4536,138880,S15,5,5,tstr,2026
4537,138944,S15,5,0,tstr,2026
4538,139008,S15,5,5,tstr,2026
4539,139072,S15,5,5,tstr,2026
4540,139136,S15,5,5,tstr,2026
4541,139200,S15,5,5,tstr,2026
4542,139264,S15,5,5,tstr,2026
4543,139328,S15,5,5,tstr,2026
4544,139392,S15,5,7,tstr,2026
4545,139456,S15,5,5,tstr,2026
4546,139520,S15,5,5,tstr,2026
4547,139584,S15,5,0,tstr,2026
4548,139648,S15,5,5,tstr,2026
4549,139712,S15,5,5,tstr,2026
4550,139776,S15,5,5,tstr,2026
4551,139840,S15,5,7,tstr,2026
4552,139904,S15,5,5,tstr,2026
4553,139968,S15,5,5,tstr,2026
4554,140032,S15,5,7,tstr,2026
4555,140096,S15,5,5,tstr,2026
4556,140160,S15,5,5,tstr,2026
4557,140224,S15,5,4,tstr,2026
4558,140288,S15,5,4,tstr,2026
4559,140352,S15,5,5,tstr,2026
4560,140416,S15,5,5,tstr,2026
4561,140480,S15,5,7,tstr,2026
4562,140544,S15,5,5,tstr,2026
4563,140608,S15,5,7,tstr,2026
4564,140672,S15,5,5,tstr,2026
4565,140736,S15,5,7,tstr,2026
4566,140800,S15,5,5,tstr,2026
4567,140864,S15,5,0,tstr,2026
4568,140928,S15,5,5,tstr,2026
4569,140992,S15,5,4,tstr,2026
4570,141056,S15,5,5,tstr,2026
4571,141120,S15,5,5,tstr,2026
4572,141184,S15,5,4,tstr,2026
4573,141248,S15,5,7,tstr,2026
4574,141312,S15,5,7,tstr,2026
4575,141376,S15,5,7,tstr,2026
4576,141440,S15,5,7,tstr,2026
4577,141504,S15,5,2,tstr,2026
4578,141568,S15,5,5,tstr,2026
4579,141632,S15,5,5,tstr,2026
4580,141696,S15,5,4,tstr,2026
4581,141760,S15,5,5,tstr,2026
4582,141824,S15,5,5,tstr,2026
4583,141888,S15,5,7,tstr,2026
4584,141952,S15,5,5,tstr,2026
4585,142016,S15,5,2,tstr,2026
4586,142080,S15,5,5,tstr,2026
4587,142144,S15,5,4,tstr,2026
4588,142208,S15,5,5,tstr,2026
4589,142272,S15,5,5,tstr,2026
4590,142336,S15,5,7,tstr,2026
4591,142400,S15,5,7,tstr,2026
4592,142464,S15,5,0,tstr,2026
4593,142528,S15,5,5,tstr,2026
4594,142592,S15,5,2,tstr,2026
4595,142656,S15,5,0,tstr,2026
4596,142720,S15,5,5,tstr,2026
4597,142784,S15,5,7,tstr,2026
4598,142848,S15,5,5,tstr,2026
4599,142912,S15,5,5,tstr,2026
4600,142976,S15,5,5,tstr,2026
4601,143040,S15,5,5,tstr,2026
4602,143104,S15,5,4,tstr,2026
4603,143168,S15,5,5,tstr,2026
4604,143232,S15,5,5,tstr,2026
4605,143296,S15,5,0,tstr,2026
4606,143360,S15,5,5,tstr,2026
4607,143424,S15,5,0,tstr,2026
4608,143488,S15,5,7,tstr,2026
4609,143552,S15,5,5,tstr,2026
4610,143616,S15,5,4,tstr,2026
4611,143680,S15,5,5,tstr,2026
4612,143744,S15,5,7,tstr,2026
4613,143808,S15,5,7,tstr,2026
4614,143872,S15,5,5,tstr,2026
4615,143936,S15,5,4,tstr,2026
4616,144000,S15,5,4,tstr,2026
4617,144064,S15,5,5,tstr,2026
4618,144128,S15,5,0,tstr,2026
4619,144192,S15,5,7,tstr,2026
4620,144256,S15,5,7,tstr,2026
4621,144320,S15,5,7,tstr,2026
4622,144384,S15,5,5,tstr,2026
4623,144448,S15,5,7,tstr,2026
4624,144512,S15,5,0,tstr,2026
4625,144576,S15,5,5,tstr,2026
4626,144640,S15,5,5,tstr,2026
4627,144704,S15,5,7,tstr,2026
4628,144768,S15,5,5,tstr,2026
4629,144832,S15,5,5,tstr,2026
4630,144896,S15,5,5,tstr,2026
4631,144960,S15,5,7,tstr,2026
4632,145024,S15,5,5,tstr,2026
4633,145088,S15,5,5,tstr,2026
4634,145152,S15,5,5,tstr,2026
4635,145216,S15,5,5,tstr,2026
4636,145280,S15,5,5,tstr,2026
4637,145344,S15,5,5,tstr,2026
4638,145408,S15,5,5,tstr,2026
4639,145472,S15,5,5,tstr,2026
4640,145536,S15,5,7,tstr,2026
4641,145600,S15,5,5,tstr,2026
4642,145664,S15,5,5,tstr,2026
4643,145728,S15,5,4,tstr,2026
4644,145792,S15,5,5,tstr,2026
4645,145856,S15,5,7,tstr,2026
4646,145920,S15,5,7,tstr,2026
4647,145984,S15,5,0,tstr,2026
4648,146048,S15,5,5,tstr,2026
4649,146112,S15,5,5,tstr,2026
4650,146176,S15,5,5,tstr,2026
4651,146240,S15,5,7,tstr,2026
4652,146304,S15,5,0,tstr,2026
4653,146368,S15,5,5,tstr,2026
4654,146432,S15,5,5,tstr,2026
4655,146496,S15,5,5,tstr,2026
4656,146560,S15,5,7,tstr,2026
4657,146624,S15,5,0,tstr,2026
4658,146688,S15,5,5,tstr,2026
4659,146752,S15,5,5,tstr,2026
4660,146816,S15,5,7,tstr,2026
4661,146880,S15,5,5,tstr,2026
4662,146944,S15,5,5,tstr,2026
4663,147008,S15,5,0,tstr,2026
4664,147072,S15,5,7,tstr,2026
4665,147136,S15,5,7,tstr,2026
4666,147200,S15,5,4,tstr,2026
4667,147264,S15,5,7,tstr,2026
4668,147328,S15,5,7,tstr,2026
4669,147392,S15,5,7,tstr,2026
4670,147456,S15,5,5,tstr,2026
4671,147520,S15,5,4,tstr,2026
4672,147584,S15,5,5,tstr,2026
4673,147648,S15,5,5,tstr,2026
4674,147712,S15,5,5,tstr,2026
4675,147776,S15,5,5,tstr,2026
4676,147840,S15,5,5,tstr,2026
4677,147904,S15,5,5,tstr,2026
4678,147968,S15,5,7,tstr,2026
4679,148032,S15,5,5,tstr,2026
4680,148096,S15,5,7,tstr,2026
4681,148160,S15,5,1,tstr,2026
4682,148224,S15,5,5,tstr,2026
4683,148288,S15,5,7,tstr,2026
4684,148352,S15,5,1,tstr,2026
4685,148416,S15,5,4,tstr,2026
4686,148480,S15,5,7,tstr,2026
4687,148544,S15,5,5,tstr,2026
4688,148608,S15,5,5,tstr,2026
4689,148672,S15,5,5,tstr,2026
4690,148736,S15,5,5,tstr,2026
4691,148800,S15,5,5,tstr,2026
4692,148864,S15,5,5,tstr,2026
4693,148928,S15,5,5,tstr,2026
4694,148992,S15,5,4,tstr,2026
4695,149056,S15,5,5,tstr,2026
4696,149120,S15,5,5,tstr,2026
4697,149184,S15,5,5,tstr,2026
4698,149248,S15,5,0,tstr,2026
4699,149312,S15,5,5,tstr,2026
4700,149376,S15,5,7,tstr,2026
4701,149440,S15,5,2,tstr,2026
4702,149504,S15,5,0,tstr,2026
4703,149568,S15,5,5,tstr,2026
4704,149632,S15,5,2,tstr,2026
4705,149696,S15,5,4,tstr,2026
4706,149760,S15,5,0,tstr,2026
4707,149824,S15,5,7,tstr,2026
4708,149888,S15,5,5,tstr,2026
4709,149952,S15,5,2,tstr,2026
4710,150016,S15,5,5,tstr,2026
4711,150080,S15,5,7,tstr,2026
4712,150144,S15,5,5,tstr,2026
4713,150208,S15,5,4,tstr,2026
4714,150272,S15,5,5,tstr,2026
4715,150336,S15,5,7,tstr,2026
4716,150400,S15,5,7,tstr,2026
4717,150464,S15,5,7,tstr,2026
4718,150528,S15,5,4,tstr,2026
4719,150592,S15,5,7,tstr,2026
4720,150656,S15,5,7,tstr,2026
4721,150720,S15,5,5,tstr,2026
4722,150784,S15,5,7,tstr,2026
4723,150848,S15,5,5,tstr,2026
4724,150912,S15,5,7,tstr,2026
4725,150976,S15,5,5,tstr,2026
4726,151040,S15,5,7,tstr,2026
4727,151104,S15,5,7,tstr,2026
4728,151168,S15,5,7,tstr,2026
4729,151232,S15,5,5,tstr,2026
4730,151296,S15,5,7,tstr,2026
4731,151360,S15,5,4,tstr,2026
4732,151424,S15,5,7,tstr,2026
4733,151488,S15,5,7,tstr,2026
4734,151552,S15,5,5,tstr,2026
4735,151616,S15,5,5,tstr,2026
4736,151680,S15,5,5,tstr,2026
4737,151744,S15,5,5,tstr,2026
4738,151808,S15,5,7,tstr,2026
4739,151872,S15,5,5,tstr,2026
4740,151936,S15,5,5,tstr,2026
4741,152000,S15,5,5,tstr,2026
4742,152064,S15,5,5,tstr,2026
4743,152128,S15,5,4,tstr,2026
4744,152192,S15,5,7,tstr,2026
4745,152256,S15,5,7,tstr,2026
4746,152320,S15,5,5,tstr,2026
4747,152384,S15,5,7,tstr,2026
4748,152448,S15,5,4,tstr,2026
4749,152512,S15,5,5,tstr,2026
4750,152576,S15,5,5,tstr,2026
4751,152640,S15,5,5,tstr,2026
4752,152704,S15,5,7,tstr,2026
4753,152768,S15,5,7,tstr,2026
4754,152832,S15,5,7,tstr,2026
4755,152896,S15,5,7,tstr,2026
4756,152960,S15,5,5,tstr,2026
4757,153024,S15,5,7,tstr,2026
4758,153088,S15,5,2,tstr,2026
4759,153152,S15,5,5,tstr,2026
4760,153216,S15,5,5,tstr,2026
4761,153280,S15,5,5,tstr,2026
4762,153344,S15,5,0,tstr,2026
4763,153408,S15,5,0,tstr,2026
4764,153472,S15,5,5,tstr,2026
4765,153536,S15,5,5,tstr,2026
4766,153600,S15,5,5,tstr,2026
4767,153664,S15,5,7,tstr,2026
4768,153728,S15,5,7,tstr,2026
4769,153792,S15,5,5,tstr,2026
4770,153856,S15,5,7,tstr,2026
4771,153920,S15,5,2,tstr,2026
4772,153984,S15,5,7,tstr,2026
4773,154048,S15,5,4,tstr,2026
4774,154112,S15,5,0,tstr,2026
4775,154176,S15,5,7,tstr,2026
4776,154240,S15,5,7,tstr,2026
4777,154304,S15,5,5,tstr,2026
4778,154368,S15,5,7,tstr,2026
4779,154432,S15,5,5,tstr,2026
4780,154496,S15,5,1,tstr,2026
4781,154560,S15,5,0,tstr,2026
4782,154624,S15,5,5,tstr,2026
4783,154688,S15,5,7,tstr,2026
4784,154752,S15,5,5,tstr,2026
4785,154816,S15,5,4,tstr,2026
4786,154880,S15,5,7,tstr,2026
4787,154944,S15,5,5,tstr,2026
4788,155008,S15,5,5,tstr,2026
4789,155072,S15,5,7,tstr,2026
4790,155136,S15,5,7,tstr,2026
4791,155200,S15,5,0,tstr,2026
4792,155264,S15,5,5,tstr,2026
4793,155328,S15,5,5,tstr,2026
4794,155392,S15,5,5,tstr,2026
4795,155456,S15,5,5,tstr,2026
4796,155520,S15,5,7,tstr,2026
4797,155584,S15,5,5,tstr,2026
4798,155648,S15,5,5,tstr,2026
4799,155712,S15,5,4,tstr,2026
4800,155776,S15,5,5,tstr,2026
4801,155840,S15,5,5,tstr,2026
4802,155904,S15,5,5,tstr,2026
4803,155968,S15,5,7,tstr,2026
4804,156032,S15,5,5,tstr,2026
4805,156096,S15,5,5,tstr,2026
4806,156160,S15,5,5,tstr,2026
4807,156224,S15,5,7,tstr,2026
4808,156288,S15,5,7,tstr,2026
4809,156352,S15,5,5,tstr,2026
4810,156416,S15,5,5,tstr,2026
4811,156480,S15,5,7,tstr,2026
4812,156544,S15,5,7,tstr,2026
4813,156608,S15,5,5,tstr,2026
4814,156672,S15,5,4,tstr,2026
4815,156736,S15,5,2,tstr,2026
4816,156800,S15,5,5,tstr,2026
4817,156864,S15,5,5,tstr,2026
4818,156928,S15,5,4,tstr,2026
4819,156992,S15,5,4,tstr,2026
4820,157056,S15,5,0,tstr,2026
4821,157120,S15,5,7,tstr,2026
4822,157184,S15,5,7,tstr,2026
4823,157248,S15,5,5,tstr,2026
4824,157312,S15,5,5,tstr,2026
4825,157376,S15,5,5,tstr,2026
4826,157440,S15,5,7,tstr,2026
4827,157504,S15,5,0,tstr,2026
4828,157568,S15,5,0,tstr,2026
4829,157632,S15,5,0,tstr,2026
4830,157696,S15,5,0,tstr,2026
4831,157760,S15,5,5,tstr,2026
4832,157824,S15,5,5,tstr,2026
4833,157888,S15,5,4,tstr,2026
4834,157952,S15,5,7,tstr,2026
4835,158016,S15,5,5,tstr,2026
4836,158080,S15,5,7,tstr,2026
4837,158144,S15,5,7,tstr,2026
4838,158208,S15,5,7,tstr,2026
4839,158272,S15,5,5,tstr,2026
4840,158336,S15,5,5,tstr,2026
4841,158400,S15,5,4,tstr,2026
4842,158464,S15,5,7,tstr,2026
4843,158528,S15,5,7,tstr,2026
4844,158592,S15,5,7,tstr,2026
4845,158656,S15,5,0,tstr,2026
4846,158720,S15,5,0,tstr,2026
4847,158784,S15,5,7,tstr,2026
4848,158848,S15,5,7,tstr,2026
4849,158912,S15,5,5,tstr,2026
4850,158976,S15,5,5,tstr,2026
4851,159040,S15,5,5,tstr,2026
4852,159104,S15,5,5,tstr,2026
4853,159168,S15,5,7,tstr,2026
4854,159232,S15,5,4,tstr,2026
4855,159296,S15,5,7,tstr,2026
4856,159360,S15,5,7,tstr,2026
4857,159424,S15,5,5,tstr,2026
4858,159488,S15,5,5,tstr,2026
4859,159552,S15,5,7,tstr,2026
4860,159616,S15,5,4,tstr,2026
4861,159680,S15,5,5,tstr,2026
4862,159744,S15,5,5,tstr,2026
4863,159808,S15,5,5,tstr,2026
4864,159872,S15,5,5,tstr,2026
4865,159936,S15,5,5,tstr,2026
4866,160000,S15,5,7,tstr,2026
4867,160064,S15,5,7,tstr,2026
4868,160128,S15,5,5,tstr,2026
4869,160192,S15,5,4,tstr,2026
4870,160256,S15,5,7,tstr,2026
4871,160320,S15,5,7,tstr,2026
4872,160384,S15,5,5,tstr,2026
4873,160448,S15,5,7,tstr,2026
4874,160512,S15,5,7,tstr,2026
4875,160576,S15,5,5,tstr,2026
4876,160640,S15,5,7,tstr,2026
4877,160704,S15,5,5,tstr,2026
4878,160768,S15,5,5,tstr,2026
4879,160832,S15,5,7,tstr,2026
4880,160896,S15,5,0,tstr,2026
4881,160960,S15,5,7,tstr,2026
4882,161024,S15,5,5,tstr,2026
4883,161088,S15,5,5,tstr,2026
4884,161152,S15,5,7,tstr,2026
4885,161216,S15,5,7,tstr,2026
4886,161280,S15,5,7,tstr,2026
4887,161344,S15,5,7,tstr,2026
4888,161408,S15,5,0,tstr,2026
4889,161472,S15,5,5,tstr,2026
4890,161536,S15,5,5,tstr,2026
4891,161600,S15,5,5,tstr,2026
4892,161664,S15,5,5,tstr,2026
4893,161728,S15,5,0,tstr,2026
4894,161792,S15,5,5,tstr,2026
4895,161856,S15,5,5,tstr,2026
4896,161920,S15,5,7,tstr,2026
4897,161984,S15,5,7,tstr,2026
4898,162048,S15,5,5,tstr,2026
4899,162112,S15,5,5,tstr,2026
4900,162176,S15,5,5,tstr,2026
4901,162240,S15,5,5,tstr,2026
4902,162304,S15,5,5,tstr,2026
4903,162368,S15,5,0,tstr,2026
4904,162432,S15,5,0,tstr,2026
4905,162496,S15,5,5,tstr,2026
4906,162560,S15,5,7,tstr,2026
4907,162624,S15,5,5,tstr,2026
4908,162688,S15,5,7,tstr,2026
4909,162752,S15,5,5,tstr,2026
4910,162816,S15,5,5,tstr,2026
4911,162880,S15,5,0,tstr,2026
4912,162944,S15,5,7,tstr,2026
4913,163008,S15,5,5,tstr,2026
4914,163072,S15,5,5,tstr,2026
4915,163136,S15,5,4,tstr,2026
4916,163200,S15,5,7,tstr,2026
4917,163264,S15,5,5,tstr,2026
4918,163328,S15,5,7,tstr,2026
4919,163392,S15,5,0,tstr,2026
4920,163456,S15,5,5,tstr,2026
4921,163520,S15,5,0,tstr,2026
4922,163584,S15,5,7,tstr,2026
4923,163648,S15,5,7,tstr,2026
4924,163712,S15,5,7,tstr,2026
4925,163776,S15,5,7,tstr,2026
4926,163840,S15,5,5,tstr,2026
4927,163904,S15,5,7,tstr,2026
4928,163968,S15,5,5,tstr,2026
4929,164032,S15,5,7,tstr,2026
4930,164096,S15,5,7,tstr,2026
4931,164160,S15,5,4,tstr,2026
4932,164224,S15,5,0,tstr,2026
4933,164288,S15,5,2,tstr,2026
4934,164352,S15,5,5,tstr,2026
4935,164416,S15,5,7,tstr,2026
4936,164480,S15,5,5,tstr,2026
4937,164544,S15,5,5,tstr,2026
4938,164608,S15,5,5,tstr,2026
4939,164672,S15,5,5,tstr,2026
4940,164736,S15,5,0,tstr,2026
4941,164800,S15,5,5,tstr,2026
4942,164864,S15,5,7,tstr,2026
4943,164928,S15,5,5,tstr,2026
4944,164992,S15,5,7,tstr,2026
4945,165056,S15,5,7,tstr,2026
4946,165120,S15,5,5,tstr,2026
4947,165184,S15,5,0,tstr,2026
4948,165248,S15,5,4,tstr,2026
4949,165312,S15,5,6,tstr,2026
4950,165376,S15,5,5,tstr,2026
4951,165440,S15,5,0,tstr,2026
4952,165504,S15,5,5,tstr,2026
4953,165568,S15,5,4,tstr,2026
4954,165632,S15,5,4,tstr,2026
4955,165696,S15,5,7,tstr,2026
4956,165760,S15,5,7,tstr,2026
4957,165824,S15,5,5,tstr,2026
4958,165888,S15,5,2,tstr,2026
4959,165952,S15,5,5,tstr,2026
4960,166016,S15,5,5,tstr,2026
4961,166080,S15,5,5,tstr,2026
4962,166144,S15,5,4,tstr,2026
4963,166208,S15,5,5,tstr,2026
4964,166272,S15,5,0,tstr,2026
4965,166336,S15,5,7,tstr,2026
4966,166400,S15,5,7,tstr,2026
4967,166464,S15,5,5,tstr,2026
4968,166528,S15,5,4,tstr,2026
4969,166592,S15,5,7,tstr,2026
4970,166656,S15,5,4,tstr,2026
4971,166720,S15,5,7,tstr,2026
4972,166784,S15,5,5,tstr,2026
4973,166848,S15,5,7,tstr,2026
4974,166912,S15,5,7,tstr,2026
4975,166976,S15,5,5,tstr,2026
4976,167040,S15,5,7,tstr,2026
4977,167104,S15,5,5,tstr,2026
4978,167168,S15,5,5,tstr,2026
4979,167232,S15,5,5,tstr,2026
4980,167296,S15,5,7,tstr,2026
4981,167360,S15,5,7,tstr,2026
4982,167424,S15,5,7,tstr,2026
4983,167488,S15,5,4,tstr,2026
4984,167552,S15,5,4,tstr,2026
4985,167616,S15,5,5,tstr,2026
4986,167680,S15,5,5,tstr,2026
4987,167744,S15,5,7,tstr,2026
4988,167808,S15,5,5,tstr,2026
4989,167872,S15,5,7,tstr,2026
4990,167936,S15,5,7,tstr,2026
4991,168000,S15,5,7,tstr,2026
4992,168064,S15,5,7,tstr,2026
4993,168128,S15,5,0,tstr,2026
4994,168192,S15,5,0,tstr,2026
4995,168256,S15,5,5,tstr,2026
4996,168320,S15,5,7,tstr,2026
4997,168384,S15,5,5,tstr,2026
4998,168448,S15,5,7,tstr,2026
4999,168512,S15,5,2,tstr,2026
5000,168576,S15,5,5,tstr,2026
5001,168640,S15,5,5,tstr,2026
5002,168704,S15,5,7,tstr,2026
5003,168768,S15,5,7,tstr,2026
5004,168832,S15,5,4,tstr,2026
5005,168896,S15,5,5,tstr,2026
5006,168960,S15,5,0,tstr,2026
5007,169024,S15,5,5,tstr,2026
5008,169088,S15,5,4,tstr,2026
5009,169152,S15,5,5,tstr,2026
5010,169216,S15,5,5,tstr,2026
5011,169280,S15,5,7,tstr,2026
5012,169344,S15,5,7,tstr,2026
5013,169408,S15,5,5,tstr,2026
5014,169472,S15,5,5,tstr,2026
5015,169536,S15,5,4,tstr,2026
5016,169600,S15,5,5,tstr,2026
5017,169664,S15,5,0,tstr,2026
5018,169728,S15,5,5,tstr,2026
5019,169792,S15,5,5,tstr,2026
5020,169856,S15,5,5,tstr,2026
5021,169920,S15,5,7,tstr,2026
5022,169984,S15,5,7,tstr,2026
5023,170048,S15,5,5,tstr,2026
5024,170112,S15,5,4,tstr,2026
5025,170176,S15,5,7,tstr,2026
5026,170240,S15,5,0,tstr,2026
5027,170304,S15,5,7,tstr,2026
5028,170368,S15,5,5,tstr,2026
5029,170432,S15,5,7,tstr,2026
5030,170496,S15,5,5,tstr,2026
5031,170560,S15,5,4,tstr,2026
5032,170624,S15,5,5,tstr,2026
5033,170688,S15,5,4,tstr,2026
5034,170752,S15,5,5,tstr,2026
5035,170816,S15,5,4,tstr,2026
5036,170880,S15,5,7,tstr,2026
5037,170944,S15,5,7,tstr,2026
5038,171008,S15,5,5,tstr,2026
5039,171072,S15,5,5,tstr,2026
5040,171136,S15,5,7,tstr,2026
5041,171200,S15,5,5,tstr,2026
5042,171264,S15,5,0,tstr,2026
5043,171328,S15,5,5,tstr,2026
5044,171392,S15,5,5,tstr,2026
5045,171456,S15,5,5,tstr,2026
5046,171520,S15,5,5,tstr,2026
5047,171584,S15,5,2,tstr,2026
5048,171648,S15,5,5,tstr,2026
5049,171712,S15,5,5,tstr,2026
5050,171776,S15,5,5,tstr,2026
5051,171840,S15,5,5,tstr,2026
5052,171904,S15,5,7,tstr,2026
5053,171968,S15,5,5,tstr,2026
5054,172032,S15,5,5,tstr,2026
5055,172096,S15,5,5,tstr,2026
5056,172160,S15,5,4,tstr,2026
5057,172224,S15,5,5,tstr,2026
5058,172288,S15,5,7,tstr,2026
5059,172352,S15,5,7,tstr,2026
5060,172416,S15,5,7,tstr,2026
5061,172480,S15,5,7,tstr,2026
5062,172544,S15,5,5,tstr,2026
5063,172608,S15,5,7,tstr,2026
5064,172672,S15,5,7,tstr,2026
5065,172736,S15,5,5,tstr,2026
5066,172800,S15,5,7,tstr,2026
5067,172864,S15,5,5,tstr,2026
5068,172928,S15,5,5,tstr,2026
5069,172992,S15,5,5,tstr,2026
5070,173056,S15,5,5,tstr,2026
5071,173120,S15,5,7,tstr,2026
5072,173184,S15,5,5,tstr,2026
5073,173248,S15,5,5,tstr,2026
5074,173312,S15,5,5,tstr,2026
5075,173376,S15,5,7,tstr,2026
5076,173440,S15,5,7,tstr,2026
5077,173504,S15,5,4,tstr,2026
5078,173568,S15,5,7,tstr,2026
5079,173632,S15,5,5,tstr,2026
5080,173696,S15,5,5,tstr,2026
5081,173760,S15,5,2,tstr,2026
5082,173824,S15,5,7,tstr,2026
5083,173888,S15,5,7,tstr,2026
5084,173952,S15,5,5,tstr,2026
5085,174016,S15,5,7,tstr,2026
5086,174080,S15,5,5,tstr,2026
5087,174144,S15,5,7,tstr,2026
5088,174208,S15,5,5,tstr,2026
5089,174272,S15,5,5,tstr,2026
5090,174336,S15,5,7,tstr,2026
5091,174400,S15,5,7,tstr,2026
5092,174464,S15,5,5,tstr,2026
5093,174528,S15,5,5,tstr,2026
5094,174592,S15,5,0,tstr,2026
5095,174656,S15,5,7,tstr,2026
5096,174720,S15,5,5,tstr,2026
5097,174784,S15,5,5,tstr,2026
5098,174848,S15,5,7,tstr,2026
5099,174912,S15,5,7,tstr,2026
5100,174976,S15,5,5,tstr,2026
5101,175040,S15,5,5,tstr,2026
5102,175104,S15,5,7,tstr,2026
5103,175168,S15,5,5,tstr,2026
5104,175232,S15,5,5,tstr,2026
5105,175296,S15,5,5,tstr,2026
5106,175360,S15,5,7,tstr,2026
5107,175424,S15,5,5,tstr,2026
5108,175488,S15,5,7,tstr,2026
5109,175552,S15,5,5,tstr,2026
5110,175616,S15,5,0,tstr,2026
5111,175680,S15,5,5,tstr,2026
5112,175744,S15,5,5,tstr,2026
5113,175808,S15,5,5,tstr,2026
5114,175872,S15,5,5,tstr,2026
5115,175936,S15,5,7,tstr,2026
5116,176000,S15,5,5,tstr,2026
5117,176064,S15,5,0,tstr,2026
5118,176128,S15,5,7,tstr,2026
5119,176192,S15,5,5,tstr,2026
5120,176256,S15,5,5,tstr,2026
5121,176320,S15,5,5,tstr,2026
5122,176384,S15,5,5,tstr,2026
5123,176448,S15,5,5,tstr,2026
5124,176512,S15,5,5,tstr,2026
5125,176576,S15,5,5,tstr,2026
5126,176640,S15,5,5,tstr,2026
5127,176704,S15,5,0,tstr,2026
5128,176768,S15,5,7,tstr,2026
5129,176832,S15,5,7,tstr,2026
5130,176896,S15,5,7,tstr,2026
5131,176960,S15,5,5,tstr,2026
5132,177024,S15,5,5,tstr,2026
5133,177088,S15,5,5,tstr,2026
5134,177152,S15,5,5,tstr,2026
5135,177216,S15,5,5,tstr,2026
5136,177280,S15,5,5,tstr,2026
5137,177344,S15,5,5,tstr,2026
5138,177408,S15,5,5,tstr,2026
5139,177472,S15,5,5,tstr,2026
5140,177536,S15,5,5,tstr,2026
5141,177600,S15,5,4,tstr,2026
5142,177664,S15,5,5,tstr,2026
5143,177728,S15,5,2,tstr,2026
5144,177792,S15,5,7,tstr,2026
5145,177856,S15,5,7,tstr,2026
5146,177920,S15,5,7,tstr,2026
5147,177984,S15,5,5,tstr,2026
5148,178048,S15,5,7,tstr,2026
5149,178112,S15,5,5,tstr,2026
5150,178176,S15,5,5,tstr,2026
5151,178240,S15,5,7,tstr,2026
5152,178304,S15,5,5,tstr,2026
5153,178368,S15,5,5,tstr,2026
5154,178432,S15,5,0,tstr,2026
5155,178496,S15,5,7,tstr,2026
5156,178560,S15,5,5,tstr,2026
5157,178624,S15,5,5,tstr,2026
5158,178688,S15,5,7,tstr,2026
5159,178752,S15,5,4,tstr,2026
5160,178816,S15,5,4,tstr,2026
5161,178880,S15,5,5,tstr,2026
5162,178944,S15,5,5,tstr,2026
5163,179008,S15,5,7,tstr,2026
5164,179072,S15,5,5,tstr,2026
5165,179136,S15,5,5,tstr,2026
5166,179200,S15,5,7,tstr,2026
5167,179264,S15,5,7,tstr,2026
5168,179328,S15,5,7,tstr,2026
5169,179392,S15,5,7,tstr,2026
5170,179456,S15,5,5,tstr,2026
5171,179520,S15,5,5,tstr,2026
5172,179584,S15,5,0,tstr,2026
5173,179648,S15,5,5,tstr,2026
5174,179712,S15,5,2,tstr,2026
5175,179776,S15,5,5,tstr,2026
5176,179840,S15,5,5,tstr,2026
5177,179904,S15,5,5,tstr,2026
5178,179968,S15,5,7,tstr,2026
5179,180032,S15,5,4,tstr,2026
5180,180096,S15,5,5,tstr,2026
5181,180160,S15,5,0,tstr,2026
5182,180224,S15,5,7,tstr,2026
5183,180480,S15,6,6,tstr,2026
5184,180544,S15,6,6,tstr,2026
5185,180608,S15,6,6,tstr,2026
5186,180672,S15,6,6,tstr,2026
5187,180736,S15,6,6,tstr,2026
5188,180800,S15,6,6,tstr,2026
5189,180864,S15,6,6,tstr,2026
5190,180928,S15,6,6,tstr,2026
5191,180992,S15,6,6,tstr,2026
5192,181056,S15,6,1,tstr,2026
5193,181120,S15,6,6,tstr,2026
5194,181184,S15,6,6,tstr,2026
5195,181248,S15,6,6,tstr,2026
5196,181312,S15,6,6,tstr,2026
5197,181376,S15,6,6,tstr,2026
5198,181440,S15,6,1,tstr,2026
5199,181504,S15,6,4,tstr,2026
5200,181568,S15,6,6,tstr,2026
5201,181632,S15,6,6,tstr,2026
5202,181696,S15,6,6,tstr,2026
5203,181760,S15,6,6,tstr,2026
5204,181824,S15,6,1,tstr,2026
5205,181888,S15,6,6,tstr,2026
5206,181952,S15,6,6,tstr,2026
5207,182016,S15,6,6,tstr,2026
5208,182080,S15,6,1,tstr,2026
5209,182144,S15,6,1,tstr,2026
5210,182208,S15,6,6,tstr,2026
5211,182272,S15,6,6,tstr,2026
5212,182336,S15,6,6,tstr,2026
5213,182400,S15,6,1,tstr,2026
5214,182464,S15,6,6,tstr,2026
5215,182528,S15,6,1,tstr,2026
5216,182592,S15,6,6,tstr,2026
5217,182656,S15,6,6,tstr,2026
5218,182720,S15,6,6,tstr,2026
5219,182784,S15,6,6,tstr,2026
5220,182848,S15,6,6,tstr,2026
5221,182912,S15,6,6,tstr,2026
5222,182976,S15,6,6,tstr,2026
5223,183040,S15,6,6,tstr,2026
5224,183104,S15,6,1,tstr,2026
5225,183168,S15,6,6,tstr,2026
5226,183232,S15,6,6,tstr,2026
5227,183296,S15,6,6,tstr,2026
5228,183360,S15,6,6,tstr,2026
5229,183424,S15,6,1,tstr,2026
5230,183488,S15,6,6,tstr,2026
5231,183552,S15,6,6,tstr,2026
5232,183616,S15,6,6,tstr,2026
5233,183680,S15,6,1,tstr,2026
5234,183744,S15,6,6,tstr,2026
5235,183808,S15,6,6,tstr,2026
5236,183872,S15,6,1,tstr,2026
5237,183936,S15,6,1,tstr,2026
5238,184000,S15,6,6,tstr,2026
5239,184064,S15,6,6,tstr,2026
5240,184128,S15,6,1,tstr,2026
5241,184192,S15,6,6,tstr,2026
5242,184256,S15,6,6,tstr,2026
5243,184320,S15,6,6,tstr,2026
5244,184384,S15,6,6,tstr,2026
5245,184448,S15,6,5,tstr,2026
5246,184512,S15,6,1,tstr,2026
5247,184576,S15,6,6,tstr,2026
5248,184640,S15,6,6,tstr,2026
5249,184704,S15,6,2,tstr,2026
5250,184768,S15,6,6,tstr,2026
5251,184832,S15,6,6,tstr,2026
5252,184896,S15,6,1,tstr,2026
5253,184960,S15,6,6,tstr,2026
5254,185024,S15,6,6,tstr,2026
5255,185088,S15,6,6,tstr,2026
5256,185152,S15,6,6,tstr,2026
5257,185216,S15,6,6,tstr,2026
5258,185280,S15,6,6,tstr,2026
5259,185344,S15,6,6,tstr,2026
5260,185408,S15,6,6,tstr,2026
5261,185472,S15,6,6,tstr,2026
5262,185536,S15,6,6,tstr,2026
5263,185600,S15,6,5,tstr,2026
5264,185664,S15,6,6,tstr,2026
5265,185728,S15,6,6,tstr,2026
5266,185792,S15,6,6,tstr,2026
5267,185856,S15,6,6,tstr,2026
5268,185920,S15,6,1,tstr,2026
5269,185984,S15,6,1,tstr,2026
5270,186048,S15,6,1,tstr,2026
5271,186112,S15,6,6,tstr,2026
5272,186176,S15,6,6,tstr,2026
5273,186240,S15,6,6,tstr,2026
5274,186304,S15,6,6,tstr,2026
5275,186368,S15,6,6,tstr,2026
5276,186432,S15,6,1,tstr,2026
5277,186496,S15,6,6,tstr,2026
5278,186560,S15,6,6,tstr,2026
5279,186624,S15,6,6,tstr,2026
5280,186688,S15,6,1,tstr,2026
5281,186752,S15,6,5,tstr,2026
5282,186816,S15,6,6,tstr,2026
5283,186880,S15,6,6,tstr,2026
5284,186944,S15,6,6,tstr,2026
5285,187008,S15,6,6,tstr,2026
5286,187072,S15,6,6,tstr,2026
5287,187136,S15,6,1,tstr,2026
5288,187200,S15,6,1,tstr,2026
5289,187264,S15,6,6,tstr,2026
5290,187328,S15,6,6,tstr,2026
5291,187392,S15,6,6,tstr,2026
5292,187456,S15,6,6,tstr,2026
5293,187520,S15,6,6,tstr,2026
5294,187584,S15,6,1,tstr,2026
5295,187648,S15,6,1,tstr,2026
5296,187712,S15,6,1,tstr,2026
5297,187776,S15,6,1,tstr,2026
5298,187840,S15,6,6,tstr,2026
5299,187904,S15,6,6,tstr,2026
5300,187968,S15,6,6,tstr,2026
5301,188032,S15,6,1,tstr,2026
5302,188096,S15,6,6,tstr,2026
5303,188160,S15,6,6,tstr,2026
5304,188224,S15,6,6,tstr,2026
5305,188288,S15,6,6,tstr,2026
5306,188352,S15,6,1,tstr,2026
5307,188416,S15,6,6,tstr,2026
5308,188480,S15,6,6,tstr,2026
5309,188544,S15,6,1,tstr,2026
5310,188608,S15,6,6,tstr,2026
5311,188672,S15,6,6,tstr,2026
5312,188736,S15,6,1,tstr,2026
5313,188800,S15,6,6,tstr,2026
5314,188864,S15,6,6,tstr,2026
5315,188928,S15,6,1,tstr,2026
5316,188992,S15,6,6,tstr,2026
5317,189056,S15,6,6,tstr,2026
5318,189120,S15,6,6,tstr,2026
5319,189184,S15,6,6,tstr,2026
5320,189248,S15,6,6,tstr,2026
5321,189312,S15,6,6,tstr,2026
5322,189376,S15,6,6,tstr,2026
5323,189440,S15,6,6,tstr,2026
5324,189504,S15,6,6,tstr,2026
5325,189568,S15,6,6,tstr,2026
5326,189632,S15,6,6,tstr,2026
5327,189696,S15,6,6,tstr,2026
5328,189760,S15,6,1,tstr,2026
5329,189824,S15,6,6,tstr,2026
5330,189888,S15,6,1,tstr,2026
5331,189952,S15,6,6,tstr,2026
5332,190016,S15,6,6,tstr,2026
5333,190080,S15,6,6,tstr,2026
5334,190144,S15,6,6,tstr,2026
5335,190208,S15,6,1,tstr,2026
5336,190272,S15,6,6,tstr,2026
5337,190336,S15,6,6,tstr,2026
5338,190400,S15,6,1,tstr,2026
5339,190464,S15,6,6,tstr,2026
5340,190528,S15,6,6,tstr,2026
5341,190592,S15,6,6,tstr,2026
5342,190656,S15,6,1,tstr,2026
5343,190720,S15,6,6,tstr,2026
5344,190784,S15,6,6,tstr,2026
5345,190848,S15,6,6,tstr,2026
5346,190912,S15,6,6,tstr,2026
5347,190976,S15,6,1,tstr,2026
5348,191040,S15,6,1,tstr,2026
5349,191104,S15,6,1,tstr,2026
5350,191168,S15,6,6,tstr,2026
5351,191232,S15,6,6,tstr,2026
5352,191296,S15,6,6,tstr,2026
5353,191360,S15,6,6,tstr,2026
5354,191424,S15,6,1,tstr,2026
5355,191488,S15,6,6,tstr,2026
5356,191552,S15,6,6,tstr,2026
5357,191616,S15,6,6,tstr,2026
5358,191680,S15,6,6,tstr,2026
5359,191744,S15,6,6,tstr,2026
5360,191808,S15,6,6,tstr,2026
5361,191872,S15,6,2,tstr,2026
5362,191936,S15,6,1,tstr,2026
5363,192000,S15,6,6,tstr,2026
5364,192064,S15,6,6,tstr,2026
5365,192128,S15,6,6,tstr,2026
5366,192192,S15,6,6,tstr,2026
5367,192256,S15,6,1,tstr,2026
5368,192320,S15,6,6,tstr,2026
5369,192384,S15,6,6,tstr,2026
5370,192448,S15,6,6,tstr,2026
5371,192512,S15,6,6,tstr,2026
5372,192576,S15,6,6,tstr,2026
5373,192640,S15,6,6,tstr,2026
5374,192704,S15,6,6,tstr,2026
5375,192768,S15,6,6,tstr,2026
5376,192832,S15,6,6,tstr,2026
5377,192896,S15,6,6,tstr,2026
5378,192960,S15,6,5,tstr,2026
5379,193024,S15,6,6,tstr,2026
5380,193088,S15,6,6,tstr,2026
5381,193152,S15,6,6,tstr,2026
5382,193216,S15,6,6,tstr,2026
5383,193280,S15,6,6,tstr,2026
5384,193344,S15,6,6,tstr,2026
5385,193408,S15,6,6,tstr,2026
5386,193472,S15,6,1,tstr,2026
5387,193536,S15,6,1,tstr,2026
5388,193600,S15,6,6,tstr,2026
5389,193664,S15,6,6,tstr,2026
5390,193728,S15,6,6,tstr,2026
5391,193792,S15,6,1,tstr,2026
5392,193856,S15,6,1,tstr,2026
5393,193920,S15,6,6,tstr,2026
5394,193984,S15,6,5,tstr,2026
5395,194048,S15,6,6,tstr,2026
5396,194112,S15,6,6,tstr,2026
5397,194176,S15,6,6,tstr,2026
5398,194240,S15,6,1,tstr,2026
5399,194304,S15,6,6,tstr,2026
5400,194368,S15,6,1,tstr,2026
5401,194432,S15,6,6,tstr,2026
5402,194496,S15,6,1,tstr,2026
5403,194560,S15,6,1,tstr,2026
5404,194624,S15,6,1,tstr,2026
5405,194688,S15,6,1,tstr,2026
5406,194752,S15,6,1,tstr,2026
5407,194816,S15,6,6,tstr,2026
5408,194880,S15,6,6,tstr,2026
5409,194944,S15,6,6,tstr,2026
5410,195008,S15,6,1,tstr,2026
5411,195072,S15,6,6,tstr,2026
5412,195136,S15,6,6,tstr,2026
5413,195200,S15,6,6,tstr,2026
5414,195264,S15,6,6,tstr,2026
5415,195328,S15,6,1,tstr,2026
5416,195392,S15,6,1,tstr,2026
5417,195456,S15,6,6,tstr,2026
5418,195520,S15,6,6,tstr,2026
5419,195584,S15,6,6,tstr,2026
5420,195648,S15,6,6,tstr,2026
5421,195712,S15,6,6,tstr,2026
5422,195776,S15,6,6,tstr,2026
5423,195840,S15,6,6,tstr,2026
5424,195904,S15,6,6,tstr,2026
5425,195968,S15,6,6,tstr,2026
5426,196032,S15,6,6,tstr,2026
5427,196096,S15,6,6,tstr,2026
5428,196160,S15,6,6,tstr,2026
5429,196224,S15,6,6,tstr,2026
5430,196288,S15,6,6,tstr,2026
5431,196352,S15,6,6,tstr,2026
5432,196416,S15,6,6,tstr,2026
5433,196480,S15,6,1,tstr,2026
5434,196544,S15,6,6,tstr,2026
5435,196608,S15,6,6,tstr,2026
5436,196672,S15,6,6,tstr,2026
5437,196736,S15,6,6,tstr,2026
5438,196800,S15,6,6,tstr,2026
5439,196864,S15,6,6,tstr,2026
5440,196928,S15,6,6,tstr,2026
5441,196992,S15,6,6,tstr,2026
5442,197056,S15,6,1,tstr,2026
5443,197120,S15,6,6,tstr,2026
5444,197184,S15,6,6,tstr,2026
5445,197248,S15,6,6,tstr,2026
5446,197312,S15,6,6,tstr,2026
5447,197376,S15,6,6,tstr,2026
5448,197440,S15,6,6,tstr,2026
5449,197504,S15,6,6,tstr,2026
5450,197568,S15,6,6,tstr,2026
5451,197632,S15,6,6,tstr,2026
5452,197696,S15,6,6,tstr,2026
5453,197760,S15,6,1,tstr,2026
5454,197824,S15,6,6,tstr,2026
5455,197888,S15,6,7,tstr,2026
5456,197952,S15,6,6,tstr,2026
5457,198016,S15,6,6,tstr,2026
5458,198080,S15,6,6,tstr,2026
5459,198144,S15,6,6,tstr,2026
5460,198208,S15,6,6,tstr,2026
5461,198272,S15,6,6,tstr,2026
5462,198336,S15,6,6,tstr,2026
5463,198400,S15,6,1,tstr,2026
5464,198464,S15,6,1,tstr,2026
5465,198528,S15,6,1,tstr,2026
5466,198592,S15,6,6,tstr,2026
5467,198656,S15,6,6,tstr,2026
5468,198720,S15,6,6,tstr,2026
5469,198784,S15,6,6,tstr,2026
5470,198848,S15,6,6,tstr,2026
5471,198912,S15,6,6,tstr,2026
5472,198976,S15,6,6,tstr,2026
5473,199040,S15,6,6,tstr,2026
5474,199104,S15,6,6,tstr,2026
5475,199168,S15,6,6,tstr,2026
5476,199232,S15,6,6,tstr,2026
5477,199296,S15,6,1,tstr,2026
5478,199360,S15,6,1,tstr,2026
5479,199424,S15,6,6,tstr,2026
5480,199488,S15,6,6,tstr,2026
5481,199552,S15,6,6,tstr,2026
5482,199616,S15,6,6,tstr,2026
5483,199680,S15,6,6,tstr,2026
5484,199744,S15,6,6,tstr,2026
5485,199808,S15,6,6,tstr,2026
5486,199872,S15,6,1,tstr,2026
5487,199936,S15,6,6,tstr,2026
5488,200000,S15,6,6,tstr,2026
5489,200064,S15,6,6,tstr,2026
5490,200128,S15,6,6,tstr,2026
5491,200192,S15,6,6,tstr,2026
5492,200256,S15,6,1,tstr,2026
5493,200320,S15,6,6,tstr,2026
5494,200384,S15,6,6,tstr,2026
5495,200448,S15,6,1,tstr,2026
5496,200512,S15,6,6,tstr,2026
5497,200576,S15,6,1,tstr,2026
5498,200640,S15,6,6,tstr,2026
5499,200704,S15,6,6,tstr,2026
5500,200768,S15,6,1,tstr,2026
5501,200832,S15,6,1,tstr,2026
5502,200896,S15,6,6,tstr,2026
5503,200960,S15,6,6,tstr,2026
5504,201024,S15,6,6,tstr,2026
5505,201088,S15,6,6,tstr,2026
5506,201152,S15,6,6,tstr,2026
5507,201216,S15,6,6,tstr,2026
5508,201280,S15,6,6,tstr,2026
5509,201344,S15,6,6,tstr,2026
5510,209280,S15,7,4,tstr,2026
5511,209344,S15,7,7,tstr,2026
5512,209408,S15,7,0,tstr,2026
5513,209472,S15,7,7,tstr,2026
5514,209536,S15,7,7,tstr,2026
5515,209600,S15,7,7,tstr,2026
5516,209664,S15,7,5,tstr,2026
5517,209728,S15,7,7,tstr,2026
5518,209792,S15,7,7,tstr,2026
5519,209856,S15,7,7,tstr,2026
5520,209920,S15,7,7,tstr,2026
5521,209984,S15,7,7,tstr,2026
5522,210048,S15,7,5,tstr,2026
5523,210112,S15,7,7,tstr,2026
5524,210176,S15,7,4,tstr,2026
5525,210240,S15,7,7,tstr,2026
5526,210304,S15,7,5,tstr,2026
5527,210368,S15,7,7,tstr,2026
5528,210432,S15,7,5,tstr,2026
5529,210496,S15,7,5,tstr,2026
5530,210560,S15,7,7,tstr,2026
5531,210624,S15,7,5,tstr,2026
5532,210688,S15,7,0,tstr,2026
5533,210752,S15,7,7,tstr,2026
5534,210816,S15,7,7,tstr,2026
5535,210880,S15,7,7,tstr,2026
5536,210944,S15,7,4,tstr,2026
5537,211008,S15,7,7,tstr,2026
5538,211072,S15,7,7,tstr,2026
5539,211136,S15,7,7,tstr,2026
5540,211200,S15,7,7,tstr,2026
5541,211264,S15,7,7,tstr,2026
5542,211328,S15,7,7,tstr,2026
5543,211392,S15,7,7,tstr,2026
5544,211456,S15,7,7,tstr,2026
5545,211520,S15,7,7,tstr,2026
5546,211584,S15,7,5,tstr,2026
5547,211648,S15,7,7,tstr,2026
5548,211712,S15,7,7,tstr,2026
5549,211776,S15,7,7,tstr,2026
5550,211840,S15,7,7,tstr,2026
5551,211904,S15,7,7,tstr,2026
5552,211968,S15,7,5,tstr,2026
5553,212032,S15,7,7,tstr,2026
5554,212096,S15,7,7,tstr,2026
5555,212160,S15,7,7,tstr,2026
5556,212224,S15,7,7,tstr,2026
5557,212288,S15,7,5,tstr,2026
5558,212352,S15,7,5,tstr,2026
5559,212416,S15,7,7,tstr,2026
5560,212480,S15,7,7,tstr,2026
5561,212544,S15,7,7,tstr,2026
5562,212608,S15,7,5,tstr,2026
5563,212672,S15,7,7,tstr,2026
5564,212736,S15,7,7,tstr,2026
5565,212800,S15,7,7,tstr,2026
5566,212864,S15,7,7,tstr,2026
5567,212928,S15,7,0,tstr,2026
5568,212992,S15,7,4,tstr,2026
5569,213056,S15,7,7,tstr,2026
5570,213120,S15,7,7,tstr,2026
5571,213184,S15,7,5,tstr,2026
5572,213248,S15,7,5,tstr,2026
5573,213312,S15,7,7,tstr,2026
5574,213376,S15,7,7,tstr,2026
5575,213440,S15,7,7,tstr,2026
5576,213504,S15,7,0,tstr,2026
5577,213568,S15,7,7,tstr,2026
5578,213632,S15,7,7,tstr,2026
5579,213696,S15,7,7,tstr,2026
5580,213760,S15,7,7,tstr,2026
5581,213824,S15,7,7,tstr,2026
5582,213888,S15,7,5,tstr,2026
5583,213952,S15,7,7,tstr,2026
5584,214016,S15,7,7,tstr,2026
5585,214080,S15,7,7,tstr,2026
5586,214144,S15,7,7,tstr,2026
5587,214208,S15,7,5,tstr,2026
5588,214272,S15,7,5,tstr,2026
5589,214336,S15,7,7,tstr,2026
5590,214400,S15,7,5,tstr,2026
5591,214464,S15,7,7,tstr,2026
5592,214528,S15,7,7,tstr,2026
5593,214592,S15,7,4,tstr,2026
5594,214656,S15,7,7,tstr,2026
5595,214720,S15,7,5,tstr,2026
5596,214784,S15,7,7,tstr,2026
5597,214848,S15,7,7,tstr,2026
5598,214912,S15,7,4,tstr,2026
5599,214976,S15,7,5,tstr,2026
5600,215040,S15,7,7,tstr,2026
5601,215104,S15,7,7,tstr,2026
5602,215168,S15,7,7,tstr,2026
5603,215232,S15,7,7,tstr,2026
5604,215296,S15,7,5,tstr,2026
5605,215360,S15,7,5,tstr,2026
5606,215424,S15,7,7,tstr,2026
5607,215488,S15,7,5,tstr,2026
5608,215552,S15,7,7,tstr,2026
5609,215616,S15,7,5,tstr,2026
5610,215680,S15,7,7,tstr,2026
5611,215744,S15,7,7,tstr,2026
5612,215808,S15,7,7,tstr,2026
5613,215872,S15,7,7,tstr,2026
5614,215936,S15,7,7,tstr,2026
5615,216000,S15,7,7,tstr,2026
5616,216064,S15,7,7,tstr,2026
5617,216128,S15,7,7,tstr,2026
5618,216192,S15,7,7,tstr,2026
5619,216256,S15,7,7,tstr,2026
5620,216320,S15,7,7,tstr,2026
5621,216384,S15,7,0,tstr,2026
5622,216448,S15,7,7,tstr,2026
5623,216512,S15,7,7,tstr,2026
5624,216576,S15,7,7,tstr,2026
5625,216640,S15,7,7,tstr,2026
5626,216704,S15,7,7,tstr,2026
5627,216768,S15,7,7,tstr,2026
5628,216832,S15,7,7,tstr,2026
5629,216896,S15,7,7,tstr,2026
5630,216960,S15,7,7,tstr,2026
5631,217024,S15,7,7,tstr,2026
5632,217088,S15,7,7,tstr,2026
5633,217152,S15,7,7,tstr,2026
5634,217216,S15,7,5,tstr,2026
5635,217280,S15,7,7,tstr,2026
5636,217344,S15,7,5,tstr,2026
5637,217408,S15,7,7,tstr,2026
5638,217472,S15,7,7,tstr,2026
5639,217536,S15,7,7,tstr,2026
5640,217600,S15,7,7,tstr,2026
5641,217664,S15,7,7,tstr,2026
5642,217728,S15,7,7,tstr,2026
5643,217792,S15,7,7,tstr,2026
5644,217856,S15,7,5,tstr,2026
5645,217920,S15,7,7,tstr,2026
5646,217984,S15,7,5,tstr,2026
5647,218048,S15,7,7,tstr,2026
5648,218112,S15,7,7,tstr,2026
5649,218176,S15,7,7,tstr,2026
5650,218240,S15,7,7,tstr,2026
5651,218304,S15,7,4,tstr,2026
5652,218368,S15,7,5,tstr,2026
5653,218432,S15,7,7,tstr,2026
5654,218496,S15,7,7,tstr,2026
5655,218560,S15,7,7,tstr,2026
5656,218624,S15,7,7,tstr,2026
5657,218688,S15,7,0,tstr,2026
5658,218752,S15,7,5,tstr,2026
5659,218816,S15,7,5,tstr,2026
5660,218880,S15,7,5,tstr,2026
5661,218944,S15,7,5,tstr,2026
5662,219008,S15,7,5,tstr,2026
5663,219072,S15,7,7,tstr,2026
5664,219136,S15,7,5,tstr,2026
5665,219200,S15,7,4,tstr,2026
5666,219264,S15,7,4,tstr,2026
5667,219328,S15,7,7,tstr,2026
5668,219392,S15,7,7,tstr,2026
5669,219456,S15,7,5,tstr,2026
5670,219520,S15,7,7,tstr,2026
5671,219584,S15,7,7,tstr,2026
5672,219648,S15,7,7,tstr,2026
5673,219712,S15,7,7,tstr,2026
5674,219776,S15,7,7,tstr,2026
5675,219840,S15,7,7,tstr,2026
5676,219904,S15,7,5,tstr,2026
5677,219968,S15,7,7,tstr,2026
5678,220032,S15,7,5,tstr,2026
5679,220096,S15,7,5,tstr,2026
5680,220160,S15,7,7,tstr,2026
5681,220224,S15,7,7,tstr,2026
5682,220288,S15,7,4,tstr,2026
5683,220352,S15,7,7,tstr,2026
5684,220416,S15,7,5,tstr,2026
5685,220480,S15,7,7,tstr,2026
5686,220544,S15,7,7,tstr,2026
5687,220608,S15,7,5,tstr,2026
5688,220672,S15,7,7,tstr,2026
5689,220736,S15,7,7,tstr,2026
5690,220800,S15,7,7,tstr,2026
5691,220864,S15,7,0,tstr,2026
5692,220928,S15,7,0,tstr,2026
5693,220992,S15,7,7,tstr,2026
5694,221056,S15,7,5,tstr,2026
5695,221120,S15,7,5,tstr,2026
5696,221184,S15,7,7,tstr,2026
5697,221248,S15,7,5,tstr,2026
5698,221312,S15,7,7,tstr,2026
5699,221376,S15,7,7,tstr,2026
5700,221440,S15,7,7,tstr,2026
5701,221504,S15,7,5,tstr,2026
5702,221568,S15,7,5,tstr,2026
5703,221632,S15,7,7,tstr,2026
5704,221696,S15,7,7,tstr,2026
5705,221760,S15,7,4,tstr,2026
5706,221824,S15,7,7,tstr,2026
5707,221888,S15,7,7,tstr,2026
5708,221952,S15,7,7,tstr,2026
5709,222016,S15,7,5,tstr,2026
5710,222080,S15,7,5,tstr,2026
5711,222144,S15,7,7,tstr,2026
5712,222208,S15,7,7,tstr,2026
5713,222272,S15,7,0,tstr,2026
5714,222336,S15,7,7,tstr,2026
5715,222400,S15,7,7,tstr,2026
5716,222464,S15,7,4,tstr,2026
5717,222528,S15,7,7,tstr,2026
5718,222592,S15,7,7,tstr,2026
5719,222656,S15,7,4,tstr,2026
5720,222720,S15,7,7,tstr,2026
5721,222784,S15,7,7,tstr,2026
5722,222848,S15,7,5,tstr,2026
5723,222912,S15,7,5,tstr,2026
5724,222976,S15,7,7,tstr,2026
5725,223040,S15,7,5,tstr,2026
5726,223104,S15,7,7,tstr,2026
5727,223168,S15,7,7,tstr,2026
5728,223232,S15,7,7,tstr,2026
5729,223296,S15,7,7,tstr,2026
5730,223360,S15,7,7,tstr,2026
5731,223424,S15,7,7,tstr,2026
5732,223488,S15,7,7,tstr,2026
5733,223552,S15,7,7,tstr,2026
5734,223616,S15,7,7,tstr,2026
5735,223680,S15,7,7,tstr,2026
5736,223744,S15,7,7,tstr,2026
5737,223808,S15,7,5,tstr,2026
5738,223872,S15,7,7,tstr,2026
5739,223936,S15,7,7,tstr,2026
5740,224000,S15,7,7,tstr,2026
5741,224064,S15,7,7,tstr,2026
5742,224128,S15,7,7,tstr,2026
5743,224192,S15,7,5,tstr,2026
5744,224256,S15,7,5,tstr,2026
5745,224320,S15,7,7,tstr,2026
5746,224384,S15,7,7,tstr,2026
5747,224448,S15,7,7,tstr,2026
5748,224512,S15,7,5,tstr,2026
5749,224576,S15,7,5,tstr,2026
5750,224640,S15,7,7,tstr,2026
5751,224704,S15,7,7,tstr,2026
5752,224768,S15,7,5,tstr,2026
5753,224832,S15,7,7,tstr,2026
5754,224896,S15,7,4,tstr,2026
5755,224960,S15,7,7,tstr,2026
5756,225024,S15,7,7,tstr,2026
5757,225088,S15,7,7,tstr,2026
5758,225152,S15,7,5,tstr,2026
5759,225216,S15,7,7,tstr,2026
5760,225280,S15,7,7,tstr,2026
5761,225344,S15,7,7,tstr,2026
5762,225408,S15,7,5,tstr,2026
5763,225472,S15,7,7,tstr,2026
5764,225536,S15,7,7,tstr,2026
5765,225600,S15,7,7,tstr,2026
5766,225664,S15,7,7,tstr,2026
5767,225728,S15,7,7,tstr,2026
5768,225792,S15,7,7,tstr,2026
5769,225856,S15,7,7,tstr,2026
5770,225920,S15,7,5,tstr,2026
5771,225984,S15,7,7,tstr,2026
5772,226048,S15,7,5,tstr,2026
5773,226112,S15,7,7,tstr,2026
5774,226176,S15,7,7,tstr,2026
5775,226240,S15,7,7,tstr,2026
5776,226304,S15,7,5,tstr,2026
5777,226368,S15,7,7,tstr,2026
5778,226432,S15,7,7,tstr,2026
5779,226496,S15,7,7,tstr,2026
5780,226560,S15,7,7,tstr,2026
5781,226624,S15,7,7,tstr,2026
5782,226688,S15,7,5,tstr,2026
5783,226752,S15,7,7,tstr,2026
5784,226816,S15,7,0,tstr,2026
5785,226880,S15,7,7,tstr,2026
5786,226944,S15,7,7,tstr,2026
5787,227008,S15,7,7,tstr,2026
5788,227072,S15,7,7,tstr,2026
5789,227136,S15,7,7,tstr,2026
5790,227200,S15,7,5,tstr,2026
5791,227264,S15,7,7,tstr,2026
5792,227328,S15,7,7,tstr,2026
5793,227392,S15,7,5,tstr,2026
5794,227456,S15,7,5,tstr,2026
5795,227520,S15,7,5,tstr,2026
5796,227584,S15,7,7,tstr,2026
5797,227648,S15,7,7,tstr,2026
5798,227712,S15,7,5,tstr,2026
5799,227776,S15,7,7,tstr,2026
5800,227840,S15,7,5,tstr,2026
5801,227904,S15,7,5,tstr,2026
5802,227968,S15,7,5,tstr,2026
5803,228032,S15,7,7,tstr,2026
5804,228096,S15,7,7,tstr,2026
5805,228160,S15,7,7,tstr,2026
5806,228224,S15,7,7,tstr,2026
5807,228288,S15,7,7,tstr,2026
5808,228352,S15,7,5,tstr,2026
5809,228416,S15,7,5,tstr,2026
5810,228480,S15,7,5,tstr,2026
5811,228544,S15,7,7,tstr,2026
5812,228608,S15,7,7,tstr,2026
5813,228672,S15,7,5,tstr,2026
5814,228736,S15,7,7,tstr,2026
5815,228800,S15,7,5,tstr,2026
5816,228864,S15,7,7,tstr,2026
5817,228928,S15,7,5,tstr,2026
5818,228992,S15,7,7,tstr,2026
5819,229056,S15,7,7,tstr,2026
5820,229120,S15,7,5,tstr,2026
5821,229184,S15,7,7,tstr,2026
5822,229248,S15,7,5,tstr,2026
5823,229312,S15,7,7,tstr,2026
5824,229376,S15,7,7,tstr,2026
5825,229440,S15,7,5,tstr,2026
5826,229504,S15,7,7,tstr,2026
5827,229568,S15,7,7,tstr,2026
5828,229632,S15,7,5,tstr,2026
5829,229696,S15,7,7,tstr,2026
5830,229760,S15,7,5,tstr,2026
5831,229824,S15,7,0,tstr,2026
5832,229888,S15,7,7,tstr,2026
5833,229952,S15,7,7,tstr,2026
5834,230016,S15,7,5,tstr,2026
5835,230080,S15,7,0,tstr,2026
5836,230144,S15,7,0,tstr,2026
5837,230208,S15,7,7,tstr,2026
5838,230272,S15,7,7,tstr,2026
5839,230336,S15,7,5,tstr,2026
5840,230400,S15,7,7,tstr,2026
5841,230464,S15,7,7,tstr,2026
5842,230528,S15,7,5,tstr,2026
5843,230592,S15,7,7,tstr,2026
5844,230656,S15,7,7,tstr,2026
5845,230720,S15,7,5,tstr,2026
5846,230784,S15,7,7,tstr,2026
5847,230848,S15,7,5,tstr,2026
5848,230912,S15,7,7,tstr,2026
5849,230976,S15,7,7,tstr,2026
5850,231040,S15,7,5,tstr,2026
5851,231104,S15,7,5,tstr,2026
5852,231168,S15,7,7,tstr,2026
5853,231232,S15,7,7,tstr,2026
5854,231296,S15,7,5,tstr,2026
5855,231360,S15,7,7,tstr,2026
5856,231424,S15,7,7,tstr,2026
5857,231488,S15,7,7,tstr,2026
5858,231552,S15,7,7,tstr,2026
5859,231616,S15,7,7,tstr,2026
5860,231680,S15,7,7,tstr,2026
5861,231744,S15,7,7,tstr,2026
5862,231808,S15,7,5,tstr,2026
5863,231872,S15,7,5,tstr,2026
5864,231936,S15,7,5,tstr,2026
5865,232000,S15,7,7,tstr,2026
5866,232064,S15,7,7,tstr,2026
5867,232128,S15,7,4,tstr,2026
5868,232192,S15,7,7,tstr,2026
5869,232256,S15,7,5,tstr,2026
5870,232320,S15,7,5,tstr,2026
5871,232384,S15,7,7,tstr,2026
5872,232448,S15,7,7,tstr,2026
5873,232512,S15,7,5,tstr,2026
5874,232576,S15,7,5,tstr,2026
5875,232640,S15,7,7,tstr,2026
5876,232704,S15,7,5,tstr,2026
5877,232768,S15,7,5,tstr,2026
5878,232832,S15,7,7,tstr,2026
5879,232896,S15,7,7,tstr,2026
5880,232960,S15,7,5,tstr,2026
5881,233024,S15,7,4,tstr,2026
5882,233088,S15,7,5,tstr,2026
5883,233152,S15,7,7,tstr,2026
5884,233216,S15,7,7,tstr,2026
5885,233280,S15,7,7,tstr,2026
5886,233344,S15,7,7,tstr,2026
5887,233408,S15,7,7,tstr,2026
5888,233472,S15,7,2,tstr,2026
5889,233536,S15,7,0,tstr,2026
5890,233600,S15,7,5,tstr,2026
5891,233664,S15,7,5,tstr,2026
5892,233728,S15,7,7,tstr,2026
5893,233792,S15,7,5,tstr,2026
5894,233856,S15,7,7,tstr,2026
5895,233920,S15,7,7,tstr,2026
5896,233984,S15,7,4,tstr,2026
5897,234048,S15,7,7,tstr,2026
5898,234112,S15,7,0,tstr,2026
5899,234176,S15,7,5,tstr,2026
5900,234240,S15,7,7,tstr,2026
5901,234304,S15,7,5,tstr,2026
5902,234368,S15,7,7,tstr,2026
5903,234432,S15,7,5,tstr,2026
5904,234496,S15,7,7,tstr,2026
5905,234560,S15,7,2,tstr,2026
5906,234624,S15,7,7,tstr,2026
5907,234688,S15,7,5,tstr,2026
5908,234752,S15,7,5,tstr,2026
5909,234816,S15,7,5,tstr,2026
5910,234880,S15,7,5,tstr,2026
5911,234944,S15,7,5,tstr,2026
5912,235008,S15,7,7,tstr,2026
5913,235072,S15,7,5,tstr,2026
5914,235136,S15,7,7,tstr,2026
5915,235200,S15,7,5,tstr,2026
5916,235264,S15,7,7,tstr,2026
5917,235328,S15,7,7,tstr,2026
5918,235392,S15,7,7,tstr,2026
5919,235456,S15,7,7,tstr,2026
5920,235520,S15,7,5,tstr,2026
5921,235584,S15,7,7,tstr,2026
5922,235648,S15,7,7,tstr,2026
5923,235712,S15,7,7,tstr,2026
5924,235776,S15,7,5,tstr,2026
5925,235840,S15,7,4,tstr,2026
5926,235904,S15,7,5,tstr,2026
5927,235968,S15,7,7,tstr,2026
5928,236032,S15,7,5,tstr,2026
5929,236096,S15,7,7,tstr,2026
5930,236160,S15,7,7,tstr,2026
5931,236224,S15,7,7,tstr,2026
5932,236288,S15,7,7,tstr,2026
5933,236352,S15,7,5,tstr,2026
5934,236416,S15,7,5,tstr,2026
5935,236480,S15,7,4,tstr,2026
5936,236544,S15,7,7,tstr,2026
5937,236608,S15,7,7,tstr,2026
5938,236672,S15,7,5,tstr,2026
5939,236736,S15,7,5,tstr,2026
5940,236800,S15,7,7,tstr,2026
5941,236864,S15,7,4,tstr,2026
5942,236928,S15,7,7,tstr,2026
5943,236992,S15,7,5,tstr,2026
5944,237056,S15,7,7,tstr,2026
5945,237120,S15,7,5,tstr,2026
5946,237184,S15,7,5,tstr,2026
5947,237248,S15,7,5,tstr,2026
5948,237312,S15,7,7,tstr,2026
5949,237376,S15,7,7,tstr,2026
5950,237440,S15,7,1,tstr,2026
5951,237504,S15,7,7,tstr,2026
5952,237568,S15,7,7,tstr,2026
5953,237632,S15,7,7,tstr,2026
5954,237696,S15,7,0,tstr,2026
5955,237760,S15,7,7,tstr,2026
5956,237824,S15,7,7,tstr,2026
5957,237888,S15,7,5,tstr,2026
5958,237952,S15,7,0,tstr,2026
5959,238016,S15,7,7,tstr,2026
5960,238080,S15,7,7,tstr,2026
5961,238144,S15,7,7,tstr,2026
5962,238208,S15,7,7,tstr,2026
5963,238272,S15,7,7,tstr,2026
5964,238336,S15,7,7,tstr,2026
5965,238400,S15,7,5,tstr,2026
5966,238464,S15,7,7,tstr,2026
5967,238528,S15,7,7,tstr,2026
5968,238592,S15,7,7,tstr,2026
5969,238656,S15,7,7,tstr,2026
5970,238720,S15,7,7,tstr,2026
5971,238784,S15,7,7,tstr,2026
5972,238848,S15,7,0,tstr,2026
5973,238912,S15,7,7,tstr,2026
5974,238976,S15,7,7,tstr,2026
5975,239040,S15,7,7,tstr,2026
5976,239104,S15,7,7,tstr,2026
5977,239168,S15,7,7,tstr,2026
5978,239232,S15,7,7,tstr,2026
5979,239296,S15,7,5,tstr,2026
5980,239360,S15,7,5,tstr,2026
5981,239424,S15,7,7,tstr,2026
5982,239488,S15,7,7,tstr,2026
5983,239552,S15,7,7,tstr,2026
5984,239616,S15,7,7,tstr,2026
5985,239680,S15,7,7,tstr,2026
5986,239744,S15,7,7,tstr,2026
5987,239808,S15,7,7,tstr,2026
5988,239872,S15,7,7,tstr,2026
5989,239936,S15,7,7,tstr,2026
5990,240000,S15,7,5,tstr,2026
5991,240064,S15,7,7,tstr,2026
5992,240128,S15,7,7,tstr,2026
5993,240192,S15,7,7,tstr,2026
5994,240256,S15,7,7,tstr,2026
5995,240320,S15,7,5,tstr,2026
5996,240384,S15,7,7,tstr,2026
5997,240448,S15,7,4,tstr,2026
5998,240512,S15,7,7,tstr,2026
5999,240576,S15,7,5,tstr,2026
6000,240640,S15,7,7,tstr,2026
6001,240704,S15,7,7,tstr,2026
6002,240768,S15,7,4,tstr,2026
6003,240832,S15,7,5,tstr,2026
6004,240896,S15,7,7,tstr,2026
6005,240960,S15,7,7,tstr,2026
6006,241024,S15,7,5,tstr,2026
6007,241088,S15,7,5,tstr,2026
6008,241152,S15,7,7,tstr,2026
6009,241216,S15,7,5,tstr,2026
6010,241280,S15,7,7,tstr,2026
6011,241344,S15,7,7,tstr,2026
6012,241408,S15,7,7,tstr,2026
6013,241472,S15,7,7,tstr,2026
6014,241536,S15,7,5,tstr,2026
6015,241600,S15,7,5,tstr,2026
6016,241664,S15,7,5,tstr,2026
6017,241728,S15,7,4,tstr,2026
6018,241792,S15,7,5,tstr,2026
6019,241856,S15,7,7,tstr,2026
6020,241920,S15,7,7,tstr,2026
6021,241984,S15,7,7,tstr,2026
6022,242048,S15,7,7,tstr,2026
6023,242112,S15,7,7,tstr,2026
6024,242176,S15,7,7,tstr,2026
6025,242240,S15,7,7,tstr,2026
6026,242304,S15,7,5,tstr,2026
6027,242368,S15,7,7,tstr,2026
6028,242432,S15,7,7,tstr,2026
6029,242496,S15,7,7,tstr,2026
6030,242560,S15,7,7,tstr,2026
6031,242624,S15,7,7,tstr,2026
6032,242688,S15,7,7,tstr,2026
6033,242752,S15,7,7,tstr,2026
6034,242816,S15,7,7,tstr,2026
6035,242880,S15,7,0,tstr,2026
6036,242944,S15,7,7,tstr,2026
6037,243008,S15,7,4,tstr,2026
6038,243072,S15,7,5,tstr,2026
6039,243136,S15,7,7,tstr,2026
6040,243200,S15,7,7,tstr,2026
6041,243264,S15,7,5,tstr,2026
6042,243328,S15,7,5,tstr,2026
6043,243392,S15,7,7,tstr,2026
6044,243456,S15,7,5,tstr,2026
6045,243520,S15,7,5,tstr,2026
6046,243584,S15,7,7,tstr,2026
6047,243648,S15,7,7,tstr,2026
6048,243712,S15,7,5,tstr,2026
6049,243776,S15,7,7,tstr,2026
6050,243840,S15,7,7,tstr,2026
6051,243904,S15,7,7,tstr,2026
6052,243968,S15,7,7,tstr,2026
6053,244032,S15,7,7,tstr,2026
6054,244096,S15,7,7,tstr,2026
6055,244160,S15,7,7,tstr,2026
6056,244224,S15,7,5,tstr,2026
6057,244288,S15,7,5,tstr,2026
6058,244352,S15,7,7,tstr,2026
6059,244416,S15,7,5,tstr,2026
6060,244480,S15,7,7,tstr,2026
6061,244544,S15,7,7,tstr,2026
6062,244608,S15,7,7,tstr,2026
6063,244672,S15,7,7,tstr,2026
6064,244736,S15,7,7,tstr,2026
6065,244800,S15,7,5,tstr,2026
6066,244864,S15,7,7,tstr,2026
6067,244928,S15,7,5,tstr,2026
6068,244992,S15,7,0,tstr,2026
6069,245056,S15,7,7,tstr,2026
6070,245120,S15,7,7,tstr,2026
6071,245184,S15,7,5,tstr,2026
6072,245248,S15,7,7,tstr,2026
6073,245312,S15,7,5,tstr,2026
6074,245376,S15,7,4,tstr,2026
6075,245440,S15,7,5,tstr,2026
6076,245504,S15,7,5,tstr,2026
6077,245568,S15,7,7,tstr,2026
6078,245632,S15,7,5,tstr,2026
6079,245696,S15,7,7,tstr,2026
6080,245760,S15,7,0,tstr,2026
6081,245824,S15,7,7,tstr,2026
6082,245888,S15,7,7,tstr,2026
6083,245952,S15,7,7,tstr,2026
6084,246016,S15,7,7,tstr,2026
6085,246080,S15,7,7,tstr,2026
6086,246144,S15,7,0,tstr,2026
6087,246208,S15,7,5,tstr,2026
6088,246272,S15,7,7,tstr,2026
6089,246336,S15,7,7,tstr,2026
6090,246400,S15,7,7,tstr,2026
6091,246464,S15,7,7,tstr,2026
6092,246528,S15,7,7,tstr,2026
6093,246592,S15,7,7,tstr,2026
6094,246656,S15,7,7,tstr,2026
6095,246720,S15,7,2,tstr,2026
6096,246784,S15,7,7,tstr,2026
6097,246848,S15,7,7,tstr,2026
6098,246912,S15,7,7,tstr,2026
6099,246976,S15,7,7,tstr,2026
6100,247040,S15,7,7,tstr,2026
6101,247104,S15,7,7,tstr,2026
6102,247168,S15,7,5,tstr,2026
6103,247232,S15,7,5,tstr,2026
6104,247296,S15,7,7,tstr,2026
6105,247360,S15,7,7,tstr,2026
6106,247424,S15,7,5,tstr,2026
6107,247488,S15,7,7,tstr,2026
6108,247552,S15,7,7,tstr,2026
6109,247616,S15,7,5,tstr,2026
0,1984,S14,0,2,cvaeaug,2026
1,2048,S14,0,5,cvaeaug,2026
2,2112,S14,0,2,cvaeaug,2026
3,2176,S14,0,2,cvaeaug,2026
4,2240,S14,0,2,cvaeaug,2026
5,2304,S14,0,2,cvaeaug,2026
6,2368,S14,0,0,cvaeaug,2026
7,2432,S14,0,5,cvaeaug,2026
8,2496,S14,0,5,cvaeaug,2026
9,2560,S14,0,2,cvaeaug,2026
10,2624,S14,0,2,cvaeaug,2026
11,2688,S14,0,2,cvaeaug,2026
12,2752,S14,0,2,cvaeaug,2026
13,2816,S14,0,2,cvaeaug,2026
14,2880,S14,0,2,cvaeaug,2026
15,2944,S14,0,7,cvaeaug,2026
16,3008,S14,0,4,cvaeaug,2026
17,3072,S14,0,1,cvaeaug,2026
18,3136,S14,0,4,cvaeaug,2026
19,3200,S14,0,5,cvaeaug,2026
20,3264,S14,0,7,cvaeaug,2026
21,3328,S14,0,2,cvaeaug,2026
22,3392,S14,0,2,cvaeaug,2026
23,3456,S14,0,2,cvaeaug,2026
24,3520,S14,0,2,cvaeaug,2026
25,3584,S14,0,5,cvaeaug,2026
26,3648,S14,0,5,cvaeaug,2026
27,3712,S14,0,1,cvaeaug,2026
28,3776,S14,0,5,cvaeaug,2026
29,3840,S14,0,2,cvaeaug,2026
30,3904,S14,0,2,cvaeaug,2026
31,3968,S14,0,5,cvaeaug,2026
32,4032,S14,0,0,cvaeaug,2026
33,4096,S14,0,7,cvaeaug,2026
34,4160,S14,0,5,cvaeaug,2026
35,4224,S14,0,2,cvaeaug,2026
36,4288,S14,0,2,cvaeaug,2026
37,4352,S14,0,2,cvaeaug,2026
38,4416,S14,0,2,cvaeaug,2026
39,4480,S14,0,2,cvaeaug,2026
40,4544,S14,0,2,cvaeaug,2026
41,4608,S14,0,2,cvaeaug,2026
42,4672,S14,0,2,cvaeaug,2026
43,4736,S14,0,2,cvaeaug,2026
44,4800,S14,0,2,cvaeaug,2026
45,4864,S14,0,5,cvaeaug,2026
46,4928,S14,0,5,cvaeaug,2026
47,4992,S14,0,2,cvaeaug,2026
48,5056,S14,0,5,cvaeaug,2026
49,5120,S14,0,2,cvaeaug,2026
50,5184,S14,0,5,cvaeaug,2026
51,5248,S14,0,5,cvaeaug,2026
52,5312,S14,0,2,cvaeaug,2026
53,5376,S14,0,5,cvaeaug,2026
54,5440,S14,0,5,cvaeaug,2026
55,5504,S14,0,5,cvaeaug,2026
56,5568,S14,0,1,cvaeaug,2026
57,5632,S14,0,5,cvaeaug,2026
58,5696,S14,0,2,cvaeaug,2026
59,5760,S14,0,2,cvaeaug,2026
60,5824,S14,0,5,cvaeaug,2026
61,5888,S14,0,2,cvaeaug,2026
62,5952,S14,0,2,cvaeaug,2026
63,6016,S14,0,5,cvaeaug,2026
64,6080,S14,0,2,cvaeaug,2026
65,6144,S14,0,2,cvaeaug,2026
66,6208,S14,0,2,cvaeaug,2026
67,6272,S14,0,2,cvaeaug,2026
68,6336,S14,0,5,cvaeaug,2026
69,6400,S14,0,5,cvaeaug,2026
70,6464,S14,0,5,cvaeaug,2026
71,6528,S14,0,5,cvaeaug,2026
72,6592,S14,0,2,cvaeaug,2026
73,6656,S14,0,2,cvaeaug,2026
74,6720,S14,0,0,cvaeaug,2026
75,6784,S14,0,2,cvaeaug,2026
76,6848,S14,0,0,cvaeaug,2026
77,6912,S14,0,2,cvaeaug,2026
78,6976,S14,0,2,cvaeaug,2026
79,7040,S14,0,5,cvaeaug,2026
80,7104,S14,0,5,cvaeaug,2026
81,7168,S14,0,2,cvaeaug,2026
82,7232,S14,0,2,cvaeaug,2026
83,7296,S14,0,2,cvaeaug,2026
84,7360,S14,0,5,cvaeaug,2026
85,7424,S14,0,2,cvaeaug,2026
86,7488,S14,0,5,cvaeaug,2026
87,7552,S14,0,5,cvaeaug,2026
88,7616,S14,0,2,cvaeaug,2026
89,7680,S14,0,5,cvaeaug,2026
90,7744,S14,0,5,cvaeaug,2026
91,7808,S14,0,2,cvaeaug,2026
92,7872,S14,0,2,cvaeaug,2026
93,7936,S14,0,5,cvaeaug,2026
94,8000,S14,0,2,cvaeaug,2026
95,8064,S14,0,5,cvaeaug,2026
96,8128,S14,0,5,cvaeaug,2026
97,8192,S14,0,0,cvaeaug,2026
98,8256,S14,0,2,cvaeaug,2026
99,8320,S14,0,0,cvaeaug,2026
100,8384,S14,0,5,cvaeaug,2026
101,8448,S14,0,2,cvaeaug,2026
102,8512,S14,0,2,cvaeaug,2026
103,8576,S14,0,5,cvaeaug,2026
104,8640,S14,0,5,cvaeaug,2026
105,8704,S14,0,5,cvaeaug,2026
106,8768,S14,0,2,cvaeaug,2026
107,8832,S14,0,2,cvaeaug,2026
108,8896,S14,0,2,cvaeaug,2026
109,8960,S14,0,2,cvaeaug,2026
110,9024,S14,0,5,cvaeaug,2026
111,9088,S14,0,7,cvaeaug,2026
112,9152,S14,0,2,cvaeaug,2026
113,9216,S14,0,5,cvaeaug,2026
114,9280,S14,0,2,cvaeaug,2026
115,9344,S14,0,5,cvaeaug,2026
116,9408,S14,0,7,cvaeaug,2026
117,9472,S14,0,5,cvaeaug,2026
118,9536,S14,0,2,cvaeaug,2026
119,9600,S14,0,2,cvaeaug,2026
120,9664,S14,0,5,cvaeaug,2026
121,9728,S14,0,2,cvaeaug,2026
122,9792,S14,0,2,cvaeaug,2026
123,9856,S14,0,5,cvaeaug,2026
124,9920,S14,0,2,cvaeaug,2026
125,9984,S14,0,2,cvaeaug,2026
126,10048,S14,0,5,cvaeaug,2026
127,10112,S14,0,0,cvaeaug,2026
128,10176,S14,0,5,cvaeaug,2026
129,10240,S14,0,5,cvaeaug,2026
130,10304,S14,0,0,cvaeaug,2026
131,10368,S14,0,5,cvaeaug,2026
132,10432,S14,0,2,cvaeaug,2026
133,10496,S14,0,4,cvaeaug,2026
134,10560,S14,0,5,cvaeaug,2026
135,10624,S14,0,4,cvaeaug,2026
136,10688,S14,0,2,cvaeaug,2026
137,10752,S14,0,5,cvaeaug,2026
138,10816,S14,0,2,cvaeaug,2026
139,10880,S14,0,5,cvaeaug,2026
140,10944,S14,0,5,cvaeaug,2026
141,11008,S14,0,5,cvaeaug,2026
142,11072,S14,0,5,cvaeaug,2026
143,11136,S14,0,4,cvaeaug,2026
144,11200,S14,0,0,cvaeaug,2026
145,11264,S14,0,5,cvaeaug,2026
146,11328,S14,0,2,cvaeaug,2026
147,11392,S14,0,5,cvaeaug,2026
148,11456,S14,0,2,cvaeaug,2026
149,11520,S14,0,5,cvaeaug,2026
150,11584,S14,0,2,cvaeaug,2026
151,11648,S14,0,2,cvaeaug,2026
152,11712,S14,0,2,cvaeaug,2026
153,11776,S14,0,0,cvaeaug,2026
154,11840,S14,0,2,cvaeaug,2026
155,11904,S14,0,5,cvaeaug,2026
156,11968,S14,0,2,cvaeaug,2026
157,12032,S14,0,5,cvaeaug,2026
158,12096,S14,0,5,cvaeaug,2026
159,12160,S14,0,5,cvaeaug,2026
160,12224,S14,0,5,cvaeaug,2026
161,12288,S14,0,2,cvaeaug,2026
162,12352,S14,0,5,cvaeaug,2026
163,12416,S14,0,2,cvaeaug,2026
164,12480,S14,0,4,cvaeaug,2026
165,12544,S14,0,2,cvaeaug,2026
166,12608,S14,0,2,cvaeaug,2026
167,12672,S14,0,5,cvaeaug,2026
168,12736,S14,0,5,cvaeaug,2026
169,12800,S14,0,5,cvaeaug,2026
170,12864,S14,0,5,cvaeaug,2026
171,12928,S14,0,2,cvaeaug,2026
172,12992,S14,0,2,cvaeaug,2026
173,13056,S14,0,2,cvaeaug,2026
174,13120,S14,0,0,cvaeaug,2026
175,13184,S14,0,7,cvaeaug,2026
176,13248,S14,0,5,cvaeaug,2026
177,13312,S14,0,2,cvaeaug,2026
178,13376,S14,0,2,cvaeaug,2026
179,13440,S14,0,0,cvaeaug,2026
180,13504,S14,0,5,cvaeaug,2026
181,13568,S14,0,4,cvaeaug,2026
182,13632,S14,0,0,cvaeaug,2026
183,13696,S14,0,2,cvaeaug,2026
184,13760,S14,0,2,cvaeaug,2026
185,13824,S14,0,5,cvaeaug,2026
186,13888,S14,0,2,cvaeaug,2026
187,13952,S14,0,5,cvaeaug,2026
188,14016,S14,0,5,cvaeaug,2026
189,14080,S14,0,5,cvaeaug,2026
190,14144,S14,0,5,cvaeaug,2026
191,14208,S14,0,2,cvaeaug,2026
192,14272,S14,0,2,cvaeaug,2026
193,14336,S14,0,5,cvaeaug,2026
194,14400,S14,0,0,cvaeaug,2026
195,14464,S14,0,5,cvaeaug,2026
196,14528,S14,0,2,cvaeaug,2026
197,14592,S14,0,2,cvaeaug,2026
198,14656,S14,0,5,cvaeaug,2026
199,14720,S14,0,2,cvaeaug,2026
200,14784,S14,0,5,cvaeaug,2026
201,14848,S14,0,5,cvaeaug,2026
202,14912,S14,0,2,cvaeaug,2026
203,14976,S14,0,4,cvaeaug,2026
204,15040,S14,0,2,cvaeaug,2026
205,15104,S14,0,2,cvaeaug,2026
206,15168,S14,0,2,cvaeaug,2026
207,15232,S14,0,2,cvaeaug,2026
208,15296,S14,0,2,cvaeaug,2026
209,15360,S14,0,2,cvaeaug,2026
210,15424,S14,0,2,cvaeaug,2026
211,15488,S14,0,4,cvaeaug,2026
212,15552,S14,0,2,cvaeaug,2026
213,15616,S14,0,4,cvaeaug,2026
214,15680,S14,0,0,cvaeaug,2026
215,15744,S14,0,5,cvaeaug,2026
216,15808,S14,0,5,cvaeaug,2026
217,15872,S14,0,5,cvaeaug,2026
218,15936,S14,0,4,cvaeaug,2026
219,16000,S14,0,4,cvaeaug,2026
220,16064,S14,0,5,cvaeaug,2026
221,16128,S14,0,2,cvaeaug,2026
222,16192,S14,0,2,cvaeaug,2026
223,16256,S14,0,2,cvaeaug,2026
224,16320,S14,0,5,cvaeaug,2026
225,16384,S14,0,5,cvaeaug,2026
226,16448,S14,0,2,cvaeaug,2026
227,16512,S14,0,5,cvaeaug,2026
228,16576,S14,0,2,cvaeaug,2026
229,16640,S14,0,2,cvaeaug,2026
230,16704,S14,0,7,cvaeaug,2026
231,16768,S14,0,5,cvaeaug,2026
232,16832,S14,0,5,cvaeaug,2026
233,16896,S14,0,5,cvaeaug,2026
234,16960,S14,0,2,cvaeaug,2026
235,17024,S14,0,2,cvaeaug,2026
236,17088,S14,0,2,cvaeaug,2026
237,17152,S14,0,5,cvaeaug,2026
238,17216,S14,0,5,cvaeaug,2026
239,17280,S14,0,5,cvaeaug,2026
240,17344,S14,0,2,cvaeaug,2026
241,17408,S14,0,5,cvaeaug,2026
242,17472,S14,0,5,cvaeaug,2026
243,17536,S14,0,2,cvaeaug,2026
244,17600,S14,0,4,cvaeaug,2026
245,17664,S14,0,2,cvaeaug,2026
246,17728,S14,0,2,cvaeaug,2026
247,17792,S14,0,5,cvaeaug,2026
248,17856,S14,0,5,cvaeaug,2026
249,17920,S14,0,2,cvaeaug,2026
250,17984,S14,0,4,cvaeaug,2026
251,18048,S14,0,2,cvaeaug,2026
252,18112,S14,0,2,cvaeaug,2026
253,18176,S14,0,5,cvaeaug,2026
254,18240,S14,0,4,cvaeaug,2026
255,18304,S14,0,5,cvaeaug,2026
256,18368,S14,0,5,cvaeaug,2026
257,18432,S14,0,2,cvaeaug,2026
258,18496,S14,0,2,cvaeaug,2026
259,18560,S14,0,7,cvaeaug,2026
260,18624,S14,0,5,cvaeaug,2026
261,18688,S14,0,5,cvaeaug,2026
262,18752,S14,0,2,cvaeaug,2026
263,18816,S14,0,2,cvaeaug,2026
264,18880,S14,0,5,cvaeaug,2026
265,18944,S14,0,0,cvaeaug,2026
266,19008,S14,0,5,cvaeaug,2026
267,19072,S14,0,2,cvaeaug,2026
268,19136,S14,0,2,cvaeaug,2026
269,19200,S14,0,2,cvaeaug,2026
270,19264,S14,0,2,cvaeaug,2026
271,19328,S14,0,5,cvaeaug,2026
272,19392,S14,0,2,cvaeaug,2026
273,19456,S14,0,5,cvaeaug,2026
274,19520,S14,0,2,cvaeaug,2026
275,19584,S14,0,5,cvaeaug,2026
276,19648,S14,0,5,cvaeaug,2026
277,19712,S14,0,2,cvaeaug,2026
278,19776,S14,0,0,cvaeaug,2026
279,19840,S14,0,0,cvaeaug,2026
280,19904,S14,0,4,cvaeaug,2026
281,19968,S14,0,2,cvaeaug,2026
282,20032,S14,0,2,cvaeaug,2026
283,20096,S14,0,5,cvaeaug,2026
284,20160,S14,0,0,cvaeaug,2026
285,20224,S14,0,2,cvaeaug,2026
286,20288,S14,0,5,cvaeaug,2026
287,20352,S14,0,5,cvaeaug,2026
288,20416,S14,0,5,cvaeaug,2026
289,20480,S14,0,5,cvaeaug,2026
290,20544,S14,0,7,cvaeaug,2026
291,20608,S14,0,2,cvaeaug,2026
292,20672,S14,0,7,cvaeaug,2026
293,20736,S14,0,2,cvaeaug,2026
294,20800,S14,0,7,cvaeaug,2026
295,20864,S14,0,0,cvaeaug,2026
296,20928,S14,0,5,cvaeaug,2026
297,20992,S14,0,5,cvaeaug,2026
298,21056,S14,0,5,cvaeaug,2026
299,21120,S14,0,5,cvaeaug,2026
300,21184,S14,0,5,cvaeaug,2026
301,21248,S14,0,2,cvaeaug,2026
302,21312,S14,0,2,cvaeaug,2026
303,26048,S14,1,1,cvaeaug,2026
304,26112,S14,1,1,cvaeaug,2026
305,26176,S14,1,1,cvaeaug,2026
306,26240,S14,1,2,cvaeaug,2026
307,26304,S14,1,1,cvaeaug,2026
308,26368,S14,1,1,cvaeaug,2026
309,26432,S14,1,1,cvaeaug,2026
310,26496,S14,1,1,cvaeaug,2026
311,26560,S14,1,1,cvaeaug,2026
312,26624,S14,1,1,cvaeaug,2026
313,26688,S14,1,1,cvaeaug,2026
314,26752,S14,1,1,cvaeaug,2026
315,26816,S14,1,1,cvaeaug,2026
316,26880,S14,1,1,cvaeaug,2026
317,26944,S14,1,1,cvaeaug,2026
318,27008,S14,1,1,cvaeaug,2026
319,27072,S14,1,1,cvaeaug,2026
320,27136,S14,1,1,cvaeaug,2026
321,27200,S14,1,1,cvaeaug,2026
322,27264,S14,1,1,cvaeaug,2026
323,27328,S14,1,1,cvaeaug,2026
324,27392,S14,1,1,cvaeaug,2026
325,27456,S14,1,1,cvaeaug,2026
326,27520,S14,1,1,cvaeaug,2026
327,27584,S14,1,1,cvaeaug,2026
328,27648,S14,1,1,cvaeaug,2026
329,27712,S14,1,2,cvaeaug,2026
330,27776,S14,1,1,cvaeaug,2026
331,27840,S14,1,1,cvaeaug,2026
332,27904,S14,1,1,cvaeaug,2026
333,27968,S14,1,1,cvaeaug,2026
334,28032,S14,1,1,cvaeaug,2026
335,28096,S14,1,5,cvaeaug,2026
336,28160,S14,1,1,cvaeaug,2026
337,28224,S14,1,1,cvaeaug,2026
338,28288,S14,1,1,cvaeaug,2026
339,28352,S14,1,1,cvaeaug,2026
340,28416,S14,1,1,cvaeaug,2026
341,28480,S14,1,1,cvaeaug,2026
342,28544,S14,1,1,cvaeaug,2026
343,28608,S14,1,1,cvaeaug,2026
344,28672,S14,1,1,cvaeaug,2026
345,28736,S14,1,1,cvaeaug,2026
346,28800,S14,1,1,cvaeaug,2026
347,28864,S14,1,1,cvaeaug,2026
348,28928,S14,1,1,cvaeaug,2026
349,28992,S14,1,1,cvaeaug,2026
350,29056,S14,1,1,cvaeaug,2026
351,29120,S14,1,1,cvaeaug,2026
352,29184,S14,1,1,cvaeaug,2026
353,29248,S14,1,1,cvaeaug,2026
354,29312,S14,1,5,cvaeaug,2026
355,29376,S14,1,1,cvaeaug,2026
356,29440,S14,1,1,cvaeaug,2026
357,29504,S14,1,1,cvaeaug,2026
358,29568,S14,1,1,cvaeaug,2026
359,29632,S14,1,1,cvaeaug,2026
360,29696,S14,1,1,cvaeaug,2026
361,29760,S14,1,1,cvaeaug,2026
362,29824,S14,1,1,cvaeaug,2026
363,29888,S14,1,1,cvaeaug,2026
364,29952,S14,1,1,cvaeaug,2026
365,30016,S14,1,1,cvaeaug,2026
366,30080,S14,1,1,cvaeaug,2026
367,30144,S14,1,1,cvaeaug,2026
368,30208,S14,1,1,cvaeaug,2026
369,30272,S14,1,1,cvaeaug,2026
370,30336,S14,1,1,cvaeaug,2026
371,30400,S14,1,1,cvaeaug,2026
372,30464,S14,1,1,cvaeaug,2026
373,30528,S14,1,1,cvaeaug,2026
374,30592,S14,1,1,cvaeaug,2026
375,30656,S14,1,1,cvaeaug,2026
376,30720,S14,1,1,cvaeaug,2026
377,30784,S14,1,1,cvaeaug,2026
378,30848,S14,1,1,cvaeaug,2026
379,30912,S14,1,1,cvaeaug,2026
380,30976,S14,1,1,cvaeaug,2026
381,31040,S14,1,1,cvaeaug,2026
382,31104,S14,1,5,cvaeaug,2026
383,31168,S14,1,1,cvaeaug,2026
384,31232,S14,1,1,cvaeaug,2026
385,31296,S14,1,1,cvaeaug,2026
386,31360,S14,1,1,cvaeaug,2026
387,31424,S14,1,5,cvaeaug,2026
388,31488,S14,1,2,cvaeaug,2026
389,31552,S14,1,1,cvaeaug,2026
390,31616,S14,1,2,cvaeaug,2026
391,31680,S14,1,1,cvaeaug,2026
392,31744,S14,1,5,cvaeaug,2026
393,31808,S14,1,1,cvaeaug,2026
394,31872,S14,1,1,cvaeaug,2026
395,31936,S14,1,2,cvaeaug,2026
396,32000,S14,1,1,cvaeaug,2026
397,32064,S14,1,1,cvaeaug,2026
398,32128,S14,1,1,cvaeaug,2026
399,32192,S14,1,1,cvaeaug,2026
400,32256,S14,1,1,cvaeaug,2026
401,32320,S14,1,1,cvaeaug,2026
402,32384,S14,1,1,cvaeaug,2026
403,32448,S14,1,1,cvaeaug,2026
404,32512,S14,1,1,cvaeaug,2026
405,32576,S14,1,1,cvaeaug,2026
406,32640,S14,1,1,cvaeaug,2026
407,32704,S14,1,1,cvaeaug,2026
408,32768,S14,1,1,cvaeaug,2026
409,32832,S14,1,1,cvaeaug,2026
410,32896,S14,1,1,cvaeaug,2026
411,32960,S14,1,1,cvaeaug,2026
412,33024,S14,1,1,cvaeaug,2026
413,33088,S14,1,2,cvaeaug,2026
414,33152,S14,1,1,cvaeaug,2026
415,33216,S14,1,1,cvaeaug,2026
416,33280,S14,1,1,cvaeaug,2026
417,33344,S14,1,1,cvaeaug,2026
418,33408,S14,1,1,cvaeaug,2026
419,33472,S14,1,2,cvaeaug,2026
420,33536,S14,1,1,cvaeaug,2026
421,33600,S14,1,1,cvaeaug,2026
422,33664,S14,1,1,cvaeaug,2026
423,33728,S14,1,2,cvaeaug,2026
424,33792,S14,1,1,cvaeaug,2026
425,33856,S14,1,1,cvaeaug,2026
426,33920,S14,1,1,cvaeaug,2026
427,33984,S14,1,1,cvaeaug,2026
428,34048,S14,1,1,cvaeaug,2026
429,34112,S14,1,1,cvaeaug,2026
430,34176,S14,1,1,cvaeaug,2026
431,34240,S14,1,1,cvaeaug,2026
432,34304,S14,1,5,cvaeaug,2026
433,34368,S14,1,1,cvaeaug,2026
434,34432,S14,1,1,cvaeaug,2026
435,34496,S14,1,1,cvaeaug,2026
436,34560,S14,1,1,cvaeaug,2026
437,34624,S14,1,1,cvaeaug,2026
438,34688,S14,1,1,cvaeaug,2026
439,34752,S14,1,1,cvaeaug,2026
440,34816,S14,1,1,cvaeaug,2026
441,34880,S14,1,1,cvaeaug,2026
442,34944,S14,1,1,cvaeaug,2026
443,35008,S14,1,1,cvaeaug,2026
444,35072,S14,1,2,cvaeaug,2026
445,35136,S14,1,7,cvaeaug,2026
446,35200,S14,1,1,cvaeaug,2026
447,35264,S14,1,1,cvaeaug,2026
448,35328,S14,1,1,cvaeaug,2026
449,35392,S14,1,2,cvaeaug,2026
450,35456,S14,1,1,cvaeaug,2026
451,35520,S14,1,1,cvaeaug,2026
452,35584,S14,1,1,cvaeaug,2026
453,35648,S14,1,1,cvaeaug,2026
454,35712,S14,1,1,cvaeaug,2026
455,35776,S14,1,1,cvaeaug,2026
456,35840,S14,1,1,cvaeaug,2026
457,35904,S14,1,1,cvaeaug,2026
458,35968,S14,1,1,cvaeaug,2026
459,36032,S14,1,1,cvaeaug,2026
460,36096,S14,1,1,cvaeaug,2026
461,36160,S14,1,1,cvaeaug,2026
462,36224,S14,1,1,cvaeaug,2026
463,36288,S14,1,1,cvaeaug,2026
464,36352,S14,1,1,cvaeaug,2026
465,36416,S14,1,1,cvaeaug,2026
466,36480,S14,1,1,cvaeaug,2026
467,36544,S14,1,1,cvaeaug,2026
468,36608,S14,1,1,cvaeaug,2026
469,36672,S14,1,1,cvaeaug,2026
470,36736,S14,1,1,cvaeaug,2026
471,36800,S14,1,1,cvaeaug,2026
472,36864,S14,1,1,cvaeaug,2026
473,36928,S14,1,1,cvaeaug,2026
474,36992,S14,1,1,cvaeaug,2026
475,37056,S14,1,1,cvaeaug,2026
476,37120,S14,1,2,cvaeaug,2026
477,37184,S14,1,2,cvaeaug,2026
478,37248,S14,1,1,cvaeaug,2026
479,37312,S14,1,2,cvaeaug,2026
480,37376,S14,1,1,cvaeaug,2026
481,37440,S14,1,1,cvaeaug,2026
482,37504,S14,1,1,cvaeaug,2026
483,37568,S14,1,1,cvaeaug,2026
484,37632,S14,1,1,cvaeaug,2026
485,37696,S14,1,1,cvaeaug,2026
486,37760,S14,1,1,cvaeaug,2026
487,37824,S14,1,1,cvaeaug,2026
488,37888,S14,1,1,cvaeaug,2026
489,37952,S14,1,1,cvaeaug,2026
490,38016,S14,1,1,cvaeaug,2026
491,38080,S14,1,6,cvaeaug,2026
492,38144,S14,1,1,cvaeaug,2026
493,38208,S14,1,1,cvaeaug,2026
494,38272,S14,1,1,cvaeaug,2026
495,38336,S14,1,5,cvaeaug,2026
496,38400,S14,1,1,cvaeaug,2026
497,38464,S14,1,1,cvaeaug,2026
498,38528,S14,1,1,cvaeaug,2026
499,38592,S14,1,1,cvaeaug,2026
500,38656,S14,1,1,cvaeaug,2026
501,38720,S14,1,2,cvaeaug,2026
502,38784,S14,1,5,cvaeaug,2026
503,38848,S14,1,1,cvaeaug,2026
504,38912,S14,1,1,cvaeaug,2026
505,38976,S14,1,1,cvaeaug,2026
506,39040,S14,1,1,cvaeaug,2026
507,39104,S14,1,1,cvaeaug,2026
508,39168,S14,1,1,cvaeaug,2026
509,39232,S14,1,1,cvaeaug,2026
510,39296,S14,1,1,cvaeaug,2026
511,39360,S14,1,1,cvaeaug,2026
512,39424,S14,1,1,cvaeaug,2026
513,39488,S14,1,1,cvaeaug,2026
514,39552,S14,1,1,cvaeaug,2026
515,39616,S14,1,1,cvaeaug,2026
516,39680,S14,1,1,cvaeaug,2026
517,39744,S14,1,2,cvaeaug,2026
518,39808,S14,1,1,cvaeaug,2026
519,39872,S14,1,1,cvaeaug,2026
520,39936,S14,1,1,cvaeaug,2026
521,40000,S14,1,1,cvaeaug,2026
522,40064,S14,1,1,cvaeaug,2026
523,40128,S14,1,1,cvaeaug,2026
524,40192,S14,1,1,cvaeaug,2026
525,40256,S14,1,1,cvaeaug,2026
526,40320,S14,1,1,cvaeaug,2026
527,40384,S14,1,1,cvaeaug,2026
528,40448,S14,1,1,cvaeaug,2026
529,40512,S14,1,2,cvaeaug,2026
530,44800,S14,2,2,cvaeaug,2026
531,44864,S14,2,2,cvaeaug,2026
532,44928,S14,2,2,cvaeaug,2026
533,44992,S14,2,2,cvaeaug,2026
534,45056,S14,2,2,cvaeaug,2026
535,45120,S14,2,2,cvaeaug,2026
536,45184,S14,2,2,cvaeaug,2026
537,45248,S14,2,2,cvaeaug,2026
538,45312,S14,2,2,cvaeaug,2026
539,45376,S14,2,2,cvaeaug,2026
540,45440,S14,2,2,cvaeaug,2026
541,45504,S14,2,2,cvaeaug,2026
542,45568,S14,2,2,cvaeaug,2026
543,45632,S14,2,2,cvaeaug,2026
544,45696,S14,2,2,cvaeaug,2026
545,45760,S14,2,2,cvaeaug,2026
546,45824,S14,2,2,cvaeaug,2026
547,45888,S14,2,2,cvaeaug,2026
548,45952,S14,2,5,cvaeaug,2026
549,46016,S14,2,2,cvaeaug,2026
550,46080,S14,2,2,cvaeaug,2026
551,46144,S14,2,2,cvaeaug,2026
552,46208,S14,2,2,cvaeaug,2026
553,46272,S14,2,2,cvaeaug,2026
554,46336,S14,2,2,cvaeaug,2026
555,46400,S14,2,5,cvaeaug,2026
556,46464,S14,2,7,cvaeaug,2026
557,46528,S14,2,2,cvaeaug,2026
558,46592,S14,2,2,cvaeaug,2026
559,46656,S14,2,2,cvaeaug,2026
560,46720,S14,2,2,cvaeaug,2026
561,46784,S14,2,2,cvaeaug,2026
562,46848,S14,2,2,cvaeaug,2026
563,46912,S14,2,5,cvaeaug,2026
564,46976,S14,2,2,cvaeaug,2026
565,47040,S14,2,2,cvaeaug,2026
566,47104,S14,2,2,cvaeaug,2026
567,47168,S14,2,2,cvaeaug,2026
568,47232,S14,2,2,cvaeaug,2026
569,47296,S14,2,2,cvaeaug,2026
570,47360,S14,2,2,cvaeaug,2026
571,47424,S14,2,2,cvaeaug,2026
572,47488,S14,2,2,cvaeaug,2026
573,47552,S14,2,5,cvaeaug,2026
574,47616,S14,2,5,cvaeaug,2026
575,47680,S14,2,2,cvaeaug,2026
576,47744,S14,2,2,cvaeaug,2026
577,47808,S14,2,2,cvaeaug,2026
578,47872,S14,2,5,cvaeaug,2026
579,47936,S14,2,5,cvaeaug,2026
580,48000,S14,2,2,cvaeaug,2026
581,48064,S14,2,5,cvaeaug,2026
582,48128,S14,2,2,cvaeaug,2026
583,48192,S14,2,2,cvaeaug,2026
584,48256,S14,2,2,cvaeaug,2026
585,48320,S14,2,2,cvaeaug,2026
586,48384,S14,2,2,cvaeaug,2026
587,48448,S14,2,2,cvaeaug,2026
588,48512,S14,2,2,cvaeaug,2026
589,48576,S14,2,2,cvaeaug,2026
590,48640,S14,2,2,cvaeaug,2026
591,48704,S14,2,2,cvaeaug,2026
592,48768,S14,2,2,cvaeaug,2026
593,48832,S14,2,5,cvaeaug,2026
594,48896,S14,2,2,cvaeaug,2026
595,48960,S14,2,6,cvaeaug,2026
596,49024,S14,2,5,cvaeaug,2026
597,49088,S14,2,2,cvaeaug,2026
598,49152,S14,2,2,cvaeaug,2026
599,49216,S14,2,2,cvaeaug,2026
600,49280,S14,2,5,cvaeaug,2026
601,49344,S14,2,2,cvaeaug,2026
602,49408,S14,2,2,cvaeaug,2026
603,49472,S14,2,2,cvaeaug,2026
604,49536,S14,2,2,cvaeaug,2026
605,49600,S14,2,2,cvaeaug,2026
606,49664,S14,2,2,cvaeaug,2026
607,49728,S14,2,2,cvaeaug,2026
608,49792,S14,2,2,cvaeaug,2026
609,49856,S14,2,2,cvaeaug,2026
610,49920,S14,2,5,cvaeaug,2026
611,49984,S14,2,5,cvaeaug,2026
612,50048,S14,2,2,cvaeaug,2026
613,50112,S14,2,2,cvaeaug,2026
614,50176,S14,2,2,cvaeaug,2026
615,50240,S14,2,2,cvaeaug,2026
616,50304,S14,2,2,cvaeaug,2026
617,50368,S14,2,2,cvaeaug,2026
618,50432,S14,2,2,cvaeaug,2026
619,50496,S14,2,2,cvaeaug,2026
620,50560,S14,2,2,cvaeaug,2026
621,50624,S14,2,5,cvaeaug,2026
622,50688,S14,2,5,cvaeaug,2026
623,50752,S14,2,5,cvaeaug,2026
624,50816,S14,2,2,cvaeaug,2026
625,50880,S14,2,5,cvaeaug,2026
626,50944,S14,2,2,cvaeaug,2026
627,51008,S14,2,2,cvaeaug,2026
628,51072,S14,2,2,cvaeaug,2026
629,51136,S14,2,2,cvaeaug,2026
630,51200,S14,2,2,cvaeaug,2026
631,51264,S14,2,2,cvaeaug,2026
632,51328,S14,2,2,cvaeaug,2026
633,51392,S14,2,2,cvaeaug,2026
634,51456,S14,2,2,cvaeaug,2026
635,51520,S14,2,2,cvaeaug,2026
636,51584,S14,2,2,cvaeaug,2026
637,51648,S14,2,2,cvaeaug,2026
638,51712,S14,2,2,cvaeaug,2026
639,51776,S14,2,2,cvaeaug,2026
640,51840,S14,2,5,cvaeaug,2026
641,51904,S14,2,5,cvaeaug,2026
642,51968,S14,2,2,cvaeaug,2026
643,52032,S14,2,2,cvaeaug,2026
644,52096,S14,2,2,cvaeaug,2026
645,52160,S14,2,2,cvaeaug,2026
646,52224,S14,2,2,cvaeaug,2026
647,52288,S14,2,2,cvaeaug,2026
648,52352,S14,2,2,cvaeaug,2026
649,52416,S14,2,2,cvaeaug,2026
650,52480,S14,2,2,cvaeaug,2026
651,52544,S14,2,2,cvaeaug,2026
652,52608,S14,2,2,cvaeaug,2026
653,52672,S14,2,2,cvaeaug,2026
654,52736,S14,2,2,cvaeaug,2026
655,52800,S14,2,5,cvaeaug,2026
656,52864,S14,2,2,cvaeaug,2026
657,52928,S14,2,2,cvaeaug,2026
658,52992,S14,2,5,cvaeaug,2026
659,53056,S14,2,2,cvaeaug,2026
660,53120,S14,2,2,cvaeaug,2026
661,53184,S14,2,2,cvaeaug,2026
662,53248,S14,2,2,cvaeaug,2026
663,53312,S14,2,5,cvaeaug,2026
664,53376,S14,2,2,cvaeaug,2026
665,53440,S14,2,2,cvaeaug,2026
666,53504,S14,2,1,cvaeaug,2026
667,53568,S14,2,2,cvaeaug,2026
668,53632,S14,2,5,cvaeaug,2026
669,53696,S14,2,2,cvaeaug,2026
670,53760,S14,2,2,cvaeaug,2026
671,53824,S14,2,2,cvaeaug,2026
672,53888,S14,2,2,cvaeaug,2026
673,53952,S14,2,2,cvaeaug,2026
674,54016,S14,2,2,cvaeaug,2026
675,54080,S14,2,2,cvaeaug,2026
676,54144,S14,2,5,cvaeaug,2026
677,54208,S14,2,2,cvaeaug,2026
678,54272,S14,2,2,cvaeaug,2026
679,54336,S14,2,5,cvaeaug,2026
680,54400,S14,2,2,cvaeaug,2026
681,54464,S14,2,2,cvaeaug,2026
682,54528,S14,2,2,cvaeaug,2026
683,54592,S14,2,2,cvaeaug,2026
684,54656,S14,2,2,cvaeaug,2026
685,54720,S14,2,2,cvaeaug,2026
686,54784,S14,2,2,cvaeaug,2026
687,54848,S14,2,2,cvaeaug,2026
688,54912,S14,2,2,cvaeaug,2026
689,54976,S14,2,2,cvaeaug,2026
690,55040,S14,2,2,cvaeaug,2026
691,70720,S14,3,3,cvaeaug,2026
692,70784,S14,3,3,cvaeaug,2026
693,70848,S14,3,3,cvaeaug,2026
694,70912,S14,3,3,cvaeaug,2026
695,70976,S14,3,3,cvaeaug,2026
696,71040,S14,3,3,cvaeaug,2026
697,71104,S14,3,3,cvaeaug,2026
698,71168,S14,3,3,cvaeaug,2026
699,71232,S14,3,3,cvaeaug,2026
700,71296,S14,3,3,cvaeaug,2026
701,71360,S14,3,3,cvaeaug,2026
702,71424,S14,3,3,cvaeaug,2026
703,71488,S14,3,3,cvaeaug,2026
704,71552,S14,3,3,cvaeaug,2026
705,71616,S14,3,3,cvaeaug,2026
706,71680,S14,3,3,cvaeaug,2026
707,71744,S14,3,3,cvaeaug,2026
708,71808,S14,3,3,cvaeaug,2026
709,71872,S14,3,3,cvaeaug,2026
710,71936,S14,3,3,cvaeaug,2026
711,72000,S14,3,3,cvaeaug,2026
712,72064,S14,3,3,cvaeaug,2026
713,72128,S14,3,3,cvaeaug,2026
714,72192,S14,3,3,cvaeaug,2026
715,72256,S14,3,3,cvaeaug,2026
716,72320,S14,3,3,cvaeaug,2026
717,72384,S14,3,3,cvaeaug,2026
718,72448,S14,3,4,cvaeaug,2026
719,72512,S14,3,3,cvaeaug,2026
720,72576,S14,3,3,cvaeaug,2026
721,72640,S14,3,3,cvaeaug,2026
722,72704,S14,3,3,cvaeaug,2026
723,72768,S14,3,3,cvaeaug,2026
724,72832,S14,3,3,cvaeaug,2026
725,72896,S14,3,3,cvaeaug,2026
726,72960,S14,3,3,cvaeaug,2026
727,73024,S14,3,3,cvaeaug,2026
728,73088,S14,3,3,cvaeaug,2026
729,73152,S14,3,3,cvaeaug,2026
730,73216,S14,3,3,cvaeaug,2026
731,73280,S14,3,3,cvaeaug,2026
732,73344,S14,3,3,cvaeaug,2026
733,73408,S14,3,3,cvaeaug,2026
734,73472,S14,3,3,cvaeaug,2026
735,73536,S14,3,3,cvaeaug,2026
736,73600,S14,3,3,cvaeaug,2026
737,73664,S14,3,3,cvaeaug,2026
738,73728,S14,3,3,cvaeaug,2026
739,73792,S14,3,3,cvaeaug,2026
740,73856,S14,3,3,cvaeaug,2026
741,73920,S14,3,3,cvaeaug,2026
742,73984,S14,3,3,cvaeaug,2026
743,74048,S14,3,3,cvaeaug,2026
744,74112,S14,3,3,cvaeaug,2026
745,74176,S14,3,3,cvaeaug,2026
746,74240,S14,3,3,cvaeaug,2026
747,74304,S14,3,3,cvaeaug,2026
748,74368,S14,3,3,cvaeaug,2026
749,74432,S14,3,3,cvaeaug,2026
750,74496,S14,3,3,cvaeaug,2026
751,74560,S14,3,3,cvaeaug,2026
752,74624,S14,3,3,cvaeaug,2026
753,74688,S14,3,3,cvaeaug,2026
754,74752,S14,3,3,cvaeaug,2026
755,74816,S14,3,3,cvaeaug,2026
756,74880,S14,3,3,cvaeaug,2026
757,74944,S14,3,3,cvaeaug,2026
758,75008,S14,3,3,cvaeaug,2026
759,75072,S14,3,3,cvaeaug,2026
760,75136,S14,3,3,cvaeaug,2026
761,75200,S14,3,3,cvaeaug,2026
762,75264,S14,3,3,cvaeaug,2026
763,75328,S14,3,3,cvaeaug,2026
764,75392,S14,3,3,cvaeaug,2026
765,75456,S14,3,3,cvaeaug,2026
766,75520,S14,3,3,cvaeaug,2026
767,75584,S14,3,3,cvaeaug,2026
768,75648,S14,3,3,cvaeaug,2026
769,75712,S14,3,3,cvaeaug,2026
770,75776,S14,3,3,cvaeaug,2026
771,75840,S14,3,3,cvaeaug,2026
772,75904,S14,3,3,cvaeaug,2026
773,75968,S14,3,3,cvaeaug,2026
774,76032,S14,3,3,cvaeaug,2026
775,76096,S14,3,3,cvaeaug,2026
776,76160,S14,3,3,cvaeaug,2026
777,76224,S14,3,3,cvaeaug,2026
778,76288,S14,3,3,cvaeaug,2026
779,76352,S14,3,3,cvaeaug,2026
780,76416,S14,3,3,cvaeaug,2026
781,76480,S14,3,3,cvaeaug,2026
782,76544,S14,3,3,cvaeaug,2026
783,76608,S14,3,3,cvaeaug,2026
784,76672,S14,3,3,cvaeaug,2026
785,76736,S14,3,3,cvaeaug,2026
786,76800,S14,3,3,cvaeaug,2026
787,76864,S14,3,3,cvaeaug,2026
788,76928,S14,3,3,cvaeaug,2026
789,76992,S14,3,3,cvaeaug,2026
790,77056,S14,3,3,cvaeaug,2026
791,77120,S14,3,4,cvaeaug,2026
792,77184,S14,3,3,cvaeaug,2026
793,77248,S14,3,3,cvaeaug,2026
794,77312,S14,3,3,cvaeaug,2026
795,77376,S14,3,3,cvaeaug,2026
796,77440,S14,3,3,cvaeaug,2026
797,77504,S14,3,3,cvaeaug,2026
798,77568,S14,3,3,cvaeaug,2026
799,77632,S14,3,3,cvaeaug,2026
800,77696,S14,3,3,cvaeaug,2026
801,77760,S14,3,3,cvaeaug,2026
802,77824,S14,3,3,cvaeaug,2026
803,77888,S14,3,3,cvaeaug,2026
804,77952,S14,3,3,cvaeaug,2026
805,78016,S14,3,3,cvaeaug,2026
806,78080,S14,3,3,cvaeaug,2026
807,78144,S14,3,3,cvaeaug,2026
808,78208,S14,3,3,cvaeaug,2026
809,78272,S14,3,3,cvaeaug,2026
810,78336,S14,3,3,cvaeaug,2026
811,78400,S14,3,3,cvaeaug,2026
812,78464,S14,3,3,cvaeaug,2026
813,78528,S14,3,3,cvaeaug,2026
814,78592,S14,3,3,cvaeaug,2026
815,78656,S14,3,3,cvaeaug,2026
816,78720,S14,3,2,cvaeaug,2026
817,78784,S14,3,3,cvaeaug,2026
818,78848,S14,3,3,cvaeaug,2026
819,78912,S14,3,3,cvaeaug,2026
820,78976,S14,3,3,cvaeaug,2026
821,79040,S14,3,7,cvaeaug,2026
822,79104,S14,3,3,cvaeaug,2026
823,79168,S14,3,3,cvaeaug,2026
824,79232,S14,3,3,cvaeaug,2026
825,79296,S14,3,3,cvaeaug,2026
826,79360,S14,3,3,cvaeaug,2026
827,79424,S14,3,3,cvaeaug,2026
828,79488,S14,3,3,cvaeaug,2026
829,79552,S14,3,3,cvaeaug,2026
830,79616,S14,3,3,cvaeaug,2026
831,79680,S14,3,3,cvaeaug,2026
832,79744,S14,3,3,cvaeaug,2026
833,79808,S14,3,3,cvaeaug,2026
834,79872,S14,3,3,cvaeaug,2026
835,79936,S14,3,3,cvaeaug,2026
836,80000,S14,3,3,cvaeaug,2026
837,80064,S14,3,3,cvaeaug,2026
838,80128,S14,3,3,cvaeaug,2026
839,80192,S14,3,3,cvaeaug,2026
840,80256,S14,3,3,cvaeaug,2026
841,80320,S14,3,3,cvaeaug,2026
842,80384,S14,3,3,cvaeaug,2026
843,80448,S14,3,3,cvaeaug,2026
844,80512,S14,3,3,cvaeaug,2026
845,80576,S14,3,3,cvaeaug,2026
846,80640,S14,3,3,cvaeaug,2026
847,80704,S14,3,3,cvaeaug,2026
848,80768,S14,3,3,cvaeaug,2026
849,80832,S14,3,3,cvaeaug,2026
850,80896,S14,3,3,cvaeaug,2026
851,80960,S14,3,3,cvaeaug,2026
852,81024,S14,3,3,cvaeaug,2026
853,81088,S14,3,3,cvaeaug,2026
854,81152,S14,3,3,cvaeaug,2026
855,81216,S14,3,3,cvaeaug,2026
856,81280,S14,3,3,cvaeaug,2026
857,81344,S14,3,3,cvaeaug,2026
858,81408,S14,3,3,cvaeaug,2026
859,81472,S14,3,3,cvaeaug,2026
860,81536,S14,3,3,cvaeaug,2026
861,81600,S14,3,3,cvaeaug,2026
862,81664,S14,3,3,cvaeaug,2026
863,81728,S14,3,3,cvaeaug,2026
864,81792,S14,3,3,cvaeaug,2026
865,81856,S14,3,3,cvaeaug,2026
866,81920,S14,3,3,cvaeaug,2026
867,81984,S14,3,3,cvaeaug,2026
868,82048,S14,3,3,cvaeaug,2026
869,82112,S14,3,3,cvaeaug,2026
870,82176,S14,3,3,cvaeaug,2026
871,82240,S14,3,3,cvaeaug,2026
872,82304,S14,3,3,cvaeaug,2026
873,82368,S14,3,3,cvaeaug,2026
874,82432,S14,3,3,cvaeaug,2026
875,82496,S14,3,3,cvaeaug,2026
876,82560,S14,3,3,cvaeaug,2026
877,82624,S14,3,3,cvaeaug,2026
878,82688,S14,3,3,cvaeaug,2026
879,82752,S14,3,3,cvaeaug,2026
880,82816,S14,3,3,cvaeaug,2026
881,82880,S14,3,3,cvaeaug,2026
882,82944,S14,3,3,cvaeaug,2026
883,83008,S14,3,3,cvaeaug,2026
884,83072,S14,3,3,cvaeaug,2026
885,83136,S14,3,3,cvaeaug,2026
886,83200,S14,3,3,cvaeaug,2026
887,83264,S14,3,3,cvaeaug,2026
888,83328,S14,3,3,cvaeaug,2026
889,83392,S14,3,3,cvaeaug,2026
890,83456,S14,3,3,cvaeaug,2026
891,83520,S14,3,3,cvaeaug,2026
892,83584,S14,3,3,cvaeaug,2026
893,83648,S14,3,3,cvaeaug,2026
894,83712,S14,3,3,cvaeaug,2026
895,83776,S14,3,3,cvaeaug,2026
896,83840,S14,3,3,cvaeaug,2026
897,83904,S14,3,3,cvaeaug,2026
898,83968,S14,3,3,cvaeaug,2026
899,84032,S14,3,3,cvaeaug,2026
900,84096,S14,3,3,cvaeaug,2026
901,84160,S14,3,3,cvaeaug,2026
902,84224,S14,3,3,cvaeaug,2026
903,84288,S14,3,3,cvaeaug,2026
904,84352,S14,3,3,cvaeaug,2026
905,84416,S14,3,3,cvaeaug,2026
906,84480,S14,3,3,cvaeaug,2026
907,84544,S14,3,3,cvaeaug,2026
908,84608,S14,3,3,cvaeaug,2026
909,84672,S14,3,3,cvaeaug,2026
910,84736,S14,3,3,cvaeaug,2026
911,84800,S14,3,3,cvaeaug,2026
912,84864,S14,3,3,cvaeaug,2026
913,84928,S14,3,3,cvaeaug,2026
914,84992,S14,3,3,cvaeaug,2026
915,85056,S14,3,3,cvaeaug,2026
916,85120,S14,3,3,cvaeaug,2026
917,85184,S14,3,3,cvaeaug,2026
918,85248,S14,3,3,cvaeaug,2026
919,85312,S14,3,3,cvaeaug,2026
920,85376,S14,3,3,cvaeaug,2026
921,85440,S14,3,3,cvaeaug,2026
922,85504,S14,3,3,cvaeaug,2026
923,85568,S14,3,3,cvaeaug,2026
924,85632,S14,3,3,cvaeaug,2026
925,85696,S14,3,3,cvaeaug,2026
926,85760,S14,3,3,cvaeaug,2026
927,85824,S14,3,3,cvaeaug,2026
928,85888,S14,3,3,cvaeaug,2026
929,85952,S14,3,3,cvaeaug,2026
930,86016,S14,3,3,cvaeaug,2026
931,86080,S14,3,3,cvaeaug,2026
932,86144,S14,3,3,cvaeaug,2026
933,86208,S14,3,3,cvaeaug,2026
934,86272,S14,3,3,cvaeaug,2026
935,86336,S14,3,3,cvaeaug,2026
936,86400,S14,3,3,cvaeaug,2026
937,86464,S14,3,3,cvaeaug,2026
938,86528,S14,3,3,cvaeaug,2026
939,86592,S14,3,3,cvaeaug,2026
940,86656,S14,3,3,cvaeaug,2026
941,106944,S14,4,4,cvaeaug,2026
942,107008,S14,4,2,cvaeaug,2026
943,107072,S14,4,4,cvaeaug,2026
944,107136,S14,4,2,cvaeaug,2026
945,107200,S14,4,5,cvaeaug,2026
946,107264,S14,4,4,cvaeaug,2026
947,107328,S14,4,5,cvaeaug,2026
948,107392,S14,4,7,cvaeaug,2026
949,107456,S14,4,5,cvaeaug,2026
950,107520,S14,4,5,cvaeaug,2026
951,107584,S14,4,5,cvaeaug,2026
952,107648,S14,4,5,cvaeaug,2026
953,107712,S14,4,5,cvaeaug,2026
954,107776,S14,4,5,cvaeaug,2026
955,107840,S14,4,5,cvaeaug,2026
956,107904,S14,4,2,cvaeaug,2026
957,107968,S14,4,5,cvaeaug,2026
958,108032,S14,4,5,cvaeaug,2026
959,108096,S14,4,5,cvaeaug,2026
960,108160,S14,4,2,cvaeaug,2026
961,108224,S14,4,4,cvaeaug,2026
962,108288,S14,4,2,cvaeaug,2026
963,108352,S14,4,2,cvaeaug,2026
964,108416,S14,4,2,cvaeaug,2026
965,108480,S14,4,5,cvaeaug,2026
966,108544,S14,4,2,cvaeaug,2026
967,108608,S14,4,5,cvaeaug,2026
968,108672,S14,4,7,cvaeaug,2026
969,108736,S14,4,2,cvaeaug,2026
970,108800,S14,4,4,cvaeaug,2026
971,108864,S14,4,5,cvaeaug,2026
972,108928,S14,4,2,cvaeaug,2026
973,108992,S14,4,7,cvaeaug,2026
974,109056,S14,4,2,cvaeaug,2026
975,109120,S14,4,4,cvaeaug,2026
976,109184,S14,4,5,cvaeaug,2026
977,109248,S14,4,5,cvaeaug,2026
978,109312,S14,4,2,cvaeaug,2026
979,109376,S14,4,2,cvaeaug,2026
980,109440,S14,4,5,cvaeaug,2026
981,109504,S14,4,5,cvaeaug,2026
982,109568,S14,4,7,cvaeaug,2026
983,109632,S14,4,2,cvaeaug,2026
984,109696,S14,4,5,cvaeaug,2026
985,109760,S14,4,5,cvaeaug,2026
986,109824,S14,4,0,cvaeaug,2026
987,109888,S14,4,2,cvaeaug,2026
988,109952,S14,4,2,cvaeaug,2026
989,110016,S14,4,2,cvaeaug,2026
990,110080,S14,4,2,cvaeaug,2026
991,110144,S14,4,5,cvaeaug,2026
992,110208,S14,4,5,cvaeaug,2026
993,110272,S14,4,2,cvaeaug,2026
994,110336,S14,4,2,cvaeaug,2026
995,110400,S14,4,5,cvaeaug,2026
996,110464,S14,4,7,cvaeaug,2026
997,110528,S14,4,2,cvaeaug,2026
998,110592,S14,4,2,cvaeaug,2026
999,110656,S14,4,4,cvaeaug,2026
1000,110720,S14,4,5,cvaeaug,2026
1001,110784,S14,4,2,cvaeaug,2026
1002,110848,S14,4,4,cvaeaug,2026
1003,110912,S14,4,5,cvaeaug,2026
1004,110976,S14,4,7,cvaeaug,2026
1005,111040,S14,4,5,cvaeaug,2026
1006,111104,S14,4,7,cvaeaug,2026
1007,111168,S14,4,5,cvaeaug,2026
1008,111232,S14,4,2,cvaeaug,2026
1009,111296,S14,4,7,cvaeaug,2026
1010,111360,S14,4,5,cvaeaug,2026
1011,111424,S14,4,5,cvaeaug,2026
1012,111488,S14,4,7,cvaeaug,2026
1013,111552,S14,4,5,cvaeaug,2026
1014,111616,S14,4,5,cvaeaug,2026
1015,111680,S14,4,2,cvaeaug,2026
1016,111744,S14,4,2,cvaeaug,2026
1017,111808,S14,4,2,cvaeaug,2026
1018,111872,S14,4,5,cvaeaug,2026
1019,111936,S14,4,2,cvaeaug,2026
1020,112000,S14,4,2,cvaeaug,2026
1021,112064,S14,4,5,cvaeaug,2026
1022,112128,S14,4,2,cvaeaug,2026
1023,112192,S14,4,5,cvaeaug,2026
1024,112256,S14,4,5,cvaeaug,2026
1025,112320,S14,4,5,cvaeaug,2026
1026,112384,S14,4,7,cvaeaug,2026
1027,112448,S14,4,5,cvaeaug,2026
1028,112512,S14,4,2,cvaeaug,2026
1029,112576,S14,4,5,cvaeaug,2026
1030,112640,S14,4,5,cvaeaug,2026
1031,112704,S14,4,7,cvaeaug,2026
1032,112768,S14,4,2,cvaeaug,2026
1033,112832,S14,4,5,cvaeaug,2026
1034,112896,S14,4,5,cvaeaug,2026
1035,112960,S14,4,5,cvaeaug,2026
1036,113024,S14,4,2,cvaeaug,2026
1037,113088,S14,4,5,cvaeaug,2026
1038,113152,S14,4,7,cvaeaug,2026
1039,113216,S14,4,4,cvaeaug,2026
1040,113280,S14,4,7,cvaeaug,2026
1041,113344,S14,4,2,cvaeaug,2026
1042,113408,S14,4,5,cvaeaug,2026
1043,113472,S14,4,5,cvaeaug,2026
1044,113536,S14,4,5,cvaeaug,2026
1045,113600,S14,4,5,cvaeaug,2026
1046,113664,S14,4,4,cvaeaug,2026
1047,113728,S14,4,2,cvaeaug,2026
1048,113792,S14,4,2,cvaeaug,2026
1049,113856,S14,4,2,cvaeaug,2026
1050,113920,S14,4,5,cvaeaug,2026
1051,113984,S14,4,5,cvaeaug,2026
1052,114048,S14,4,2,cvaeaug,2026
1053,114112,S14,4,4,cvaeaug,2026
1054,114176,S14,4,2,cvaeaug,2026
1055,114240,S14,4,5,cvaeaug,2026
1056,114304,S14,4,5,cvaeaug,2026
1057,114368,S14,4,2,cvaeaug,2026
1058,114432,S14,4,4,cvaeaug,2026
1059,114496,S14,4,5,cvaeaug,2026
1060,114560,S14,4,2,cvaeaug,2026
1061,114624,S14,4,2,cvaeaug,2026
1062,114688,S14,4,4,cvaeaug,2026
1063,114752,S14,4,4,cvaeaug,2026
1064,114816,S14,4,2,cvaeaug,2026
1065,114880,S14,4,5,cvaeaug,2026
1066,114944,S14,4,2,cvaeaug,2026
1067,115008,S14,4,5,cvaeaug,2026
1068,115072,S14,4,5,cvaeaug,2026
1069,115136,S14,4,7,cvaeaug,2026
1070,115200,S14,4,5,cvaeaug,2026
1071,115264,S14,4,5,cvaeaug,2026
1072,115328,S14,4,5,cvaeaug,2026
1073,115392,S14,4,4,cvaeaug,2026
1074,115456,S14,4,5,cvaeaug,2026
1075,115520,S14,4,5,cvaeaug,2026
1076,115584,S14,4,2,cvaeaug,2026
1077,115648,S14,4,2,cvaeaug,2026
1078,115712,S14,4,4,cvaeaug,2026
1079,115776,S14,4,4,cvaeaug,2026
1080,115840,S14,4,2,cvaeaug,2026
1081,115904,S14,4,5,cvaeaug,2026
1082,115968,S14,4,5,cvaeaug,2026
1083,116032,S14,4,5,cvaeaug,2026
1084,116096,S14,4,4,cvaeaug,2026
1085,116160,S14,4,5,cvaeaug,2026
1086,116224,S14,4,2,cvaeaug,2026
1087,116288,S14,4,1,cvaeaug,2026
1088,116352,S14,4,4,cvaeaug,2026
1089,116416,S14,4,5,cvaeaug,2026
1090,116480,S14,4,5,cvaeaug,2026
1091,116544,S14,4,2,cvaeaug,2026
1092,116608,S14,4,5,cvaeaug,2026
1093,116672,S14,4,4,cvaeaug,2026
1094,116736,S14,4,5,cvaeaug,2026
1095,116800,S14,4,2,cvaeaug,2026
1096,116864,S14,4,5,cvaeaug,2026
1097,116928,S14,4,4,cvaeaug,2026
1098,116992,S14,4,2,cvaeaug,2026
1099,117056,S14,4,7,cvaeaug,2026
1100,117120,S14,4,4,cvaeaug,2026
1101,117184,S14,4,5,cvaeaug,2026
1102,117248,S14,4,2,cvaeaug,2026
1103,117312,S14,4,2,cvaeaug,2026
1104,117376,S14,4,2,cvaeaug,2026
1105,117440,S14,4,4,cvaeaug,2026
1106,117504,S14,4,2,cvaeaug,2026
1107,117568,S14,4,2,cvaeaug,2026
1108,117632,S14,4,0,cvaeaug,2026
1109,117696,S14,4,5,cvaeaug,2026
1110,117760,S14,4,5,cvaeaug,2026
1111,117824,S14,4,2,cvaeaug,2026
1112,117888,S14,4,2,cvaeaug,2026
1113,117952,S14,4,2,cvaeaug,2026
1114,118016,S14,4,5,cvaeaug,2026
1115,118080,S14,4,2,cvaeaug,2026
1116,118144,S14,4,2,cvaeaug,2026
1117,118208,S14,4,7,cvaeaug,2026
1118,118272,S14,4,2,cvaeaug,2026
1119,118336,S14,4,7,cvaeaug,2026
1120,118400,S14,4,5,cvaeaug,2026
1121,118464,S14,4,2,cvaeaug,2026
1122,118528,S14,4,5,cvaeaug,2026
1123,118592,S14,4,2,cvaeaug,2026
1124,118656,S14,4,5,cvaeaug,2026
1125,118720,S14,4,5,cvaeaug,2026
1126,118784,S14,4,2,cvaeaug,2026
1127,118848,S14,4,2,cvaeaug,2026
1128,118912,S14,4,2,cvaeaug,2026
1129,118976,S14,4,5,cvaeaug,2026
1130,119040,S14,4,5,cvaeaug,2026
1131,119104,S14,4,4,cvaeaug,2026
1132,119168,S14,4,5,cvaeaug,2026
1133,119232,S14,4,7,cvaeaug,2026
1134,119296,S14,4,4,cvaeaug,2026
1135,119360,S14,4,4,cvaeaug,2026
1136,119424,S14,4,2,cvaeaug,2026
1137,119488,S14,4,4,cvaeaug,2026
1138,119552,S14,4,7,cvaeaug,2026
1139,119616,S14,4,4,cvaeaug,2026
1140,119680,S14,4,2,cvaeaug,2026
1141,119744,S14,4,5,cvaeaug,2026
1142,119808,S14,4,2,cvaeaug,2026
1143,119872,S14,4,5,cvaeaug,2026
1144,119936,S14,4,5,cvaeaug,2026
1145,120000,S14,4,5,cvaeaug,2026
1146,120064,S14,4,2,cvaeaug,2026
1147,120128,S14,4,5,cvaeaug,2026
1148,120192,S14,4,7,cvaeaug,2026
1149,120256,S14,4,4,cvaeaug,2026
1150,120320,S14,4,2,cvaeaug,2026
1151,120384,S14,4,2,cvaeaug,2026
1152,120448,S14,4,5,cvaeaug,2026
1153,120512,S14,4,2,cvaeaug,2026
1154,120576,S14,4,7,cvaeaug,2026
1155,120640,S14,4,7,cvaeaug,2026
1156,120704,S14,4,5,cvaeaug,2026
1157,120768,S14,4,4,cvaeaug,2026
1158,120832,S14,4,2,cvaeaug,2026
1159,120896,S14,4,2,cvaeaug,2026
1160,120960,S14,4,5,cvaeaug,2026
1161,121024,S14,4,2,cvaeaug,2026
1162,121088,S14,4,5,cvaeaug,2026
1163,121152,S14,4,5,cvaeaug,2026
1164,121216,S14,4,5,cvaeaug,2026
1165,121280,S14,4,2,cvaeaug,2026
1166,121344,S14,4,5,cvaeaug,2026
1167,121408,S14,4,5,cvaeaug,2026
1168,121472,S14,4,2,cvaeaug,2026
1169,121536,S14,4,5,cvaeaug,2026
1170,121600,S14,4,5,cvaeaug,2026
1171,121664,S14,4,5,cvaeaug,2026
1172,121728,S14,4,2,cvaeaug,2026
1173,121792,S14,4,5,cvaeaug,2026
1174,121856,S14,4,5,cvaeaug,2026
1175,121920,S14,4,2,cvaeaug,2026
1176,121984,S14,4,4,cvaeaug,2026
1177,122048,S14,4,2,cvaeaug,2026
1178,122112,S14,4,2,cvaeaug,2026
1179,122176,S14,4,5,cvaeaug,2026
1180,122240,S14,4,2,cvaeaug,2026
1181,122304,S14,4,2,cvaeaug,2026
1182,122368,S14,4,5,cvaeaug,2026
1183,122432,S14,4,5,cvaeaug,2026
1184,122496,S14,4,2,cvaeaug,2026
1185,122560,S14,4,2,cvaeaug,2026
1186,122624,S14,4,2,cvaeaug,2026
1187,122688,S14,4,4,cvaeaug,2026
1188,122752,S14,4,5,cvaeaug,2026
1189,122816,S14,4,7,cvaeaug,2026
1190,122880,S14,4,2,cvaeaug,2026
1191,122944,S14,4,2,cvaeaug,2026
1192,123008,S14,4,5,cvaeaug,2026
1193,123072,S14,4,7,cvaeaug,2026
1194,123136,S14,4,5,cvaeaug,2026
1195,123200,S14,4,2,cvaeaug,2026
1196,123264,S14,4,2,cvaeaug,2026
1197,123328,S14,4,7,cvaeaug,2026
1198,123392,S14,4,5,cvaeaug,2026
1199,123456,S14,4,2,cvaeaug,2026
1200,123520,S14,4,4,cvaeaug,2026
1201,123584,S14,4,5,cvaeaug,2026
1202,123648,S14,4,2,cvaeaug,2026
1203,123712,S14,4,7,cvaeaug,2026
1204,123776,S14,4,5,cvaeaug,2026
1205,123840,S14,4,2,cvaeaug,2026
1206,123904,S14,4,2,cvaeaug,2026
1207,123968,S14,4,5,cvaeaug,2026
1208,124032,S14,4,4,cvaeaug,2026
1209,124096,S14,4,4,cvaeaug,2026
1210,124160,S14,4,4,cvaeaug,2026
1211,124224,S14,4,4,cvaeaug,2026
1212,124288,S14,4,7,cvaeaug,2026
1213,124352,S14,4,2,cvaeaug,2026
1214,124416,S14,4,5,cvaeaug,2026
1215,124480,S14,4,5,cvaeaug,2026
1216,124544,S14,4,2,cvaeaug,2026
1217,124608,S14,4,4,cvaeaug,2026
1218,124672,S14,4,5,cvaeaug,2026
1219,124736,S14,4,2,cvaeaug,2026
1220,124800,S14,4,4,cvaeaug,2026
1221,124864,S14,4,4,cvaeaug,2026
1222,124928,S14,4,2,cvaeaug,2026
1223,124992,S14,4,5,cvaeaug,2026
1224,125056,S14,4,7,cvaeaug,2026
1225,125120,S14,4,5,cvaeaug,2026
1226,125184,S14,4,2,cvaeaug,2026
1227,125248,S14,4,7,cvaeaug,2026
1228,125312,S14,4,5,cvaeaug,2026
1229,125376,S14,4,5,cvaeaug,2026
1230,125440,S14,4,5,cvaeaug,2026
1231,125504,S14,4,2,cvaeaug,2026
1232,125568,S14,4,2,cvaeaug,2026
1233,125632,S14,4,2,cvaeaug,2026
1234,125696,S14,4,5,cvaeaug,2026
1235,125760,S14,4,5,cvaeaug,2026
1236,125824,S14,4,2,cvaeaug,2026
1237,125888,S14,4,5,cvaeaug,2026
1238,125952,S14,4,5,cvaeaug,2026
1239,126016,S14,4,7,cvaeaug,2026
1240,126080,S14,4,2,cvaeaug,2026
1241,126144,S14,4,7,cvaeaug,2026
1242,126208,S14,4,7,cvaeaug,2026
1243,126272,S14,4,2,cvaeaug,2026
1244,126336,S14,4,5,cvaeaug,2026
1245,126400,S14,4,5,cvaeaug,2026
1246,126464,S14,4,2,cvaeaug,2026
1247,126528,S14,4,5,cvaeaug,2026
1248,126592,S14,4,5,cvaeaug,2026
1249,126656,S14,4,2,cvaeaug,2026
1250,126720,S14,4,5,cvaeaug,2026
1251,126784,S14,4,4,cvaeaug,2026
1252,126848,S14,4,2,cvaeaug,2026
1253,126912,S14,4,2,cvaeaug,2026
1254,126976,S14,4,2,cvaeaug,2026
1255,127040,S14,4,0,cvaeaug,2026
1256,127104,S14,4,2,cvaeaug,2026
1257,127168,S14,4,7,cvaeaug,2026
1258,127232,S14,4,5,cvaeaug,2026
1259,127296,S14,4,2,cvaeaug,2026
1260,127360,S14,4,5,cvaeaug,2026
1261,127424,S14,4,7,cvaeaug,2026
1262,127488,S14,4,7,cvaeaug,2026
1263,127552,S14,4,5,cvaeaug,2026
1264,127616,S14,4,5,cvaeaug,2026
1265,127680,S14,4,7,cvaeaug,2026
1266,127744,S14,4,2,cvaeaug,2026
1267,127808,S14,4,2,cvaeaug,2026
1268,127872,S14,4,5,cvaeaug,2026
1269,127936,S14,4,5,cvaeaug,2026
1270,128000,S14,4,2,cvaeaug,2026
1271,128064,S14,4,5,cvaeaug,2026
1272,128128,S14,4,7,cvaeaug,2026
1273,128192,S14,4,5,cvaeaug,2026
1274,128256,S14,4,7,cvaeaug,2026
1275,128320,S14,4,2,cvaeaug,2026
1276,128384,S14,4,2,cvaeaug,2026
1277,128448,S14,4,7,cvaeaug,2026
1278,128512,S14,4,2,cvaeaug,2026
1279,128576,S14,4,7,cvaeaug,2026
1280,128640,S14,4,2,cvaeaug,2026
1281,128704,S14,4,2,cvaeaug,2026
1282,128768,S14,4,5,cvaeaug,2026
1283,128832,S14,4,2,cvaeaug,2026
1284,128896,S14,4,5,cvaeaug,2026
1285,128960,S14,4,2,cvaeaug,2026
1286,129024,S14,4,5,cvaeaug,2026
1287,129088,S14,4,5,cvaeaug,2026
1288,129152,S14,4,7,cvaeaug,2026
1289,129216,S14,4,5,cvaeaug,2026
1290,129280,S14,4,2,cvaeaug,2026
1291,129344,S14,4,5,cvaeaug,2026
1292,129408,S14,4,5,cvaeaug,2026
1293,129472,S14,4,5,cvaeaug,2026
1294,129536,S14,4,2,cvaeaug,2026
1295,129600,S14,4,5,cvaeaug,2026
1296,129664,S14,4,2,cvaeaug,2026
1297,129728,S14,4,5,cvaeaug,2026
1298,129792,S14,4,5,cvaeaug,2026
1299,129856,S14,4,2,cvaeaug,2026
1300,129920,S14,4,7,cvaeaug,2026
1301,129984,S14,4,5,cvaeaug,2026
1302,130048,S14,4,5,cvaeaug,2026
1303,130112,S14,4,5,cvaeaug,2026
1304,130176,S14,4,5,cvaeaug,2026
1305,130240,S14,4,5,cvaeaug,2026
1306,130304,S14,4,5,cvaeaug,2026
1307,130368,S14,4,5,cvaeaug,2026
1308,130432,S14,4,5,cvaeaug,2026
1309,130496,S14,4,2,cvaeaug,2026
1310,130560,S14,4,4,cvaeaug,2026
1311,130624,S14,4,5,cvaeaug,2026
1312,130688,S14,4,7,cvaeaug,2026
1313,130752,S14,4,5,cvaeaug,2026
1314,130816,S14,4,4,cvaeaug,2026
1315,130880,S14,4,5,cvaeaug,2026
1316,130944,S14,4,5,cvaeaug,2026
1317,131008,S14,4,2,cvaeaug,2026
1318,131072,S14,4,4,cvaeaug,2026
1319,131136,S14,4,4,cvaeaug,2026
1320,131200,S14,4,2,cvaeaug,2026
1321,131264,S14,4,5,cvaeaug,2026
1322,131328,S14,4,5,cvaeaug,2026
1323,131392,S14,4,2,cvaeaug,2026
1324,131456,S14,4,5,cvaeaug,2026
1325,131520,S14,4,5,cvaeaug,2026
1326,131584,S14,4,7,cvaeaug,2026
1327,131648,S14,4,5,cvaeaug,2026
1328,131712,S14,4,5,cvaeaug,2026
1329,131776,S14,4,2,cvaeaug,2026
1330,131840,S14,4,7,cvaeaug,2026
1331,131904,S14,4,5,cvaeaug,2026
1332,131968,S14,4,2,cvaeaug,2026
1333,132032,S14,4,5,cvaeaug,2026
1334,132096,S14,4,2,cvaeaug,2026
1335,132160,S14,4,7,cvaeaug,2026
1336,132224,S14,4,2,cvaeaug,2026
1337,132288,S14,4,2,cvaeaug,2026
1338,132352,S14,4,2,cvaeaug,2026
1339,132416,S14,4,2,cvaeaug,2026
1340,132480,S14,4,5,cvaeaug,2026
1341,132544,S14,4,5,cvaeaug,2026
1342,132608,S14,4,5,cvaeaug,2026
1343,132672,S14,4,2,cvaeaug,2026
1344,132736,S14,4,2,cvaeaug,2026
1345,132800,S14,4,5,cvaeaug,2026
1346,132864,S14,4,2,cvaeaug,2026
1347,132928,S14,4,5,cvaeaug,2026
1348,132992,S14,4,5,cvaeaug,2026
1349,133056,S14,4,0,cvaeaug,2026
1350,133120,S14,4,7,cvaeaug,2026
1351,133184,S14,4,5,cvaeaug,2026
1352,133248,S14,4,5,cvaeaug,2026
1353,133312,S14,4,7,cvaeaug,2026
1354,133376,S14,4,5,cvaeaug,2026
1355,133440,S14,4,4,cvaeaug,2026
1356,133504,S14,4,5,cvaeaug,2026
1357,133568,S14,4,4,cvaeaug,2026
1358,133632,S14,4,2,cvaeaug,2026
1359,133696,S14,4,5,cvaeaug,2026
1360,133760,S14,4,5,cvaeaug,2026
1361,133824,S14,4,2,cvaeaug,2026
1362,133888,S14,4,5,cvaeaug,2026
1363,133952,S14,4,5,cvaeaug,2026
1364,134016,S14,4,5,cvaeaug,2026
1365,134080,S14,4,7,cvaeaug,2026
1366,134144,S14,4,2,cvaeaug,2026
1367,134208,S14,4,4,cvaeaug,2026
1368,134272,S14,4,5,cvaeaug,2026
1369,134336,S14,4,5,cvaeaug,2026
1370,134400,S14,4,5,cvaeaug,2026
1371,134464,S14,4,2,cvaeaug,2026
1372,134528,S14,4,2,cvaeaug,2026
1373,134592,S14,4,2,cvaeaug,2026
1374,134656,S14,4,2,cvaeaug,2026
1375,134720,S14,4,5,cvaeaug,2026
1376,134784,S14,4,2,cvaeaug,2026
1377,134848,S14,4,2,cvaeaug,2026
1378,134912,S14,4,2,cvaeaug,2026
1379,134976,S14,4,2,cvaeaug,2026
1380,135040,S14,4,5,cvaeaug,2026
1381,135104,S14,4,2,cvaeaug,2026
1382,135168,S14,4,4,cvaeaug,2026
1383,135232,S14,4,2,cvaeaug,2026
1384,135296,S14,4,5,cvaeaug,2026
1385,135360,S14,4,5,cvaeaug,2026
1386,135424,S14,4,4,cvaeaug,2026
1387,135488,S14,4,5,cvaeaug,2026
1388,135552,S14,4,2,cvaeaug,2026
1389,135616,S14,4,5,cvaeaug,2026
1390,135680,S14,4,5,cvaeaug,2026
1391,135744,S14,4,5,cvaeaug,2026
1392,135808,S14,4,7,cvaeaug,2026
1393,135872,S14,4,5,cvaeaug,2026
1394,135936,S14,4,2,cvaeaug,2026
1395,136000,S14,4,5,cvaeaug,2026
1396,136064,S14,4,5,cvaeaug,2026
1397,136128,S14,4,5,cvaeaug,2026
1398,136192,S14,4,7,cvaeaug,2026
1399,136256,S14,4,5,cvaeaug,2026
1400,136320,S14,4,2,cvaeaug,2026
1401,136384,S14,4,5,cvaeaug,2026
1402,136448,S14,4,5,cvaeaug,2026
1403,136512,S14,4,4,cvaeaug,2026
1404,136576,S14,4,5,cvaeaug,2026
1405,136640,S14,4,2,cvaeaug,2026
1406,136704,S14,4,5,cvaeaug,2026
1407,136768,S14,4,5,cvaeaug,2026
1408,136832,S14,4,2,cvaeaug,2026
1409,136896,S14,4,2,cvaeaug,2026
1410,136960,S14,4,5,cvaeaug,2026
1411,137024,S14,4,5,cvaeaug,2026
1412,137088,S14,4,2,cvaeaug,2026
1413,137152,S14,4,4,cvaeaug,2026
1414,137216,S14,4,2,cvaeaug,2026
1415,137280,S14,4,5,cvaeaug,2026
1416,151488,S14,5,5,cvaeaug,2026
1417,151552,S14,5,5,cvaeaug,2026
1418,151616,S14,5,5,cvaeaug,2026
1419,151680,S14,5,0,cvaeaug,2026
1420,151744,S14,5,5,cvaeaug,2026
1421,151808,S14,5,2,cvaeaug,2026
1422,151872,S14,5,2,cvaeaug,2026
1423,151936,S14,5,7,cvaeaug,2026
1424,152000,S14,5,7,cvaeaug,2026
1425,152064,S14,5,5,cvaeaug,2026
1426,152128,S14,5,5,cvaeaug,2026
1427,152192,S14,5,2,cvaeaug,2026
1428,152256,S14,5,2,cvaeaug,2026
1429,152320,S14,5,5,cvaeaug,2026
1430,152384,S14,5,5,cvaeaug,2026
1431,152448,S14,5,2,cvaeaug,2026
1432,152512,S14,5,2,cvaeaug,2026
1433,152576,S14,5,5,cvaeaug,2026
1434,152640,S14,5,5,cvaeaug,2026
1435,152704,S14,5,5,cvaeaug,2026
1436,152768,S14,5,5,cvaeaug,2026
1437,152832,S14,5,2,cvaeaug,2026
1438,152896,S14,5,5,cvaeaug,2026
1439,152960,S14,5,5,cvaeaug,2026
1440,153024,S14,5,2,cvaeaug,2026
1441,153088,S14,5,2,cvaeaug,2026
1442,153152,S14,5,2,cvaeaug,2026
1443,153216,S14,5,5,cvaeaug,2026
1444,153280,S14,5,2,cvaeaug,2026
1445,153344,S14,5,2,cvaeaug,2026
1446,153408,S14,5,5,cvaeaug,2026
1447,153472,S14,5,2,cvaeaug,2026
1448,153536,S14,5,5,cvaeaug,2026
1449,153600,S14,5,2,cvaeaug,2026
1450,153664,S14,5,2,cvaeaug,2026
1451,153728,S14,5,7,cvaeaug,2026
1452,153792,S14,5,2,cvaeaug,2026
1453,153856,S14,5,0,cvaeaug,2026
1454,153920,S14,5,7,cvaeaug,2026
1455,153984,S14,5,5,cvaeaug,2026
1456,154048,S14,5,5,cvaeaug,2026
1457,154112,S14,5,0,cvaeaug,2026
1458,154176,S14,5,5,cvaeaug,2026
1459,154240,S14,5,2,cvaeaug,2026
1460,154304,S14,5,5,cvaeaug,2026
1461,154368,S14,5,2,cvaeaug,2026
1462,154432,S14,5,2,cvaeaug,2026
1463,154496,S14,5,4,cvaeaug,2026
1464,154560,S14,5,2,cvaeaug,2026
1465,154624,S14,5,5,cvaeaug,2026
1466,154688,S14,5,2,cvaeaug,2026
1467,154752,S14,5,2,cvaeaug,2026
1468,154816,S14,5,4,cvaeaug,2026
1469,154880,S14,5,5,cvaeaug,2026
1470,154944,S14,5,5,cvaeaug,2026
1471,155008,S14,5,2,cvaeaug,2026
1472,155072,S14,5,5,cvaeaug,2026
1473,155136,S14,5,5,cvaeaug,2026
1474,155200,S14,5,2,cvaeaug,2026
1475,155264,S14,5,7,cvaeaug,2026
1476,155328,S14,5,4,cvaeaug,2026
1477,155392,S14,5,5,cvaeaug,2026
1478,155456,S14,5,7,cvaeaug,2026
1479,155520,S14,5,5,cvaeaug,2026
1480,155584,S14,5,5,cvaeaug,2026
1481,155648,S14,5,0,cvaeaug,2026
1482,155712,S14,5,2,cvaeaug,2026
1483,155776,S14,5,5,cvaeaug,2026
1484,155840,S14,5,2,cvaeaug,2026
1485,155904,S14,5,2,cvaeaug,2026
1486,155968,S14,5,2,cvaeaug,2026
1487,156032,S14,5,2,cvaeaug,2026
1488,156096,S14,5,5,cvaeaug,2026
1489,156160,S14,5,5,cvaeaug,2026
1490,156224,S14,5,5,cvaeaug,2026
1491,156288,S14,5,2,cvaeaug,2026
1492,156352,S14,5,5,cvaeaug,2026
1493,156416,S14,5,2,cvaeaug,2026
1494,156480,S14,5,2,cvaeaug,2026
1495,156544,S14,5,2,cvaeaug,2026
1496,156608,S14,5,5,cvaeaug,2026
1497,156672,S14,5,5,cvaeaug,2026
1498,156736,S14,5,2,cvaeaug,2026
1499,156800,S14,5,7,cvaeaug,2026
1500,156864,S14,5,2,cvaeaug,2026
1501,156928,S14,5,2,cvaeaug,2026
1502,156992,S14,5,2,cvaeaug,2026
1503,157056,S14,5,2,cvaeaug,2026
1504,157120,S14,5,5,cvaeaug,2026
1505,157184,S14,5,5,cvaeaug,2026
1506,157248,S14,5,2,cvaeaug,2026
1507,157312,S14,5,2,cvaeaug,2026
1508,157376,S14,5,5,cvaeaug,2026
1509,157440,S14,5,0,cvaeaug,2026
1510,157504,S14,5,2,cvaeaug,2026
1511,157568,S14,5,7,cvaeaug,2026
1512,157632,S14,5,5,cvaeaug,2026
1513,157696,S14,5,2,cvaeaug,2026
1514,157760,S14,5,2,cvaeaug,2026
1515,157824,S14,5,2,cvaeaug,2026
1516,157888,S14,5,5,cvaeaug,2026
1517,157952,S14,5,2,cvaeaug,2026
1518,158016,S14,5,2,cvaeaug,2026
1519,158080,S14,5,2,cvaeaug,2026
1520,158144,S14,5,0,cvaeaug,2026
1521,158208,S14,5,2,cvaeaug,2026
1522,158272,S14,5,5,cvaeaug,2026
1523,158336,S14,5,2,cvaeaug,2026
1524,158400,S14,5,5,cvaeaug,2026
1525,158464,S14,5,5,cvaeaug,2026
1526,158528,S14,5,2,cvaeaug,2026
1527,158592,S14,5,2,cvaeaug,2026
1528,158656,S14,5,2,cvaeaug,2026
1529,158720,S14,5,5,cvaeaug,2026
1530,158784,S14,5,2,cvaeaug,2026
1531,158848,S14,5,2,cvaeaug,2026
1532,158912,S14,5,5,cvaeaug,2026
1533,158976,S14,5,0,cvaeaug,2026
1534,159040,S14,5,2,cvaeaug,2026
1535,159104,S14,5,5,cvaeaug,2026
1536,159168,S14,5,5,cvaeaug,2026
1537,159232,S14,5,5,cvaeaug,2026
1538,159296,S14,5,2,cvaeaug,2026
1539,159360,S14,5,2,cvaeaug,2026
1540,159424,S14,5,2,cvaeaug,2026
1541,159488,S14,5,5,cvaeaug,2026
1542,159552,S14,5,5,cvaeaug,2026
1543,159616,S14,5,2,cvaeaug,2026
1544,159680,S14,5,5,cvaeaug,2026
1545,159744,S14,5,2,cvaeaug,2026
1546,159808,S14,5,2,cvaeaug,2026
1547,159872,S14,5,5,cvaeaug,2026
1548,159936,S14,5,2,cvaeaug,2026
1549,160000,S14,5,2,cvaeaug,2026
1550,160064,S14,5,2,cvaeaug,2026
1551,160128,S14,5,5,cvaeaug,2026
1552,160192,S14,5,4,cvaeaug,2026
1553,160256,S14,5,5,cvaeaug,2026
1554,160320,S14,5,2,cvaeaug,2026
1555,160384,S14,5,5,cvaeaug,2026
1556,160448,S14,5,2,cvaeaug,2026
1557,160512,S14,5,5,cvaeaug,2026
1558,160576,S14,5,2,cvaeaug,2026
1559,160640,S14,5,5,cvaeaug,2026
1560,160704,S14,5,2,cvaeaug,2026
1561,160768,S14,5,2,cvaeaug,2026
1562,160832,S14,5,5,cvaeaug,2026
1563,160896,S14,5,7,cvaeaug,2026
1564,160960,S14,5,2,cvaeaug,2026
1565,161024,S14,5,2,cvaeaug,2026
1566,161088,S14,5,2,cvaeaug,2026
1567,161152,S14,5,2,cvaeaug,2026
1568,161216,S14,5,5,cvaeaug,2026
1569,161280,S14,5,5,cvaeaug,2026
1570,161344,S14,5,2,cvaeaug,2026
1571,161408,S14,5,1,cvaeaug,2026
1572,161472,S14,5,2,cvaeaug,2026
1573,161536,S14,5,2,cvaeaug,2026
1574,161600,S14,5,2,cvaeaug,2026
1575,161664,S14,5,5,cvaeaug,2026
1576,161728,S14,5,4,cvaeaug,2026
1577,161792,S14,5,5,cvaeaug,2026
1578,161856,S14,5,2,cvaeaug,2026
1579,161920,S14,5,2,cvaeaug,2026
1580,161984,S14,5,2,cvaeaug,2026
1581,162048,S14,5,5,cvaeaug,2026
1582,162112,S14,5,5,cvaeaug,2026
1583,162176,S14,5,5,cvaeaug,2026
1584,162240,S14,5,2,cvaeaug,2026
1585,162304,S14,5,2,cvaeaug,2026
1586,162368,S14,5,5,cvaeaug,2026
1587,162432,S14,5,2,cvaeaug,2026
1588,162496,S14,5,5,cvaeaug,2026
1589,162560,S14,5,5,cvaeaug,2026
1590,162624,S14,5,2,cvaeaug,2026
1591,162688,S14,5,5,cvaeaug,2026
1592,162752,S14,5,2,cvaeaug,2026
1593,162816,S14,5,0,cvaeaug,2026
1594,162880,S14,5,2,cvaeaug,2026
1595,162944,S14,5,7,cvaeaug,2026
1596,163008,S14,5,2,cvaeaug,2026
1597,163072,S14,5,2,cvaeaug,2026
1598,163136,S14,5,2,cvaeaug,2026
1599,163200,S14,5,2,cvaeaug,2026
1600,163264,S14,5,2,cvaeaug,2026
1601,163328,S14,5,4,cvaeaug,2026
1602,163392,S14,5,5,cvaeaug,2026
1603,163456,S14,5,5,cvaeaug,2026
1604,163520,S14,5,5,cvaeaug,2026
1605,163584,S14,5,2,cvaeaug,2026
1606,163648,S14,5,5,cvaeaug,2026
1607,163712,S14,5,2,cvaeaug,2026
1608,163776,S14,5,5,cvaeaug,2026
1609,163840,S14,5,2,cvaeaug,2026
1610,163904,S14,5,2,cvaeaug,2026
1611,163968,S14,5,5,cvaeaug,2026
1612,164032,S14,5,4,cvaeaug,2026
1613,164096,S14,5,2,cvaeaug,2026
1614,164160,S14,5,2,cvaeaug,2026
1615,164224,S14,5,0,cvaeaug,2026
1616,164288,S14,5,5,cvaeaug,2026
1617,164352,S14,5,2,cvaeaug,2026
1618,164416,S14,5,5,cvaeaug,2026
1619,164480,S14,5,5,cvaeaug,2026
1620,164544,S14,5,5,cvaeaug,2026
1621,164608,S14,5,2,cvaeaug,2026
1622,164672,S14,5,2,cvaeaug,2026
1623,164736,S14,5,2,cvaeaug,2026
1624,164800,S14,5,2,cvaeaug,2026
1625,164864,S14,5,2,cvaeaug,2026
1626,164928,S14,5,2,cvaeaug,2026
1627,164992,S14,5,5,cvaeaug,2026
1628,165056,S14,5,2,cvaeaug,2026
1629,165120,S14,5,2,cvaeaug,2026
1630,165184,S14,5,5,cvaeaug,2026
1631,165248,S14,5,2,cvaeaug,2026
1632,165312,S14,5,5,cvaeaug,2026
1633,165376,S14,5,2,cvaeaug,2026
1634,165440,S14,5,5,cvaeaug,2026
1635,165504,S14,5,2,cvaeaug,2026
1636,165568,S14,5,2,cvaeaug,2026
1637,165632,S14,5,5,cvaeaug,2026
1638,165696,S14,5,2,cvaeaug,2026
1639,165760,S14,5,2,cvaeaug,2026
1640,165824,S14,5,2,cvaeaug,2026
1641,165888,S14,5,5,cvaeaug,2026
1642,165952,S14,5,5,cvaeaug,2026
1643,166016,S14,5,5,cvaeaug,2026
1644,166080,S14,5,7,cvaeaug,2026
1645,166144,S14,5,5,cvaeaug,2026
1646,166208,S14,5,5,cvaeaug,2026
1647,166272,S14,5,2,cvaeaug,2026
1648,166336,S14,5,2,cvaeaug,2026
1649,166400,S14,5,5,cvaeaug,2026
1650,166464,S14,5,5,cvaeaug,2026
1651,166528,S14,5,5,cvaeaug,2026
1652,166592,S14,5,2,cvaeaug,2026
1653,166656,S14,5,2,cvaeaug,2026
1654,166720,S14,5,5,cvaeaug,2026
1655,166784,S14,5,5,cvaeaug,2026
1656,166848,S14,5,2,cvaeaug,2026
1657,166912,S14,5,5,cvaeaug,2026
1658,166976,S14,5,5,cvaeaug,2026
1659,167040,S14,5,5,cvaeaug,2026
1660,167104,S14,5,5,cvaeaug,2026
1661,167168,S14,5,2,cvaeaug,2026
1662,167232,S14,5,1,cvaeaug,2026
1663,167296,S14,5,0,cvaeaug,2026
1664,167360,S14,5,5,cvaeaug,2026
1665,167424,S14,5,5,cvaeaug,2026
1666,167488,S14,5,2,cvaeaug,2026
1667,167552,S14,5,0,cvaeaug,2026
1668,167616,S14,5,1,cvaeaug,2026
1669,167680,S14,5,2,cvaeaug,2026
1670,167744,S14,5,2,cvaeaug,2026
1671,167808,S14,5,2,cvaeaug,2026
1672,167872,S14,5,5,cvaeaug,2026
1673,167936,S14,5,2,cvaeaug,2026
1674,168000,S14,5,5,cvaeaug,2026
1675,168064,S14,5,5,cvaeaug,2026
1676,168128,S14,5,2,cvaeaug,2026
1677,168192,S14,5,2,cvaeaug,2026
1678,168256,S14,5,4,cvaeaug,2026
1679,168320,S14,5,5,cvaeaug,2026
1680,168384,S14,5,0,cvaeaug,2026
1681,168448,S14,5,2,cvaeaug,2026
1682,168512,S14,5,5,cvaeaug,2026
1683,168576,S14,5,2,cvaeaug,2026
1684,168640,S14,5,2,cvaeaug,2026
1685,168704,S14,5,2,cvaeaug,2026
1686,168768,S14,5,2,cvaeaug,2026
1687,168832,S14,5,2,cvaeaug,2026
1688,168896,S14,5,5,cvaeaug,2026
1689,168960,S14,5,5,cvaeaug,2026
1690,169024,S14,5,2,cvaeaug,2026
1691,169088,S14,5,2,cvaeaug,2026
1692,169152,S14,5,5,cvaeaug,2026
1693,169216,S14,5,1,cvaeaug,2026
1694,169280,S14,5,7,cvaeaug,2026
1695,169344,S14,5,5,cvaeaug,2026
1696,169408,S14,5,2,cvaeaug,2026
1697,169472,S14,5,0,cvaeaug,2026
1698,169536,S14,5,5,cvaeaug,2026
1699,169600,S14,5,4,cvaeaug,2026
1700,169664,S14,5,2,cvaeaug,2026
1701,169728,S14,5,5,cvaeaug,2026
1702,169792,S14,5,0,cvaeaug,2026
1703,169856,S14,5,2,cvaeaug,2026
1704,169920,S14,5,2,cvaeaug,2026
1705,169984,S14,5,5,cvaeaug,2026
1706,170048,S14,5,7,cvaeaug,2026
1707,170112,S14,5,2,cvaeaug,2026
1708,170176,S14,5,5,cvaeaug,2026
1709,170240,S14,5,5,cvaeaug,2026
1710,170304,S14,5,5,cvaeaug,2026
1711,170368,S14,5,2,cvaeaug,2026
1712,170432,S14,5,5,cvaeaug,2026
1713,170496,S14,5,2,cvaeaug,2026
1714,170560,S14,5,5,cvaeaug,2026
1715,170624,S14,5,2,cvaeaug,2026
1716,170688,S14,5,5,cvaeaug,2026
1717,170752,S14,5,5,cvaeaug,2026
1718,170816,S14,5,2,cvaeaug,2026
1719,170880,S14,5,2,cvaeaug,2026
1720,170944,S14,5,7,cvaeaug,2026
1721,171008,S14,5,2,cvaeaug,2026
1722,171072,S14,5,2,cvaeaug,2026
1723,171136,S14,5,2,cvaeaug,2026
1724,171200,S14,5,2,cvaeaug,2026
1725,171264,S14,5,2,cvaeaug,2026
1726,171328,S14,5,2,cvaeaug,2026
1727,171392,S14,5,5,cvaeaug,2026
1728,171456,S14,5,5,cvaeaug,2026
1729,171520,S14,5,2,cvaeaug,2026
1730,171584,S14,5,2,cvaeaug,2026
1731,171648,S14,5,5,cvaeaug,2026
1732,171712,S14,5,2,cvaeaug,2026
1733,171776,S14,5,2,cvaeaug,2026
1734,171840,S14,5,2,cvaeaug,2026
1735,171904,S14,5,5,cvaeaug,2026
1736,171968,S14,5,5,cvaeaug,2026
1737,172032,S14,5,2,cvaeaug,2026
1738,172096,S14,5,0,cvaeaug,2026
1739,172160,S14,5,5,cvaeaug,2026
1740,172224,S14,5,2,cvaeaug,2026
1741,172288,S14,5,5,cvaeaug,2026
1742,172352,S14,5,5,cvaeaug,2026
1743,172416,S14,5,5,cvaeaug,2026
1744,172480,S14,5,4,cvaeaug,2026
1745,172544,S14,5,2,cvaeaug,2026
1746,172608,S14,5,7,cvaeaug,2026
1747,172672,S14,5,7,cvaeaug,2026
1748,172736,S14,5,7,cvaeaug,2026
1749,172800,S14,5,2,cvaeaug,2026
1750,172864,S14,5,2,cvaeaug,2026
1751,172928,S14,5,2,cvaeaug,2026
1752,172992,S14,5,5,cvaeaug,2026
1753,173056,S14,5,5,cvaeaug,2026
1754,173120,S14,5,5,cvaeaug,2026
1755,173184,S14,5,2,cvaeaug,2026
1756,173248,S14,5,5,cvaeaug,2026
1757,173312,S14,5,2,cvaeaug,2026
1758,173376,S14,5,7,cvaeaug,2026
1759,173440,S14,5,2,cvaeaug,2026
1760,173504,S14,5,2,cvaeaug,2026
1761,173568,S14,5,2,cvaeaug,2026
1762,173632,S14,5,5,cvaeaug,2026
1763,173696,S14,5,0,cvaeaug,2026
1764,173760,S14,5,7,cvaeaug,2026
1765,173824,S14,5,5,cvaeaug,2026
1766,173888,S14,5,5,cvaeaug,2026
1767,173952,S14,5,2,cvaeaug,2026
1768,174016,S14,5,5,cvaeaug,2026
1769,174080,S14,5,7,cvaeaug,2026
1770,174144,S14,5,5,cvaeaug,2026
1771,174208,S14,5,5,cvaeaug,2026
1772,174272,S14,5,0,cvaeaug,2026
1773,174336,S14,5,5,cvaeaug,2026
1774,174400,S14,5,4,cvaeaug,2026
1775,174464,S14,5,5,cvaeaug,2026
1776,174528,S14,5,0,cvaeaug,2026
1777,174592,S14,5,2,cvaeaug,2026
1778,174656,S14,5,5,cvaeaug,2026
1779,174720,S14,5,2,cvaeaug,2026
1780,174784,S14,5,5,cvaeaug,2026
1781,174848,S14,5,2,cvaeaug,2026
1782,174912,S14,5,5,cvaeaug,2026
1783,174976,S14,5,5,cvaeaug,2026
1784,175040,S14,5,2,cvaeaug,2026
1785,175104,S14,5,2,cvaeaug,2026
1786,175168,S14,5,5,cvaeaug,2026
1787,175232,S14,5,5,cvaeaug,2026
1788,175296,S14,5,5,cvaeaug,2026
1789,175360,S14,5,2,cvaeaug,2026
1790,175424,S14,5,5,cvaeaug,2026
1791,175488,S14,5,7,cvaeaug,2026
1792,175552,S14,5,5,cvaeaug,2026
1793,175616,S14,5,2,cvaeaug,2026
1794,175680,S14,5,2,cvaeaug,2026
1795,175744,S14,5,2,cvaeaug,2026
1796,175808,S14,5,5,cvaeaug,2026
1797,175872,S14,5,5,cvaeaug,2026
1798,175936,S14,5,5,cvaeaug,2026
1799,176000,S14,5,2,cvaeaug,2026
1800,176064,S14,5,5,cvaeaug,2026
1801,176128,S14,5,2,cvaeaug,2026
1802,176192,S14,5,0,cvaeaug,2026
1803,176256,S14,5,5,cvaeaug,2026
1804,176320,S14,5,2,cvaeaug,2026
1805,176384,S14,5,2,cvaeaug,2026
1806,176448,S14,5,2,cvaeaug,2026
1807,176512,S14,5,2,cvaeaug,2026
1808,176576,S14,5,5,cvaeaug,2026
1809,176640,S14,5,2,cvaeaug,2026
1810,176704,S14,5,2,cvaeaug,2026
1811,176768,S14,5,5,cvaeaug,2026
1812,176832,S14,5,2,cvaeaug,2026
1813,176896,S14,5,4,cvaeaug,2026
1814,176960,S14,5,2,cvaeaug,2026
1815,177024,S14,5,7,cvaeaug,2026
1816,177088,S14,5,2,cvaeaug,2026
1817,177152,S14,5,2,cvaeaug,2026
1818,177216,S14,5,2,cvaeaug,2026
1819,177280,S14,5,5,cvaeaug,2026
1820,177344,S14,5,2,cvaeaug,2026
1821,177408,S14,5,2,cvaeaug,2026
1822,177472,S14,5,5,cvaeaug,2026
1823,177536,S14,5,0,cvaeaug,2026
1824,177600,S14,5,5,cvaeaug,2026
1825,177664,S14,5,7,cvaeaug,2026
1826,177728,S14,5,5,cvaeaug,2026
1827,177792,S14,5,2,cvaeaug,2026
1828,177856,S14,5,2,cvaeaug,2026
1829,177920,S14,5,0,cvaeaug,2026
1830,177984,S14,5,5,cvaeaug,2026
1831,178048,S14,5,5,cvaeaug,2026
1832,178112,S14,5,2,cvaeaug,2026
1833,178176,S14,5,2,cvaeaug,2026
1834,178240,S14,5,1,cvaeaug,2026
1835,178304,S14,5,2,cvaeaug,2026
1836,178368,S14,5,2,cvaeaug,2026
1837,178432,S14,5,2,cvaeaug,2026
1838,178496,S14,5,5,cvaeaug,2026
1839,178560,S14,5,2,cvaeaug,2026
1840,178624,S14,5,5,cvaeaug,2026
1841,178688,S14,5,7,cvaeaug,2026
1842,178752,S14,5,2,cvaeaug,2026
1843,178816,S14,5,2,cvaeaug,2026
1844,178880,S14,5,2,cvaeaug,2026
1845,178944,S14,5,2,cvaeaug,2026
1846,179008,S14,5,2,cvaeaug,2026
1847,179072,S14,5,5,cvaeaug,2026
1848,179136,S14,5,2,cvaeaug,2026
1849,179200,S14,5,2,cvaeaug,2026
1850,179264,S14,5,2,cvaeaug,2026
1851,179328,S14,5,2,cvaeaug,2026
1852,179392,S14,5,2,cvaeaug,2026
1853,179456,S14,5,5,cvaeaug,2026
1854,179520,S14,5,5,cvaeaug,2026
1855,179584,S14,5,4,cvaeaug,2026
1856,179648,S14,5,2,cvaeaug,2026
1857,179712,S14,5,2,cvaeaug,2026
1858,179776,S14,5,5,cvaeaug,2026
1859,179840,S14,5,2,cvaeaug,2026
1860,179904,S14,5,2,cvaeaug,2026
1861,179968,S14,5,2,cvaeaug,2026
1862,180032,S14,5,5,cvaeaug,2026
1863,180096,S14,5,5,cvaeaug,2026
1864,180160,S14,5,5,cvaeaug,2026
1865,180224,S14,5,5,cvaeaug,2026
1866,180288,S14,5,7,cvaeaug,2026
1867,180352,S14,5,5,cvaeaug,2026
1868,180416,S14,5,5,cvaeaug,2026
1869,180480,S14,5,2,cvaeaug,2026
1870,180544,S14,5,2,cvaeaug,2026
1871,180608,S14,5,5,cvaeaug,2026
1872,180672,S14,5,2,cvaeaug,2026
1873,180736,S14,5,2,cvaeaug,2026
1874,180800,S14,5,5,cvaeaug,2026
1875,180864,S14,5,2,cvaeaug,2026
1876,180928,S14,5,5,cvaeaug,2026
1877,180992,S14,5,2,cvaeaug,2026
1878,181056,S14,5,2,cvaeaug,2026
1879,181120,S14,5,2,cvaeaug,2026
1880,181184,S14,5,7,cvaeaug,2026
1881,181248,S14,5,2,cvaeaug,2026
1882,181312,S14,5,5,cvaeaug,2026
1883,181376,S14,5,5,cvaeaug,2026
1884,181440,S14,5,7,cvaeaug,2026
1885,181504,S14,5,2,cvaeaug,2026
1886,181568,S14,5,2,cvaeaug,2026
1887,181632,S14,5,7,cvaeaug,2026
1888,181696,S14,5,2,cvaeaug,2026
1889,181760,S14,5,5,cvaeaug,2026
1890,181824,S14,5,2,cvaeaug,2026
1891,181888,S14,5,2,cvaeaug,2026
1892,181952,S14,5,2,cvaeaug,2026
1893,182016,S14,5,2,cvaeaug,2026
1894,182080,S14,5,7,cvaeaug,2026
1895,182144,S14,5,7,cvaeaug,2026
1896,182208,S14,5,2,cvaeaug,2026
1897,182272,S14,5,5,cvaeaug,2026
1898,182336,S14,5,5,cvaeaug,2026
1899,182400,S14,5,0,cvaeaug,2026
1900,182464,S14,5,0,cvaeaug,2026
1901,182528,S14,5,5,cvaeaug,2026
1902,182592,S14,5,5,cvaeaug,2026
1903,182656,S14,5,1,cvaeaug,2026
1904,182720,S14,5,2,cvaeaug,2026
1905,182784,S14,5,5,cvaeaug,2026
1906,182848,S14,5,2,cvaeaug,2026
1907,182912,S14,5,2,cvaeaug,2026
1908,182976,S14,5,5,cvaeaug,2026
1909,183040,S14,5,2,cvaeaug,2026
1910,183104,S14,5,4,cvaeaug,2026
1911,183168,S14,5,0,cvaeaug,2026
1912,183232,S14,5,5,cvaeaug,2026
1913,183296,S14,5,5,cvaeaug,2026
1914,183360,S14,5,5,cvaeaug,2026
1915,183424,S14,5,5,cvaeaug,2026
1916,183488,S14,5,5,cvaeaug,2026
1917,183552,S14,5,0,cvaeaug,2026
1918,183616,S14,5,5,cvaeaug,2026
1919,183680,S14,5,5,cvaeaug,2026
1920,183744,S14,5,2,cvaeaug,2026
1921,183808,S14,5,5,cvaeaug,2026
1922,183872,S14,5,2,cvaeaug,2026
1923,183936,S14,5,2,cvaeaug,2026
1924,184000,S14,5,2,cvaeaug,2026
1925,184064,S14,5,2,cvaeaug,2026
1926,184128,S14,5,5,cvaeaug,2026
1927,184192,S14,5,7,cvaeaug,2026
1928,184256,S14,5,7,cvaeaug,2026
1929,184320,S14,5,5,cvaeaug,2026
1930,184384,S14,5,5,cvaeaug,2026
1931,184448,S14,5,5,cvaeaug,2026
1932,184512,S14,5,2,cvaeaug,2026
1933,184576,S14,5,5,cvaeaug,2026
1934,184640,S14,5,2,cvaeaug,2026
1935,184704,S14,5,2,cvaeaug,2026
1936,184768,S14,5,0,cvaeaug,2026
1937,184832,S14,5,2,cvaeaug,2026
1938,184896,S14,5,2,cvaeaug,2026
1939,184960,S14,5,2,cvaeaug,2026
1940,185024,S14,5,5,cvaeaug,2026
1941,185088,S14,5,5,cvaeaug,2026
1942,185152,S14,5,5,cvaeaug,2026
1943,185216,S14,5,5,cvaeaug,2026
1944,185280,S14,5,5,cvaeaug,2026
1945,185344,S14,5,5,cvaeaug,2026
1946,185408,S14,5,5,cvaeaug,2026
1947,185472,S14,5,5,cvaeaug,2026
1948,185536,S14,5,4,cvaeaug,2026
1949,185600,S14,5,2,cvaeaug,2026
1950,185664,S14,5,2,cvaeaug,2026
1951,185728,S14,5,2,cvaeaug,2026
1952,185792,S14,5,2,cvaeaug,2026
1953,185856,S14,5,2,cvaeaug,2026
1954,185920,S14,5,2,cvaeaug,2026
1955,185984,S14,5,2,cvaeaug,2026
1956,186048,S14,5,2,cvaeaug,2026
1957,186112,S14,5,7,cvaeaug,2026
1958,186176,S14,5,5,cvaeaug,2026
1959,186240,S14,5,2,cvaeaug,2026
1960,186304,S14,5,5,cvaeaug,2026
1961,186368,S14,5,5,cvaeaug,2026
1962,186432,S14,5,2,cvaeaug,2026
1963,186496,S14,5,5,cvaeaug,2026
1964,186560,S14,5,7,cvaeaug,2026
1965,186624,S14,5,7,cvaeaug,2026
1966,186688,S14,5,2,cvaeaug,2026
1967,186752,S14,5,2,cvaeaug,2026
1968,186816,S14,5,0,cvaeaug,2026
1969,186880,S14,5,5,cvaeaug,2026
1970,186944,S14,5,2,cvaeaug,2026
1971,187008,S14,5,5,cvaeaug,2026
1972,187072,S14,5,2,cvaeaug,2026
1973,187136,S14,5,7,cvaeaug,2026
1974,187200,S14,5,5,cvaeaug,2026
1975,187264,S14,5,5,cvaeaug,2026
1976,187328,S14,5,5,cvaeaug,2026
1977,187392,S14,5,2,cvaeaug,2026
1978,187456,S14,5,5,cvaeaug,2026
1979,187520,S14,5,2,cvaeaug,2026
1980,187584,S14,5,2,cvaeaug,2026
1981,187648,S14,5,2,cvaeaug,2026
1982,187712,S14,5,2,cvaeaug,2026
1983,187776,S14,5,2,cvaeaug,2026
1984,187840,S14,5,5,cvaeaug,2026
1985,187904,S14,5,5,cvaeaug,2026
1986,187968,S14,5,5,cvaeaug,2026
1987,188032,S14,5,1,cvaeaug,2026
1988,188096,S14,5,2,cvaeaug,2026
1989,188160,S14,5,5,cvaeaug,2026
1990,188224,S14,5,2,cvaeaug,2026
1991,188288,S14,5,5,cvaeaug,2026
1992,188352,S14,5,5,cvaeaug,2026
1993,188416,S14,5,5,cvaeaug,2026
1994,188480,S14,5,2,cvaeaug,2026
1995,188544,S14,5,2,cvaeaug,2026
1996,188608,S14,5,5,cvaeaug,2026
1997,188672,S14,5,7,cvaeaug,2026
1998,188736,S14,5,5,cvaeaug,2026
1999,188800,S14,5,5,cvaeaug,2026
2000,188864,S14,5,5,cvaeaug,2026
2001,188928,S14,5,5,cvaeaug,2026
2002,188992,S14,5,2,cvaeaug,2026
2003,189056,S14,5,5,cvaeaug,2026
2004,189120,S14,5,2,cvaeaug,2026
2005,189184,S14,5,2,cvaeaug,2026
2006,189248,S14,5,5,cvaeaug,2026
2007,189312,S14,5,5,cvaeaug,2026
2008,189376,S14,5,5,cvaeaug,2026
2009,189440,S14,5,5,cvaeaug,2026
2010,189504,S14,5,2,cvaeaug,2026
2011,189568,S14,5,5,cvaeaug,2026
2012,189632,S14,5,5,cvaeaug,2026
2013,189696,S14,5,5,cvaeaug,2026
2014,189760,S14,5,7,cvaeaug,2026
2015,189824,S14,5,5,cvaeaug,2026
2016,189888,S14,5,7,cvaeaug,2026
2017,189952,S14,5,2,cvaeaug,2026
2018,190016,S14,5,2,cvaeaug,2026
2019,190080,S14,5,5,cvaeaug,2026
2020,190144,S14,5,2,cvaeaug,2026
2021,190208,S14,5,7,cvaeaug,2026
2022,190272,S14,5,2,cvaeaug,2026
2023,190336,S14,5,2,cvaeaug,2026
2024,190400,S14,5,2,cvaeaug,2026
2025,190464,S14,5,5,cvaeaug,2026
2026,190528,S14,5,2,cvaeaug,2026
2027,190592,S14,5,5,cvaeaug,2026
2028,190656,S14,5,0,cvaeaug,2026
2029,190720,S14,5,0,cvaeaug,2026
2030,190784,S14,5,5,cvaeaug,2026
2031,190848,S14,5,5,cvaeaug,2026
2032,190912,S14,5,4,cvaeaug,2026
2033,190976,S14,5,5,cvaeaug,2026
2034,191040,S14,5,2,cvaeaug,2026
2035,191104,S14,5,2,cvaeaug,2026
2036,191168,S14,5,5,cvaeaug,2026
2037,191232,S14,5,5,cvaeaug,2026
2038,191296,S14,5,4,cvaeaug,2026
2039,191360,S14,5,5,cvaeaug,2026
2040,191424,S14,5,5,cvaeaug,2026
2041,191488,S14,5,2,cvaeaug,2026
2042,191552,S14,5,5,cvaeaug,2026
2043,191616,S14,5,5,cvaeaug,2026
2044,191680,S14,5,5,cvaeaug,2026
2045,191744,S14,5,5,cvaeaug,2026
2046,191808,S14,5,2,cvaeaug,2026
2047,191872,S14,5,5,cvaeaug,2026
2048,191936,S14,5,2,cvaeaug,2026
2049,192000,S14,5,2,cvaeaug,2026
2050,192064,S14,5,2,cvaeaug,2026
2051,192128,S14,5,5,cvaeaug,2026
2052,192192,S14,5,5,cvaeaug,2026
2053,192256,S14,5,2,cvaeaug,2026
2054,192320,S14,5,5,cvaeaug,2026
2055,192384,S14,5,2,cvaeaug,2026
2056,192448,S14,5,5,cvaeaug,2026
2057,192512,S14,5,2,cvaeaug,2026
2058,192576,S14,5,7,cvaeaug,2026
2059,192640,S14,5,2,cvaeaug,2026
2060,192704,S14,5,5,cvaeaug,2026
2061,192768,S14,5,7,cvaeaug,2026
2062,192832,S14,5,5,cvaeaug,2026
2063,192896,S14,5,2,cvaeaug,2026
2064,192960,S14,5,5,cvaeaug,2026
2065,193024,S14,5,2,cvaeaug,2026
2066,193088,S14,5,2,cvaeaug,2026
2067,193152,S14,5,2,cvaeaug,2026
2068,193216,S14,5,5,cvaeaug,2026
2069,193280,S14,5,2,cvaeaug,2026
2070,193344,S14,5,2,cvaeaug,2026
2071,193408,S14,5,5,cvaeaug,2026
2072,193472,S14,5,2,cvaeaug,2026
2073,193536,S14,5,5,cvaeaug,2026
2074,193600,S14,5,2,cvaeaug,2026
2075,193664,S14,5,2,cvaeaug,2026
2076,193728,S14,5,2,cvaeaug,2026
2077,193792,S14,5,2,cvaeaug,2026
2078,193856,S14,5,5,cvaeaug,2026
2079,193920,S14,5,5,cvaeaug,2026
2080,193984,S14,5,7,cvaeaug,2026
2081,194048,S14,5,7,cvaeaug,2026
2082,194112,S14,5,2,cvaeaug,2026
2083,194176,S14,5,2,cvaeaug,2026
2084,194240,S14,5,2,cvaeaug,2026
2085,194304,S14,5,5,cvaeaug,2026
2086,194368,S14,5,2,cvaeaug,2026
2087,194432,S14,5,0,cvaeaug,2026
2088,194496,S14,5,2,cvaeaug,2026
2089,194560,S14,5,5,cvaeaug,2026
2090,194624,S14,5,0,cvaeaug,2026
2091,194688,S14,5,0,cvaeaug,2026
2092,194752,S14,5,2,cvaeaug,2026
2093,194816,S14,5,7,cvaeaug,2026
2094,194880,S14,5,5,cvaeaug,2026
2095,194944,S14,5,2,cvaeaug,2026
2096,195008,S14,5,5,cvaeaug,2026
2097,195072,S14,5,2,cvaeaug,2026
2098,195136,S14,5,5,cvaeaug,2026
2099,195200,S14,5,2,cvaeaug,2026
2100,195264,S14,5,5,cvaeaug,2026
2101,195328,S14,5,5,cvaeaug,2026
2102,195392,S14,5,2,cvaeaug,2026
2103,195456,S14,5,5,cvaeaug,2026
2104,195520,S14,5,5,cvaeaug,2026
2105,195584,S14,5,2,cvaeaug,2026
2106,195648,S14,5,5,cvaeaug,2026
2107,195712,S14,5,5,cvaeaug,2026
2108,195776,S14,5,5,cvaeaug,2026
2109,195840,S14,5,5,cvaeaug,2026
2110,195904,S14,5,5,cvaeaug,2026
2111,195968,S14,5,7,cvaeaug,2026
2112,196032,S14,5,7,cvaeaug,2026
2113,196096,S14,5,5,cvaeaug,2026
2114,196160,S14,5,5,cvaeaug,2026
2115,196224,S14,5,5,cvaeaug,2026
2116,196288,S14,5,2,cvaeaug,2026
2117,196352,S14,5,2,cvaeaug,2026
2118,196416,S14,5,5,cvaeaug,2026
2119,196480,S14,5,7,cvaeaug,2026
2120,196544,S14,5,5,cvaeaug,2026
2121,196608,S14,5,2,cvaeaug,2026
2122,196672,S14,5,5,cvaeaug,2026
2123,196736,S14,5,5,cvaeaug,2026
2124,196800,S14,5,2,cvaeaug,2026
2125,196864,S14,5,5,cvaeaug,2026
2126,196928,S14,5,5,cvaeaug,2026
2127,196992,S14,5,5,cvaeaug,2026
2128,197056,S14,5,5,cvaeaug,2026
2129,197120,S14,5,2,cvaeaug,2026
2130,197184,S14,5,5,cvaeaug,2026
2131,197248,S14,5,5,cvaeaug,2026
2132,197312,S14,5,1,cvaeaug,2026
2133,197376,S14,5,5,cvaeaug,2026
2134,197440,S14,5,2,cvaeaug,2026
2135,197504,S14,5,2,cvaeaug,2026
2136,197568,S14,5,2,cvaeaug,2026
2137,197632,S14,5,0,cvaeaug,2026
2138,197696,S14,5,2,cvaeaug,2026
2139,197760,S14,5,5,cvaeaug,2026
2140,197824,S14,5,4,cvaeaug,2026
2141,197888,S14,5,2,cvaeaug,2026
2142,197952,S14,5,2,cvaeaug,2026
2143,198016,S14,5,0,cvaeaug,2026
2144,198080,S14,5,5,cvaeaug,2026
2145,198144,S14,5,2,cvaeaug,2026
2146,198208,S14,5,5,cvaeaug,2026
2147,198272,S14,5,2,cvaeaug,2026
2148,198336,S14,5,7,cvaeaug,2026
2149,198400,S14,5,2,cvaeaug,2026
2150,198464,S14,5,5,cvaeaug,2026
2151,198528,S14,5,2,cvaeaug,2026
2152,198592,S14,5,2,cvaeaug,2026
2153,198656,S14,5,5,cvaeaug,2026
2154,198720,S14,5,2,cvaeaug,2026
2155,198784,S14,5,0,cvaeaug,2026
2156,198848,S14,5,5,cvaeaug,2026
2157,198912,S14,5,2,cvaeaug,2026
2158,198976,S14,5,2,cvaeaug,2026
2159,199040,S14,5,5,cvaeaug,2026
2160,199104,S14,5,2,cvaeaug,2026
2161,199168,S14,5,5,cvaeaug,2026
2162,199232,S14,5,2,cvaeaug,2026
2163,199296,S14,5,5,cvaeaug,2026
2164,199360,S14,5,5,cvaeaug,2026
2165,199424,S14,5,5,cvaeaug,2026
2166,199488,S14,5,2,cvaeaug,2026
2167,199552,S14,5,2,cvaeaug,2026
2168,199616,S14,5,2,cvaeaug,2026
2169,199680,S14,5,2,cvaeaug,2026
2170,199744,S14,5,2,cvaeaug,2026
2171,199808,S14,5,2,cvaeaug,2026
2172,199872,S14,5,2,cvaeaug,2026
2173,199936,S14,5,2,cvaeaug,2026
2174,200000,S14,5,2,cvaeaug,2026
2175,200064,S14,5,2,cvaeaug,2026
2176,200128,S14,5,0,cvaeaug,2026
2177,200192,S14,5,7,cvaeaug,2026
2178,200256,S14,5,5,cvaeaug,2026
2179,200320,S14,5,5,cvaeaug,2026
2180,200384,S14,5,5,cvaeaug,2026
2181,200448,S14,5,5,cvaeaug,2026
2182,200512,S14,5,5,cvaeaug,2026
2183,200576,S14,5,5,cvaeaug,2026
2184,200640,S14,5,5,cvaeaug,2026
2185,200704,S14,5,2,cvaeaug,2026
2186,200768,S14,5,2,cvaeaug,2026
2187,200832,S14,5,2,cvaeaug,2026
2188,200896,S14,5,5,cvaeaug,2026
2189,200960,S14,5,2,cvaeaug,2026
2190,201024,S14,5,5,cvaeaug,2026
2191,201088,S14,5,2,cvaeaug,2026
2192,201152,S14,5,5,cvaeaug,2026
2193,201216,S14,5,5,cvaeaug,2026
2194,201280,S14,5,2,cvaeaug,2026
2195,201344,S14,5,7,cvaeaug,2026
2196,201408,S14,5,2,cvaeaug,2026
2197,201472,S14,5,2,cvaeaug,2026
2198,201536,S14,5,2,cvaeaug,2026
2199,201600,S14,5,5,cvaeaug,2026
2200,201664,S14,5,2,cvaeaug,2026
2201,201728,S14,5,5,cvaeaug,2026
2202,201792,S14,5,2,cvaeaug,2026
2203,201856,S14,5,2,cvaeaug,2026
2204,201920,S14,5,0,cvaeaug,2026
2205,201984,S14,5,2,cvaeaug,2026
2206,202048,S14,5,2,cvaeaug,2026
2207,202112,S14,5,7,cvaeaug,2026
2208,202176,S14,5,2,cvaeaug,2026
2209,202240,S14,5,2,cvaeaug,2026
2210,202304,S14,5,2,cvaeaug,2026
2211,202368,S14,5,2,cvaeaug,2026
2212,202432,S14,5,2,cvaeaug,2026
2213,202496,S14,5,5,cvaeaug,2026
2214,202560,S14,5,7,cvaeaug,2026
2215,202624,S14,5,2,cvaeaug,2026
2216,202688,S14,5,0,cvaeaug,2026
2217,202752,S14,5,2,cvaeaug,2026
2218,202816,S14,5,2,cvaeaug,2026
2219,202880,S14,5,5,cvaeaug,2026
2220,202944,S14,5,5,cvaeaug,2026
2221,203008,S14,5,2,cvaeaug,2026
2222,203072,S14,5,4,cvaeaug,2026
2223,203136,S14,5,0,cvaeaug,2026
2224,203200,S14,5,5,cvaeaug,2026
2225,203264,S14,5,2,cvaeaug,2026
2226,203328,S14,5,2,cvaeaug,2026
2227,203392,S14,5,2,cvaeaug,2026
2228,203456,S14,5,2,cvaeaug,2026
2229,203520,S14,5,5,cvaeaug,2026
2230,203584,S14,5,2,cvaeaug,2026
2231,203648,S14,5,2,cvaeaug,2026
2232,203712,S14,5,5,cvaeaug,2026
2233,203776,S14,5,4,cvaeaug,2026
2234,203840,S14,5,2,cvaeaug,2026
2235,203904,S14,5,5,cvaeaug,2026
2236,203968,S14,5,7,cvaeaug,2026
2237,204032,S14,5,2,cvaeaug,2026
2238,204096,S14,5,2,cvaeaug,2026
2239,204160,S14,5,4,cvaeaug,2026
2240,204224,S14,5,2,cvaeaug,2026
2241,204288,S14,5,5,cvaeaug,2026
2242,204352,S14,5,2,cvaeaug,2026
2243,204416,S14,5,5,cvaeaug,2026
2244,204480,S14,5,5,cvaeaug,2026
2245,204544,S14,5,2,cvaeaug,2026
2246,204608,S14,5,2,cvaeaug,2026
2247,204672,S14,5,2,cvaeaug,2026
2248,204736,S14,5,5,cvaeaug,2026
2249,204800,S14,5,1,cvaeaug,2026
2250,204864,S14,5,5,cvaeaug,2026
2251,204928,S14,5,2,cvaeaug,2026
2252,204992,S14,5,2,cvaeaug,2026
2253,205056,S14,5,2,cvaeaug,2026
2254,205120,S14,5,2,cvaeaug,2026
2255,205184,S14,5,2,cvaeaug,2026
2256,205248,S14,5,2,cvaeaug,2026
2257,205312,S14,5,5,cvaeaug,2026
2258,205376,S14,5,2,cvaeaug,2026
2259,205440,S14,5,7,cvaeaug,2026
2260,205504,S14,5,5,cvaeaug,2026
2261,205568,S14,5,7,cvaeaug,2026
2262,205632,S14,5,0,cvaeaug,2026
2263,205696,S14,5,5,cvaeaug,2026
2264,205760,S14,5,5,cvaeaug,2026
2265,205824,S14,5,5,cvaeaug,2026
2266,205888,S14,5,7,cvaeaug,2026
2267,205952,S14,5,2,cvaeaug,2026
2268,206016,S14,5,2,cvaeaug,2026
2269,206080,S14,5,5,cvaeaug,2026
2270,206144,S14,5,2,cvaeaug,2026
2271,206208,S14,5,5,cvaeaug,2026
2272,206272,S14,5,5,cvaeaug,2026
2273,206336,S14,5,5,cvaeaug,2026
2274,206400,S14,5,2,cvaeaug,2026
2275,206464,S14,5,2,cvaeaug,2026
2276,206528,S14,5,2,cvaeaug,2026
2277,206592,S14,5,2,cvaeaug,2026
2278,206656,S14,5,1,cvaeaug,2026
2279,206720,S14,5,7,cvaeaug,2026
2280,206912,S14,6,1,cvaeaug,2026
2281,206976,S14,6,1,cvaeaug,2026
2282,207040,S14,6,1,cvaeaug,2026
2283,207104,S14,6,1,cvaeaug,2026
2284,207168,S14,6,2,cvaeaug,2026
2285,207232,S14,6,1,cvaeaug,2026
2286,207296,S14,6,1,cvaeaug,2026
2287,207360,S14,6,1,cvaeaug,2026
2288,207424,S14,6,1,cvaeaug,2026
2289,207488,S14,6,1,cvaeaug,2026
2290,207552,S14,6,1,cvaeaug,2026
2291,207616,S14,6,1,cvaeaug,2026
2292,207680,S14,6,1,cvaeaug,2026
2293,207744,S14,6,1,cvaeaug,2026
2294,207808,S14,6,1,cvaeaug,2026
2295,207872,S14,6,1,cvaeaug,2026
2296,207936,S14,6,1,cvaeaug,2026
2297,208000,S14,6,5,cvaeaug,2026
2298,208064,S14,6,1,cvaeaug,2026
2299,208128,S14,6,5,cvaeaug,2026
2300,208192,S14,6,1,cvaeaug,2026
2301,208256,S14,6,1,cvaeaug,2026
2302,208320,S14,6,1,cvaeaug,2026
2303,208384,S14,6,5,cvaeaug,2026
2304,208448,S14,6,1,cvaeaug,2026
2305,208512,S14,6,1,cvaeaug,2026
2306,208576,S14,6,1,cvaeaug,2026
2307,208640,S14,6,1,cvaeaug,2026
2308,208704,S14,6,2,cvaeaug,2026
2309,208768,S14,6,1,cvaeaug,2026
2310,208832,S14,6,2,cvaeaug,2026
2311,208896,S14,6,1,cvaeaug,2026
2312,208960,S14,6,1,cvaeaug,2026
2313,209024,S14,6,1,cvaeaug,2026
2314,209088,S14,6,1,cvaeaug,2026
2315,209152,S14,6,1,cvaeaug,2026
2316,209216,S14,6,1,cvaeaug,2026
2317,209280,S14,6,1,cvaeaug,2026
2318,209344,S14,6,1,cvaeaug,2026
2319,209408,S14,6,1,cvaeaug,2026
2320,209472,S14,6,1,cvaeaug,2026
2321,209536,S14,6,1,cvaeaug,2026
2322,209600,S14,6,1,cvaeaug,2026
2323,209664,S14,6,1,cvaeaug,2026
2324,209728,S14,6,1,cvaeaug,2026
2325,209792,S14,6,2,cvaeaug,2026
2326,209856,S14,6,1,cvaeaug,2026
2327,209920,S14,6,2,cvaeaug,2026
2328,209984,S14,6,1,cvaeaug,2026
2329,210048,S14,6,1,cvaeaug,2026
2330,210112,S14,6,1,cvaeaug,2026
2331,210176,S14,6,1,cvaeaug,2026
2332,210240,S14,6,1,cvaeaug,2026
2333,210304,S14,6,1,cvaeaug,2026
2334,210368,S14,6,1,cvaeaug,2026
2335,210432,S14,6,1,cvaeaug,2026
2336,210496,S14,6,1,cvaeaug,2026
2337,210560,S14,6,1,cvaeaug,2026
2338,210624,S14,6,1,cvaeaug,2026
2339,210688,S14,6,1,cvaeaug,2026
2340,210752,S14,6,1,cvaeaug,2026
2341,210816,S14,6,1,cvaeaug,2026
2342,210880,S14,6,1,cvaeaug,2026
2343,210944,S14,6,1,cvaeaug,2026
2344,211008,S14,6,2,cvaeaug,2026
2345,211072,S14,6,1,cvaeaug,2026
2346,211136,S14,6,1,cvaeaug,2026
2347,211200,S14,6,1,cvaeaug,2026
2348,211264,S14,6,1,cvaeaug,2026
2349,211328,S14,6,1,cvaeaug,2026
2350,211392,S14,6,1,cvaeaug,2026
2351,211456,S14,6,1,cvaeaug,2026
2352,211520,S14,6,1,cvaeaug,2026
2353,211584,S14,6,1,cvaeaug,2026
2354,211648,S14,6,1,cvaeaug,2026
2355,211712,S14,6,1,cvaeaug,2026
2356,211776,S14,6,1,cvaeaug,2026
2357,211840,S14,6,1,cvaeaug,2026
2358,211904,S14,6,1,cvaeaug,2026
2359,211968,S14,6,1,cvaeaug,2026
2360,212032,S14,6,1,cvaeaug,2026
2361,212096,S14,6,1,cvaeaug,2026
2362,212160,S14,6,1,cvaeaug,2026
2363,212224,S14,6,1,cvaeaug,2026
2364,212288,S14,6,1,cvaeaug,2026
2365,212352,S14,6,1,cvaeaug,2026
2366,212416,S14,6,1,cvaeaug,2026
2367,212480,S14,6,1,cvaeaug,2026
2368,212544,S14,6,1,cvaeaug,2026
2369,212608,S14,6,1,cvaeaug,2026
2370,212672,S14,6,1,cvaeaug,2026
2371,212736,S14,6,5,cvaeaug,2026
2372,212800,S14,6,2,cvaeaug,2026
2373,212864,S14,6,1,cvaeaug,2026
2374,212928,S14,6,1,cvaeaug,2026
2375,212992,S14,6,1,cvaeaug,2026
2376,213056,S14,6,1,cvaeaug,2026
2377,213120,S14,6,1,cvaeaug,2026
2378,213184,S14,6,1,cvaeaug,2026
2379,213248,S14,6,1,cvaeaug,2026
2380,213312,S14,6,1,cvaeaug,2026
2381,213376,S14,6,5,cvaeaug,2026
2382,213440,S14,6,1,cvaeaug,2026
2383,213504,S14,6,1,cvaeaug,2026
2384,213568,S14,6,1,cvaeaug,2026
2385,213632,S14,6,1,cvaeaug,2026
2386,213696,S14,6,1,cvaeaug,2026
2387,213760,S14,6,1,cvaeaug,2026
2388,213824,S14,6,1,cvaeaug,2026
2389,213888,S14,6,1,cvaeaug,2026
2390,213952,S14,6,5,cvaeaug,2026
2391,214016,S14,6,1,cvaeaug,2026
2392,214080,S14,6,1,cvaeaug,2026
2393,214144,S14,6,1,cvaeaug,2026
2394,214208,S14,6,1,cvaeaug,2026
2395,214272,S14,6,1,cvaeaug,2026
2396,214336,S14,6,1,cvaeaug,2026
2397,214400,S14,6,1,cvaeaug,2026
2398,214464,S14,6,1,cvaeaug,2026
2399,214528,S14,6,1,cvaeaug,2026
2400,214592,S14,6,1,cvaeaug,2026
2401,214656,S14,6,5,cvaeaug,2026
2402,214720,S14,6,1,cvaeaug,2026
2403,214784,S14,6,1,cvaeaug,2026
2404,214848,S14,6,1,cvaeaug,2026
2405,214912,S14,6,1,cvaeaug,2026
2406,214976,S14,6,1,cvaeaug,2026
2407,215040,S14,6,1,cvaeaug,2026
2408,215104,S14,6,1,cvaeaug,2026
2409,215168,S14,6,2,cvaeaug,2026
2410,215232,S14,6,1,cvaeaug,2026
2411,215296,S14,6,1,cvaeaug,2026
2412,215360,S14,6,1,cvaeaug,2026
2413,215424,S14,6,1,cvaeaug,2026
2414,215488,S14,6,1,cvaeaug,2026
2415,215552,S14,6,1,cvaeaug,2026
2416,215616,S14,6,1,cvaeaug,2026
2417,215680,S14,6,1,cvaeaug,2026
2418,215744,S14,6,1,cvaeaug,2026
2419,215808,S14,6,1,cvaeaug,2026
2420,215872,S14,6,2,cvaeaug,2026
2421,215936,S14,6,1,cvaeaug,2026
2422,216000,S14,6,1,cvaeaug,2026
2423,216064,S14,6,2,cvaeaug,2026
2424,216128,S14,6,1,cvaeaug,2026
2425,216192,S14,6,1,cvaeaug,2026
2426,216256,S14,6,1,cvaeaug,2026
2427,216320,S14,6,1,cvaeaug,2026
2428,216384,S14,6,1,cvaeaug,2026
2429,216448,S14,6,1,cvaeaug,2026
2430,216512,S14,6,1,cvaeaug,2026
2431,216576,S14,6,1,cvaeaug,2026
2432,216640,S14,6,1,cvaeaug,2026
2433,216704,S14,6,1,cvaeaug,2026
2434,216768,S14,6,2,cvaeaug,2026
2435,216832,S14,6,1,cvaeaug,2026
2436,216896,S14,6,1,cvaeaug,2026
2437,216960,S14,6,1,cvaeaug,2026
2438,217024,S14,6,1,cvaeaug,2026
2439,217088,S14,6,1,cvaeaug,2026
2440,217152,S14,6,1,cvaeaug,2026
2441,217216,S14,6,1,cvaeaug,2026
2442,217280,S14,6,1,cvaeaug,2026
2443,217344,S14,6,1,cvaeaug,2026
2444,217408,S14,6,1,cvaeaug,2026
2445,217472,S14,6,2,cvaeaug,2026
2446,217536,S14,6,6,cvaeaug,2026
2447,217600,S14,6,1,cvaeaug,2026
2448,217664,S14,6,5,cvaeaug,2026
2449,217728,S14,6,1,cvaeaug,2026
2450,217792,S14,6,1,cvaeaug,2026
2451,217856,S14,6,1,cvaeaug,2026
2452,217920,S14,6,1,cvaeaug,2026
2453,217984,S14,6,2,cvaeaug,2026
2454,218048,S14,6,1,cvaeaug,2026
2455,218112,S14,6,1,cvaeaug,2026
2456,218176,S14,6,1,cvaeaug,2026
2457,218240,S14,6,1,cvaeaug,2026
2458,218304,S14,6,1,cvaeaug,2026
2459,218368,S14,6,1,cvaeaug,2026
2460,218432,S14,6,2,cvaeaug,2026
2461,218496,S14,6,1,cvaeaug,2026
2462,218560,S14,6,1,cvaeaug,2026
2463,218624,S14,6,1,cvaeaug,2026
2464,218688,S14,6,1,cvaeaug,2026
2465,218752,S14,6,2,cvaeaug,2026
2466,218816,S14,6,1,cvaeaug,2026
2467,218880,S14,6,1,cvaeaug,2026
2468,218944,S14,6,5,cvaeaug,2026
2469,219008,S14,6,1,cvaeaug,2026
2470,219072,S14,6,1,cvaeaug,2026
2471,219136,S14,6,1,cvaeaug,2026
2472,219200,S14,6,1,cvaeaug,2026
2473,219264,S14,6,1,cvaeaug,2026
2474,219328,S14,6,1,cvaeaug,2026
2475,219392,S14,6,1,cvaeaug,2026
2476,219456,S14,6,1,cvaeaug,2026
2477,219520,S14,6,1,cvaeaug,2026
2478,219584,S14,6,1,cvaeaug,2026
2479,219648,S14,6,1,cvaeaug,2026
2480,219712,S14,6,1,cvaeaug,2026
2481,219776,S14,6,1,cvaeaug,2026
2482,219840,S14,6,5,cvaeaug,2026
2483,219904,S14,6,1,cvaeaug,2026
2484,219968,S14,6,5,cvaeaug,2026
2485,220032,S14,6,1,cvaeaug,2026
2486,220096,S14,6,1,cvaeaug,2026
2487,220160,S14,6,1,cvaeaug,2026
2488,220224,S14,6,2,cvaeaug,2026
2489,220288,S14,6,1,cvaeaug,2026
2490,220352,S14,6,1,cvaeaug,2026
2491,220416,S14,6,1,cvaeaug,2026
2492,220480,S14,6,1,cvaeaug,2026
2493,220544,S14,6,1,cvaeaug,2026
2494,220608,S14,6,1,cvaeaug,2026
2495,220672,S14,6,1,cvaeaug,2026
2496,220736,S14,6,2,cvaeaug,2026
2497,220800,S14,6,1,cvaeaug,2026
2498,220864,S14,6,1,cvaeaug,2026
2499,220928,S14,6,1,cvaeaug,2026
2500,220992,S14,6,1,cvaeaug,2026
2501,221056,S14,6,1,cvaeaug,2026
2502,221120,S14,6,2,cvaeaug,2026
2503,221184,S14,6,1,cvaeaug,2026
2504,221248,S14,6,1,cvaeaug,2026
2505,221312,S14,6,1,cvaeaug,2026
2506,221376,S14,6,1,cvaeaug,2026
2507,221440,S14,6,1,cvaeaug,2026
2508,221504,S14,6,1,cvaeaug,2026
2509,221568,S14,6,1,cvaeaug,2026
2510,221632,S14,6,1,cvaeaug,2026
2511,221696,S14,6,1,cvaeaug,2026
2512,221760,S14,6,1,cvaeaug,2026
2513,221824,S14,6,1,cvaeaug,2026
2514,221888,S14,6,1,cvaeaug,2026
2515,221952,S14,6,1,cvaeaug,2026
2516,222016,S14,6,1,cvaeaug,2026
2517,222080,S14,6,1,cvaeaug,2026
2518,222144,S14,6,1,cvaeaug,2026
2519,222208,S14,6,1,cvaeaug,2026
2520,222272,S14,6,1,cvaeaug,2026
2521,222336,S14,6,2,cvaeaug,2026
2522,222400,S14,6,1,cvaeaug,2026
2523,222464,S14,6,1,cvaeaug,2026
2524,222528,S14,6,1,cvaeaug,2026
2525,222592,S14,6,1,cvaeaug,2026
2526,222656,S14,6,1,cvaeaug,2026
2527,222720,S14,6,1,cvaeaug,2026
2528,222784,S14,6,1,cvaeaug,2026
2529,222848,S14,6,1,cvaeaug,2026
2530,222912,S14,6,1,cvaeaug,2026
2531,222976,S14,6,1,cvaeaug,2026
2532,223040,S14,6,1,cvaeaug,2026
2533,223104,S14,6,5,cvaeaug,2026
2534,223168,S14,6,1,cvaeaug,2026
2535,223232,S14,6,1,cvaeaug,2026
2536,223296,S14,6,1,cvaeaug,2026
2537,223360,S14,6,1,cvaeaug,2026
2538,223424,S14,6,1,cvaeaug,2026
2539,223488,S14,6,1,cvaeaug,2026
2540,223552,S14,6,1,cvaeaug,2026
2541,223616,S14,6,1,cvaeaug,2026
2542,223680,S14,6,1,cvaeaug,2026
2543,223744,S14,6,1,cvaeaug,2026
2544,223808,S14,6,2,cvaeaug,2026
2545,223872,S14,6,1,cvaeaug,2026
2546,223936,S14,6,1,cvaeaug,2026
2547,224000,S14,6,1,cvaeaug,2026
2548,224064,S14,6,1,cvaeaug,2026
2549,224128,S14,6,1,cvaeaug,2026
2550,224192,S14,6,1,cvaeaug,2026
2551,224256,S14,6,2,cvaeaug,2026
2552,224320,S14,6,1,cvaeaug,2026
2553,224384,S14,6,1,cvaeaug,2026
2554,224448,S14,6,1,cvaeaug,2026
2555,224512,S14,6,1,cvaeaug,2026
2556,224576,S14,6,1,cvaeaug,2026
2557,224640,S14,6,1,cvaeaug,2026
2558,224704,S14,6,1,cvaeaug,2026
2559,224768,S14,6,1,cvaeaug,2026
2560,224832,S14,6,1,cvaeaug,2026
2561,224896,S14,6,1,cvaeaug,2026
2562,224960,S14,6,1,cvaeaug,2026
2563,225024,S14,6,5,cvaeaug,2026
2564,225088,S14,6,1,cvaeaug,2026
2565,225152,S14,6,2,cvaeaug,2026
2566,225216,S14,6,1,cvaeaug,2026
2567,225280,S14,6,1,cvaeaug,2026
2568,225344,S14,6,1,cvaeaug,2026
2569,225408,S14,6,1,cvaeaug,2026
2570,225472,S14,6,1,cvaeaug,2026
2571,225536,S14,6,1,cvaeaug,2026
2572,225600,S14,6,1,cvaeaug,2026
2573,225664,S14,6,5,cvaeaug,2026
2574,225728,S14,6,1,cvaeaug,2026
2575,225792,S14,6,1,cvaeaug,2026
2576,225856,S14,6,1,cvaeaug,2026
2577,225920,S14,6,1,cvaeaug,2026
2578,225984,S14,6,1,cvaeaug,2026
2579,226048,S14,6,1,cvaeaug,2026
2580,226112,S14,6,1,cvaeaug,2026
2581,226176,S14,6,1,cvaeaug,2026
2582,226240,S14,6,1,cvaeaug,2026
2583,226304,S14,6,1,cvaeaug,2026
2584,226368,S14,6,1,cvaeaug,2026
2585,226432,S14,6,1,cvaeaug,2026
2586,228672,S14,7,0,cvaeaug,2026
2587,228736,S14,7,0,cvaeaug,2026
2588,228800,S14,7,2,cvaeaug,2026
2589,228864,S14,7,2,cvaeaug,2026
2590,228928,S14,7,7,cvaeaug,2026
2591,228992,S14,7,2,cvaeaug,2026
2592,229056,S14,7,7,cvaeaug,2026
2593,229120,S14,7,2,cvaeaug,2026
2594,229184,S14,7,5,cvaeaug,2026
2595,229248,S14,7,5,cvaeaug,2026
2596,229312,S14,7,4,cvaeaug,2026
2597,229376,S14,7,5,cvaeaug,2026
2598,229440,S14,7,7,cvaeaug,2026
2599,229504,S14,7,2,cvaeaug,2026
2600,229568,S14,7,0,cvaeaug,2026
2601,229632,S14,7,2,cvaeaug,2026
2602,229696,S14,7,2,cvaeaug,2026
2603,229760,S14,7,5,cvaeaug,2026
2604,229824,S14,7,7,cvaeaug,2026
2605,229888,S14,7,2,cvaeaug,2026
2606,229952,S14,7,5,cvaeaug,2026
2607,230016,S14,7,2,cvaeaug,2026
2608,230080,S14,7,2,cvaeaug,2026
2609,230144,S14,7,7,cvaeaug,2026
2610,230208,S14,7,2,cvaeaug,2026
2611,230272,S14,7,2,cvaeaug,2026
2612,230336,S14,7,5,cvaeaug,2026
2613,230400,S14,7,2,cvaeaug,2026
2614,230464,S14,7,2,cvaeaug,2026
2615,230528,S14,7,7,cvaeaug,2026
2616,230592,S14,7,5,cvaeaug,2026
2617,230656,S14,7,2,cvaeaug,2026
2618,230720,S14,7,5,cvaeaug,2026
2619,230784,S14,7,2,cvaeaug,2026
2620,230848,S14,7,2,cvaeaug,2026
2621,230912,S14,7,7,cvaeaug,2026
2622,230976,S14,7,2,cvaeaug,2026
2623,231040,S14,7,5,cvaeaug,2026
2624,231104,S14,7,5,cvaeaug,2026
2625,231168,S14,7,2,cvaeaug,2026
2626,231232,S14,7,2,cvaeaug,2026
2627,231296,S14,7,2,cvaeaug,2026
2628,231360,S14,7,2,cvaeaug,2026
2629,231424,S14,7,7,cvaeaug,2026
2630,231488,S14,7,2,cvaeaug,2026
2631,231552,S14,7,7,cvaeaug,2026
2632,231616,S14,7,5,cvaeaug,2026
2633,231680,S14,7,2,cvaeaug,2026
2634,231744,S14,7,2,cvaeaug,2026
2635,231808,S14,7,2,cvaeaug,2026
2636,231872,S14,7,7,cvaeaug,2026
2637,231936,S14,7,2,cvaeaug,2026
2638,232000,S14,7,2,cvaeaug,2026
2639,232064,S14,7,2,cvaeaug,2026
2640,232128,S14,7,2,cvaeaug,2026
2641,232192,S14,7,7,cvaeaug,2026
2642,232256,S14,7,2,cvaeaug,2026
2643,232320,S14,7,2,cvaeaug,2026
2644,232384,S14,7,7,cvaeaug,2026
2645,232448,S14,7,2,cvaeaug,2026
2646,232512,S14,7,2,cvaeaug,2026
2647,232576,S14,7,5,cvaeaug,2026
2648,232640,S14,7,7,cvaeaug,2026
2649,232704,S14,7,2,cvaeaug,2026
2650,232768,S14,7,7,cvaeaug,2026
2651,232832,S14,7,2,cvaeaug,2026
2652,232896,S14,7,4,cvaeaug,2026
2653,232960,S14,7,2,cvaeaug,2026
2654,233024,S14,7,7,cvaeaug,2026
2655,233088,S14,7,4,cvaeaug,2026
2656,233152,S14,7,2,cvaeaug,2026
2657,233216,S14,7,5,cvaeaug,2026
2658,233280,S14,7,5,cvaeaug,2026
2659,233344,S14,7,0,cvaeaug,2026
2660,233408,S14,7,2,cvaeaug,2026
2661,233472,S14,7,7,cvaeaug,2026
2662,233536,S14,7,2,cvaeaug,2026
2663,233600,S14,7,5,cvaeaug,2026
2664,233664,S14,7,5,cvaeaug,2026
2665,233728,S14,7,2,cvaeaug,2026
2666,233792,S14,7,2,cvaeaug,2026
2667,233856,S14,7,2,cvaeaug,2026
2668,233920,S14,7,2,cvaeaug,2026
2669,233984,S14,7,2,cvaeaug,2026
2670,234048,S14,7,2,cvaeaug,2026
2671,234112,S14,7,2,cvaeaug,2026
2672,234176,S14,7,2,cvaeaug,2026
2673,234240,S14,7,5,cvaeaug,2026
2674,234304,S14,7,2,cvaeaug,2026
2675,234368,S14,7,2,cvaeaug,2026
2676,234432,S14,7,2,cvaeaug,2026
2677,234496,S14,7,2,cvaeaug,2026
2678,234560,S14,7,2,cvaeaug,2026
2679,234624,S14,7,7,cvaeaug,2026
2680,234688,S14,7,1,cvaeaug,2026
2681,234752,S14,7,2,cvaeaug,2026
2682,234816,S14,7,5,cvaeaug,2026
2683,234880,S14,7,7,cvaeaug,2026
2684,234944,S14,7,2,cvaeaug,2026
2685,235008,S14,7,5,cvaeaug,2026
2686,235072,S14,7,2,cvaeaug,2026
2687,235136,S14,7,2,cvaeaug,2026
2688,235200,S14,7,5,cvaeaug,2026
2689,235264,S14,7,2,cvaeaug,2026
2690,235328,S14,7,2,cvaeaug,2026
2691,235392,S14,7,5,cvaeaug,2026
2692,235456,S14,7,2,cvaeaug,2026
2693,235520,S14,7,2,cvaeaug,2026
2694,235584,S14,7,5,cvaeaug,2026
2695,235648,S14,7,7,cvaeaug,2026
2696,235712,S14,7,0,cvaeaug,2026
2697,235776,S14,7,2,cvaeaug,2026
2698,235840,S14,7,2,cvaeaug,2026
2699,235904,S14,7,7,cvaeaug,2026
2700,235968,S14,7,7,cvaeaug,2026
2701,236032,S14,7,2,cvaeaug,2026
2702,236096,S14,7,7,cvaeaug,2026
2703,236160,S14,7,7,cvaeaug,2026
2704,236224,S14,7,7,cvaeaug,2026
2705,236288,S14,7,5,cvaeaug,2026
2706,236352,S14,7,0,cvaeaug,2026
2707,236416,S14,7,2,cvaeaug,2026
2708,236480,S14,7,5,cvaeaug,2026
2709,236544,S14,7,2,cvaeaug,2026
2710,236608,S14,7,2,cvaeaug,2026
2711,236672,S14,7,2,cvaeaug,2026
2712,236736,S14,7,2,cvaeaug,2026
2713,236800,S14,7,2,cvaeaug,2026
2714,236864,S14,7,2,cvaeaug,2026
2715,236928,S14,7,2,cvaeaug,2026
2716,236992,S14,7,5,cvaeaug,2026
2717,237056,S14,7,5,cvaeaug,2026
2718,237120,S14,7,5,cvaeaug,2026
2719,237184,S14,7,2,cvaeaug,2026
2720,237248,S14,7,7,cvaeaug,2026
2721,237312,S14,7,2,cvaeaug,2026
2722,237376,S14,7,2,cvaeaug,2026
2723,237440,S14,7,5,cvaeaug,2026
2724,237504,S14,7,1,cvaeaug,2026
2725,237568,S14,7,7,cvaeaug,2026
2726,237632,S14,7,7,cvaeaug,2026
2727,237696,S14,7,5,cvaeaug,2026
2728,237760,S14,7,2,cvaeaug,2026
2729,237824,S14,7,5,cvaeaug,2026
2730,237888,S14,7,5,cvaeaug,2026
2731,237952,S14,7,7,cvaeaug,2026
2732,238016,S14,7,2,cvaeaug,2026
2733,238080,S14,7,2,cvaeaug,2026
2734,238144,S14,7,7,cvaeaug,2026
2735,238208,S14,7,2,cvaeaug,2026
2736,238272,S14,7,2,cvaeaug,2026
2737,238336,S14,7,2,cvaeaug,2026
2738,238400,S14,7,5,cvaeaug,2026
2739,238464,S14,7,5,cvaeaug,2026
2740,238528,S14,7,2,cvaeaug,2026
2741,238592,S14,7,5,cvaeaug,2026
2742,238656,S14,7,2,cvaeaug,2026
2743,238720,S14,7,5,cvaeaug,2026
2744,238784,S14,7,0,cvaeaug,2026
2745,238848,S14,7,2,cvaeaug,2026
2746,238912,S14,7,2,cvaeaug,2026
2747,238976,S14,7,2,cvaeaug,2026
2748,239040,S14,7,2,cvaeaug,2026
2749,239104,S14,7,2,cvaeaug,2026
2750,239168,S14,7,5,cvaeaug,2026
2751,239232,S14,7,4,cvaeaug,2026
2752,239296,S14,7,4,cvaeaug,2026
2753,239360,S14,7,5,cvaeaug,2026
2754,239424,S14,7,7,cvaeaug,2026
2755,239488,S14,7,7,cvaeaug,2026
2756,239552,S14,7,7,cvaeaug,2026
2757,239616,S14,7,2,cvaeaug,2026
2758,239680,S14,7,5,cvaeaug,2026
2759,239744,S14,7,7,cvaeaug,2026
2760,239808,S14,7,2,cvaeaug,2026
2761,239872,S14,7,7,cvaeaug,2026
2762,239936,S14,7,0,cvaeaug,2026
2763,240000,S14,7,2,cvaeaug,2026
2764,240064,S14,7,7,cvaeaug,2026
2765,240128,S14,7,5,cvaeaug,2026
2766,240192,S14,7,2,cvaeaug,2026
2767,240256,S14,7,5,cvaeaug,2026
2768,240320,S14,7,5,cvaeaug,2026
2769,240384,S14,7,2,cvaeaug,2026
2770,240448,S14,7,2,cvaeaug,2026
2771,240512,S14,7,7,cvaeaug,2026
2772,240576,S14,7,7,cvaeaug,2026
2773,240640,S14,7,7,cvaeaug,2026
2774,240704,S14,7,2,cvaeaug,2026
2775,240768,S14,7,7,cvaeaug,2026
2776,240832,S14,7,2,cvaeaug,2026
2777,240896,S14,7,7,cvaeaug,2026
2778,240960,S14,7,5,cvaeaug,2026
2779,241024,S14,7,4,cvaeaug,2026
2780,241088,S14,7,2,cvaeaug,2026
2781,241152,S14,7,5,cvaeaug,2026
2782,241216,S14,7,2,cvaeaug,2026
2783,241280,S14,7,2,cvaeaug,2026
2784,241344,S14,7,2,cvaeaug,2026
2785,241408,S14,7,2,cvaeaug,2026
2786,241472,S14,7,7,cvaeaug,2026
2787,241536,S14,7,2,cvaeaug,2026
2788,241600,S14,7,2,cvaeaug,2026
2789,241664,S14,7,2,cvaeaug,2026
2790,241728,S14,7,2,cvaeaug,2026
2791,241792,S14,7,5,cvaeaug,2026
2792,241856,S14,7,5,cvaeaug,2026
2793,241920,S14,7,5,cvaeaug,2026
2794,241984,S14,7,5,cvaeaug,2026
2795,242048,S14,7,2,cvaeaug,2026
2796,242112,S14,7,2,cvaeaug,2026
2797,242176,S14,7,5,cvaeaug,2026
2798,242240,S14,7,2,cvaeaug,2026
2799,242304,S14,7,5,cvaeaug,2026
2800,242368,S14,7,7,cvaeaug,2026
2801,242432,S14,7,0,cvaeaug,2026
2802,242496,S14,7,7,cvaeaug,2026
2803,242560,S14,7,5,cvaeaug,2026
2804,242624,S14,7,2,cvaeaug,2026
2805,242688,S14,7,7,cvaeaug,2026
2806,242752,S14,7,4,cvaeaug,2026
2807,242816,S14,7,2,cvaeaug,2026
2808,242880,S14,7,5,cvaeaug,2026
2809,242944,S14,7,2,cvaeaug,2026
2810,243008,S14,7,2,cvaeaug,2026
2811,243072,S14,7,2,cvaeaug,2026
2812,243136,S14,7,2,cvaeaug,2026
2813,243200,S14,7,2,cvaeaug,2026
2814,243264,S14,7,4,cvaeaug,2026
2815,243328,S14,7,7,cvaeaug,2026
2816,243392,S14,7,2,cvaeaug,2026
2817,243456,S14,7,5,cvaeaug,2026
2818,243520,S14,7,2,cvaeaug,2026
2819,243584,S14,7,2,cvaeaug,2026
2820,243648,S14,7,5,cvaeaug,2026
2821,243712,S14,7,7,cvaeaug,2026
2822,243776,S14,7,2,cvaeaug,2026
2823,243840,S14,7,4,cvaeaug,2026
2824,243904,S14,7,5,cvaeaug,2026
2825,243968,S14,7,7,cvaeaug,2026
2826,244032,S14,7,2,cvaeaug,2026
2827,244096,S14,7,2,cvaeaug,2026
2828,244160,S14,7,2,cvaeaug,2026
2829,244224,S14,7,2,cvaeaug,2026
2830,244288,S14,7,2,cvaeaug,2026
2831,244352,S14,7,2,cvaeaug,2026
2832,244416,S14,7,2,cvaeaug,2026
2833,244480,S14,7,2,cvaeaug,2026
2834,244544,S14,7,5,cvaeaug,2026
2835,244608,S14,7,2,cvaeaug,2026
2836,244672,S14,7,2,cvaeaug,2026
2837,244736,S14,7,2,cvaeaug,2026
2838,244800,S14,7,7,cvaeaug,2026
2839,244864,S14,7,2,cvaeaug,2026
2840,244928,S14,7,2,cvaeaug,2026
2841,244992,S14,7,7,cvaeaug,2026
2842,245056,S14,7,7,cvaeaug,2026
2843,245120,S14,7,2,cvaeaug,2026
2844,245184,S14,7,7,cvaeaug,2026
2845,245248,S14,7,7,cvaeaug,2026
2846,245312,S14,7,5,cvaeaug,2026
2847,245376,S14,7,7,cvaeaug,2026
2848,245440,S14,7,2,cvaeaug,2026
2849,245504,S14,7,2,cvaeaug,2026
2850,245568,S14,7,7,cvaeaug,2026
2851,245632,S14,7,5,cvaeaug,2026
2852,245696,S14,7,5,cvaeaug,2026
2853,245760,S14,7,7,cvaeaug,2026
2854,245824,S14,7,5,cvaeaug,2026
2855,245888,S14,7,5,cvaeaug,2026
2856,245952,S14,7,2,cvaeaug,2026
2857,246016,S14,7,2,cvaeaug,2026
2858,246080,S14,7,7,cvaeaug,2026
2859,246144,S14,7,7,cvaeaug,2026
2860,246208,S14,7,2,cvaeaug,2026
2861,246272,S14,7,1,cvaeaug,2026
2862,246336,S14,7,2,cvaeaug,2026
2863,246400,S14,7,5,cvaeaug,2026
2864,246464,S14,7,2,cvaeaug,2026
2865,246528,S14,7,2,cvaeaug,2026
2866,246592,S14,7,2,cvaeaug,2026
2867,246656,S14,7,2,cvaeaug,2026
2868,246720,S14,7,5,cvaeaug,2026
2869,246784,S14,7,0,cvaeaug,2026
2870,246848,S14,7,2,cvaeaug,2026
2871,246912,S14,7,2,cvaeaug,2026
2872,246976,S14,7,5,cvaeaug,2026
2873,247040,S14,7,2,cvaeaug,2026
2874,247104,S14,7,7,cvaeaug,2026
2875,247168,S14,7,7,cvaeaug,2026
2876,247232,S14,7,5,cvaeaug,2026
2877,247296,S14,7,2,cvaeaug,2026
2878,247360,S14,7,2,cvaeaug,2026
2879,247424,S14,7,2,cvaeaug,2026
2880,247488,S14,7,7,cvaeaug,2026
2881,247552,S14,7,5,cvaeaug,2026
2882,247616,S14,7,7,cvaeaug,2026
2883,247680,S14,7,7,cvaeaug,2026
2884,247744,S14,7,7,cvaeaug,2026
2885,247808,S14,7,2,cvaeaug,2026
2886,247872,S14,7,5,cvaeaug,2026
2887,247936,S14,7,2,cvaeaug,2026
2888,248000,S14,7,7,cvaeaug,2026
2889,248064,S14,7,5,cvaeaug,2026
2890,248128,S14,7,0,cvaeaug,2026
2891,248192,S14,7,2,cvaeaug,2026
2892,248256,S14,7,5,cvaeaug,2026
2893,248320,S14,7,7,cvaeaug,2026
2894,248384,S14,7,0,cvaeaug,2026
2895,248448,S14,7,7,cvaeaug,2026
2896,248512,S14,7,2,cvaeaug,2026
2897,248576,S14,7,0,cvaeaug,2026
2898,248640,S14,7,5,cvaeaug,2026
2899,248704,S14,7,2,cvaeaug,2026
2900,248768,S14,7,5,cvaeaug,2026
2901,248832,S14,7,2,cvaeaug,2026
2902,248896,S14,7,2,cvaeaug,2026
2903,248960,S14,7,2,cvaeaug,2026
2904,249024,S14,7,5,cvaeaug,2026
2905,249088,S14,7,5,cvaeaug,2026
2906,249152,S14,7,4,cvaeaug,2026
2907,249216,S14,7,0,cvaeaug,2026
2908,249280,S14,7,7,cvaeaug,2026
2909,249344,S14,7,7,cvaeaug,2026
2910,249408,S14,7,7,cvaeaug,2026
2911,249472,S14,7,2,cvaeaug,2026
2912,249536,S14,7,7,cvaeaug,2026
2913,249600,S14,7,2,cvaeaug,2026
2914,249664,S14,7,7,cvaeaug,2026
2915,249728,S14,7,5,cvaeaug,2026
2916,249792,S14,7,7,cvaeaug,2026
2917,249856,S14,7,7,cvaeaug,2026
2918,249920,S14,7,2,cvaeaug,2026
2919,249984,S14,7,2,cvaeaug,2026
2920,250048,S14,7,2,cvaeaug,2026
2921,250112,S14,7,2,cvaeaug,2026
2922,250176,S14,7,2,cvaeaug,2026
2923,250240,S14,7,2,cvaeaug,2026
2924,250304,S14,7,2,cvaeaug,2026
2925,250368,S14,7,2,cvaeaug,2026
2926,250432,S14,7,2,cvaeaug,2026
2927,250496,S14,7,7,cvaeaug,2026
2928,250560,S14,7,5,cvaeaug,2026
2929,250624,S14,7,2,cvaeaug,2026
2930,250688,S14,7,5,cvaeaug,2026
2931,250752,S14,7,7,cvaeaug,2026
2932,250816,S14,7,2,cvaeaug,2026
2933,250880,S14,7,2,cvaeaug,2026
2934,250944,S14,7,2,cvaeaug,2026
2935,251008,S14,7,1,cvaeaug,2026
2936,251072,S14,7,2,cvaeaug,2026
2937,251136,S14,7,2,cvaeaug,2026
2938,251200,S14,7,5,cvaeaug,2026
2939,251264,S14,7,7,cvaeaug,2026
2940,251328,S14,7,2,cvaeaug,2026
2941,251392,S14,7,2,cvaeaug,2026
2942,251456,S14,7,2,cvaeaug,2026
2943,251520,S14,7,7,cvaeaug,2026
2944,251584,S14,7,2,cvaeaug,2026
2945,251648,S14,7,2,cvaeaug,2026
2946,251712,S14,7,2,cvaeaug,2026
2947,251776,S14,7,7,cvaeaug,2026
2948,251840,S14,7,5,cvaeaug,2026
2949,251904,S14,7,7,cvaeaug,2026
2950,251968,S14,7,2,cvaeaug,2026
2951,252032,S14,7,2,cvaeaug,2026
2952,252096,S14,7,5,cvaeaug,2026
2953,252160,S14,7,2,cvaeaug,2026
2954,252224,S14,7,2,cvaeaug,2026
2955,252288,S14,7,2,cvaeaug,2026
2956,252352,S14,7,2,cvaeaug,2026
2957,252416,S14,7,2,cvaeaug,2026
2958,252480,S14,7,0,cvaeaug,2026
2959,252544,S14,7,2,cvaeaug,2026
2960,252608,S14,7,2,cvaeaug,2026
2961,252672,S14,7,2,cvaeaug,2026
2962,252736,S14,7,7,cvaeaug,2026
2963,252800,S14,7,2,cvaeaug,2026
2964,252864,S14,7,2,cvaeaug,2026
2965,252928,S14,7,2,cvaeaug,2026
2966,252992,S14,7,5,cvaeaug,2026
2967,253056,S14,7,7,cvaeaug,2026
2968,253120,S14,7,5,cvaeaug,2026
2969,253184,S14,7,2,cvaeaug,2026
2970,253248,S14,7,2,cvaeaug,2026
2971,253312,S14,7,2,cvaeaug,2026
2972,253376,S14,7,5,cvaeaug,2026
2973,253440,S14,7,7,cvaeaug,2026
2974,253504,S14,7,2,cvaeaug,2026
2975,253568,S14,7,2,cvaeaug,2026
2976,253632,S14,7,2,cvaeaug,2026
2977,253696,S14,7,7,cvaeaug,2026
2978,253760,S14,7,5,cvaeaug,2026
2979,253824,S14,7,2,cvaeaug,2026
2980,253888,S14,7,7,cvaeaug,2026
2981,253952,S14,7,2,cvaeaug,2026
2982,254016,S14,7,2,cvaeaug,2026
2983,254080,S14,7,7,cvaeaug,2026
2984,254144,S14,7,2,cvaeaug,2026
2985,254208,S14,7,2,cvaeaug,2026
2986,254272,S14,7,2,cvaeaug,2026
2987,254336,S14,7,5,cvaeaug,2026
2988,254400,S14,7,2,cvaeaug,2026
2989,254464,S14,7,2,cvaeaug,2026
2990,254528,S14,7,5,cvaeaug,2026
2991,254592,S14,7,5,cvaeaug,2026
2992,254656,S14,7,2,cvaeaug,2026
2993,254720,S14,7,2,cvaeaug,2026
2994,254784,S14,7,2,cvaeaug,2026
2995,254848,S14,7,2,cvaeaug,2026
2996,254912,S14,7,2,cvaeaug,2026
2997,254976,S14,7,2,cvaeaug,2026
2998,255040,S14,7,4,cvaeaug,2026
2999,255104,S14,7,2,cvaeaug,2026
3000,255168,S14,7,2,cvaeaug,2026
3001,255232,S14,7,7,cvaeaug,2026
3002,255296,S14,7,2,cvaeaug,2026
3003,255360,S14,7,2,cvaeaug,2026
3004,255424,S14,7,5,cvaeaug,2026
3005,255488,S14,7,2,cvaeaug,2026
3006,255552,S14,7,7,cvaeaug,2026
3007,255616,S14,7,2,cvaeaug,2026
3008,255680,S14,7,7,cvaeaug,2026
3009,255744,S14,7,2,cvaeaug,2026
3010,255808,S14,7,5,cvaeaug,2026
3011,255872,S14,7,1,cvaeaug,2026
3012,255936,S14,7,7,cvaeaug,2026
3013,256000,S14,7,2,cvaeaug,2026
3014,256064,S14,7,2,cvaeaug,2026
3015,256128,S14,7,5,cvaeaug,2026
3016,256192,S14,7,5,cvaeaug,2026
3017,256256,S14,7,7,cvaeaug,2026
3018,256320,S14,7,2,cvaeaug,2026
3019,256384,S14,7,7,cvaeaug,2026
3020,256448,S14,7,2,cvaeaug,2026
3021,256512,S14,7,2,cvaeaug,2026
3022,256576,S14,7,2,cvaeaug,2026
3023,256640,S14,7,7,cvaeaug,2026
3024,256704,S14,7,7,cvaeaug,2026
3025,256768,S14,7,7,cvaeaug,2026
3026,256832,S14,7,0,cvaeaug,2026
3027,256896,S14,7,5,cvaeaug,2026
3028,256960,S14,7,2,cvaeaug,2026
3029,257024,S14,7,5,cvaeaug,2026
3030,257088,S14,7,2,cvaeaug,2026
3031,257152,S14,7,0,cvaeaug,2026
3032,257216,S14,7,2,cvaeaug,2026
3033,257280,S14,7,7,cvaeaug,2026
3034,257344,S14,7,5,cvaeaug,2026
3035,257408,S14,7,7,cvaeaug,2026
3036,257472,S14,7,7,cvaeaug,2026
3037,257536,S14,7,2,cvaeaug,2026
3038,257600,S14,7,4,cvaeaug,2026
3039,257664,S14,7,5,cvaeaug,2026
3040,257728,S14,7,5,cvaeaug,2026
3041,257792,S14,7,2,cvaeaug,2026
3042,257856,S14,7,2,cvaeaug,2026
3043,257920,S14,7,2,cvaeaug,2026
3044,257984,S14,7,2,cvaeaug,2026
3045,258048,S14,7,5,cvaeaug,2026
3046,258112,S14,7,2,cvaeaug,2026
3047,258176,S14,7,7,cvaeaug,2026
3048,258240,S14,7,2,cvaeaug,2026
3049,258304,S14,7,7,cvaeaug,2026
3050,258368,S14,7,2,cvaeaug,2026
3051,258432,S14,7,7,cvaeaug,2026
3052,258496,S14,7,2,cvaeaug,2026
3053,258560,S14,7,1,cvaeaug,2026
3054,258624,S14,7,2,cvaeaug,2026
3055,258688,S14,7,7,cvaeaug,2026
3056,258752,S14,7,2,cvaeaug,2026
3057,258816,S14,7,2,cvaeaug,2026
3058,258880,S14,7,2,cvaeaug,2026
3059,258944,S14,7,2,cvaeaug,2026
3060,259008,S14,7,2,cvaeaug,2026
3061,259072,S14,7,7,cvaeaug,2026
3062,259136,S14,7,2,cvaeaug,2026
3063,259200,S14,7,0,cvaeaug,2026
3064,259264,S14,7,1,cvaeaug,2026
3065,259328,S14,7,7,cvaeaug,2026
3066,259392,S14,7,5,cvaeaug,2026
3067,259456,S14,7,2,cvaeaug,2026
3068,259520,S14,7,5,cvaeaug,2026
3069,259584,S14,7,2,cvaeaug,2026
3070,259648,S14,7,5,cvaeaug,2026
3071,259712,S14,7,5,cvaeaug,2026
3072,259776,S14,7,7,cvaeaug,2026
3073,259840,S14,7,7,cvaeaug,2026
3074,259904,S14,7,7,cvaeaug,2026
3075,259968,S14,7,7,cvaeaug,2026
3076,260032,S14,7,0,cvaeaug,2026
3077,260096,S14,7,2,cvaeaug,2026
3078,260160,S14,7,2,cvaeaug,2026
3079,260224,S14,7,2,cvaeaug,2026
3080,260288,S14,7,5,cvaeaug,2026
3081,260352,S14,7,1,cvaeaug,2026
3082,260416,S14,7,2,cvaeaug,2026
3083,260480,S14,7,7,cvaeaug,2026
3084,260544,S14,7,7,cvaeaug,2026
3085,260608,S14,7,2,cvaeaug,2026
3086,260672,S14,7,2,cvaeaug,2026
3087,260736,S14,7,4,cvaeaug,2026
3088,260800,S14,7,2,cvaeaug,2026
3089,260864,S14,7,0,cvaeaug,2026
3090,260928,S14,7,2,cvaeaug,2026
3091,260992,S14,7,5,cvaeaug,2026
3092,261056,S14,7,2,cvaeaug,2026
3093,261120,S14,7,5,cvaeaug,2026
3094,261184,S14,7,5,cvaeaug,2026
3095,261248,S14,7,2,cvaeaug,2026
3096,261312,S14,7,2,cvaeaug,2026
3097,261376,S14,7,7,cvaeaug,2026
3098,261440,S14,7,2,cvaeaug,2026
3099,261504,S14,7,2,cvaeaug,2026
3100,261568,S14,7,7,cvaeaug,2026
3101,261632,S14,7,7,cvaeaug,2026
3102,261696,S14,7,7,cvaeaug,2026
3103,261760,S14,7,2,cvaeaug,2026
3104,261824,S14,7,7,cvaeaug,2026
3105,261888,S14,7,7,cvaeaug,2026
3106,261952,S14,7,5,cvaeaug,2026
3107,262016,S14,7,7,cvaeaug,2026
3108,262080,S14,7,2,cvaeaug,2026
3109,262144,S14,7,2,cvaeaug,2026
3110,262208,S14,7,7,cvaeaug,2026
3111,262272,S14,7,5,cvaeaug,2026
3112,262336,S14,7,7,cvaeaug,2026
3113,262400,S14,7,1,cvaeaug,2026
3114,262464,S14,7,1,cvaeaug,2026
3115,262528,S14,7,2,cvaeaug,2026
3116,262592,S14,7,2,cvaeaug,2026
3117,262656,S14,7,2,cvaeaug,2026
3118,262720,S14,7,7,cvaeaug,2026
3119,262784,S14,7,5,cvaeaug,2026
3120,262848,S14,7,2,cvaeaug,2026
3121,262912,S14,7,4,cvaeaug,2026
3122,262976,S14,7,2,cvaeaug,2026
3123,263040,S14,7,5,cvaeaug,2026
3124,263104,S14,7,2,cvaeaug,2026
3125,263168,S14,7,5,cvaeaug,2026
3126,263232,S14,7,5,cvaeaug,2026
3127,263296,S14,7,7,cvaeaug,2026
3128,263360,S14,7,5,cvaeaug,2026
3129,263424,S14,7,2,cvaeaug,2026
3130,263488,S14,7,2,cvaeaug,2026
3131,263552,S14,7,2,cvaeaug,2026
3132,263616,S14,7,5,cvaeaug,2026
3133,263680,S14,7,5,cvaeaug,2026
3134,263744,S14,7,7,cvaeaug,2026
3135,263808,S14,7,7,cvaeaug,2026
3136,263872,S14,7,2,cvaeaug,2026
3137,263936,S14,7,2,cvaeaug,2026
3138,264000,S14,7,7,cvaeaug,2026
3139,264064,S14,7,5,cvaeaug,2026
3140,264128,S14,7,2,cvaeaug,2026
3141,264192,S14,7,2,cvaeaug,2026
3142,264256,S14,7,5,cvaeaug,2026
3143,264320,S14,7,7,cvaeaug,2026
3144,264384,S14,7,2,cvaeaug,2026
3145,264448,S14,7,4,cvaeaug,2026
3146,264512,S14,7,2,cvaeaug,2026
3147,264576,S14,7,5,cvaeaug,2026
3148,264640,S14,7,5,cvaeaug,2026
3149,264704,S14,7,2,cvaeaug,2026
3150,264768,S14,7,5,cvaeaug,2026
3151,264832,S14,7,7,cvaeaug,2026
3152,264896,S14,7,1,cvaeaug,2026
3153,264960,S14,7,2,cvaeaug,2026
3154,265024,S14,7,5,cvaeaug,2026
3155,265088,S14,7,5,cvaeaug,2026
3156,265152,S14,7,4,cvaeaug,2026
3157,265216,S14,7,2,cvaeaug,2026
3158,265280,S14,7,7,cvaeaug,2026
3159,265344,S14,7,2,cvaeaug,2026
3160,265408,S14,7,2,cvaeaug,2026
3161,265472,S14,7,2,cvaeaug,2026
3162,265536,S14,7,2,cvaeaug,2026
3163,265600,S14,7,5,cvaeaug,2026
3164,265664,S14,7,4,cvaeaug,2026
3165,265728,S14,7,5,cvaeaug,2026
3166,265792,S14,7,7,cvaeaug,2026
3167,265856,S14,7,5,cvaeaug,2026
3168,265920,S14,7,2,cvaeaug,2026
3169,265984,S14,7,5,cvaeaug,2026
3170,266048,S14,7,2,cvaeaug,2026
3171,266112,S14,7,2,cvaeaug,2026
3172,266176,S14,7,7,cvaeaug,2026
3173,266240,S14,7,2,cvaeaug,2026
3174,266304,S14,7,5,cvaeaug,2026
3175,266368,S14,7,2,cvaeaug,2026
3176,266432,S14,7,2,cvaeaug,2026
3177,266496,S14,7,2,cvaeaug,2026
3178,266560,S14,7,7,cvaeaug,2026
3179,266624,S14,7,2,cvaeaug,2026
3180,266688,S14,7,2,cvaeaug,2026
3181,266752,S14,7,7,cvaeaug,2026
3182,266816,S14,7,2,cvaeaug,2026
3183,266880,S14,7,2,cvaeaug,2026
3184,266944,S14,7,7,cvaeaug,2026
3185,267008,S14,7,0,cvaeaug,2026
3186,267072,S14,7,2,cvaeaug,2026
3187,1664,S15,0,2,cvaeaug,2026
3188,1728,S15,0,5,cvaeaug,2026
3189,1792,S15,0,0,cvaeaug,2026
3190,1856,S15,0,2,cvaeaug,2026
3191,1920,S15,0,2,cvaeaug,2026
3192,1984,S15,0,5,cvaeaug,2026
3193,2048,S15,0,2,cvaeaug,2026
3194,2112,S15,0,5,cvaeaug,2026
3195,2176,S15,0,5,cvaeaug,2026
3196,2240,S15,0,5,cvaeaug,2026
3197,2304,S15,0,2,cvaeaug,2026
3198,2368,S15,0,5,cvaeaug,2026
3199,2432,S15,0,5,cvaeaug,2026
3200,2496,S15,0,7,cvaeaug,2026
3201,2560,S15,0,0,cvaeaug,2026
3202,2624,S15,0,2,cvaeaug,2026
3203,2688,S15,0,2,cvaeaug,2026
3204,2752,S15,0,2,cvaeaug,2026
3205,2816,S15,0,2,cvaeaug,2026
3206,2880,S15,0,2,cvaeaug,2026
3207,2944,S15,0,1,cvaeaug,2026
3208,3008,S15,0,5,cvaeaug,2026
3209,3072,S15,0,5,cvaeaug,2026
3210,3136,S15,0,2,cvaeaug,2026
3211,3200,S15,0,2,cvaeaug,2026
3212,3264,S15,0,2,cvaeaug,2026
3213,3328,S15,0,5,cvaeaug,2026
3214,3392,S15,0,2,cvaeaug,2026
3215,3456,S15,0,5,cvaeaug,2026
3216,3520,S15,0,5,cvaeaug,2026
3217,3584,S15,0,5,cvaeaug,2026
3218,3648,S15,0,5,cvaeaug,2026
3219,3712,S15,0,4,cvaeaug,2026
3220,3776,S15,0,5,cvaeaug,2026
3221,3840,S15,0,5,cvaeaug,2026
3222,3904,S15,0,5,cvaeaug,2026
3223,3968,S15,0,2,cvaeaug,2026
3224,4032,S15,0,4,cvaeaug,2026
3225,4096,S15,0,2,cvaeaug,2026
3226,4160,S15,0,5,cvaeaug,2026
3227,4224,S15,0,2,cvaeaug,2026
3228,4288,S15,0,5,cvaeaug,2026
3229,4352,S15,0,2,cvaeaug,2026
3230,4416,S15,0,2,cvaeaug,2026
3231,4480,S15,0,2,cvaeaug,2026
3232,4544,S15,0,5,cvaeaug,2026
3233,4608,S15,0,2,cvaeaug,2026
3234,4672,S15,0,5,cvaeaug,2026
3235,4736,S15,0,2,cvaeaug,2026
3236,4800,S15,0,2,cvaeaug,2026
3237,4864,S15,0,2,cvaeaug,2026
3238,4928,S15,0,5,cvaeaug,2026
3239,4992,S15,0,5,cvaeaug,2026
3240,5056,S15,0,7,cvaeaug,2026
3241,5120,S15,0,7,cvaeaug,2026
3242,5184,S15,0,2,cvaeaug,2026
3243,5248,S15,0,5,cvaeaug,2026
3244,5312,S15,0,2,cvaeaug,2026
3245,5376,S15,0,2,cvaeaug,2026
3246,5440,S15,0,2,cvaeaug,2026
3247,5504,S15,0,2,cvaeaug,2026
3248,5568,S15,0,2,cvaeaug,2026
3249,5632,S15,0,7,cvaeaug,2026
3250,5696,S15,0,5,cvaeaug,2026
3251,5760,S15,0,2,cvaeaug,2026
3252,5824,S15,0,2,cvaeaug,2026
3253,5888,S15,0,5,cvaeaug,2026
3254,5952,S15,0,5,cvaeaug,2026
3255,6016,S15,0,5,cvaeaug,2026
3256,6080,S15,0,5,cvaeaug,2026
3257,6144,S15,0,2,cvaeaug,2026
3258,6208,S15,0,2,cvaeaug,2026
3259,6272,S15,0,5,cvaeaug,2026
3260,6336,S15,0,2,cvaeaug,2026
3261,6400,S15,0,0,cvaeaug,2026
3262,6464,S15,0,2,cvaeaug,2026
3263,6528,S15,0,5,cvaeaug,2026
3264,6592,S15,0,2,cvaeaug,2026
3265,6656,S15,0,5,cvaeaug,2026
3266,6720,S15,0,2,cvaeaug,2026
3267,6784,S15,0,5,cvaeaug,2026
3268,6848,S15,0,5,cvaeaug,2026
3269,6912,S15,0,2,cvaeaug,2026
3270,6976,S15,0,2,cvaeaug,2026
3271,7040,S15,0,2,cvaeaug,2026
3272,7104,S15,0,2,cvaeaug,2026
3273,7168,S15,0,2,cvaeaug,2026
3274,7232,S15,0,5,cvaeaug,2026
3275,7296,S15,0,5,cvaeaug,2026
3276,7360,S15,0,0,cvaeaug,2026
3277,7424,S15,0,5,cvaeaug,2026
3278,7488,S15,0,5,cvaeaug,2026
3279,7552,S15,0,2,cvaeaug,2026
3280,7616,S15,0,5,cvaeaug,2026
3281,7680,S15,0,5,cvaeaug,2026
3282,7744,S15,0,5,cvaeaug,2026
3283,7808,S15,0,7,cvaeaug,2026
3284,7872,S15,0,5,cvaeaug,2026
3285,7936,S15,0,5,cvaeaug,2026
3286,8000,S15,0,2,cvaeaug,2026
3287,8064,S15,0,2,cvaeaug,2026
3288,8128,S15,0,2,cvaeaug,2026
3289,8192,S15,0,2,cvaeaug,2026
3290,8256,S15,0,2,cvaeaug,2026
3291,8320,S15,0,4,cvaeaug,2026
3292,8384,S15,0,2,cvaeaug,2026
3293,8448,S15,0,5,cvaeaug,2026
3294,8512,S15,0,5,cvaeaug,2026
3295,8576,S15,0,2,cvaeaug,2026
3296,8640,S15,0,2,cvaeaug,2026
3297,8704,S15,0,5,cvaeaug,2026
3298,8768,S15,0,5,cvaeaug,2026
3299,8832,S15,0,2,cvaeaug,2026
3300,8896,S15,0,5,cvaeaug,2026
3301,8960,S15,0,2,cvaeaug,2026
3302,9024,S15,0,5,cvaeaug,2026
3303,9088,S15,0,2,cvaeaug,2026
3304,9152,S15,0,5,cvaeaug,2026
3305,9216,S15,0,2,cvaeaug,2026
3306,9280,S15,0,4,cvaeaug,2026
3307,9344,S15,0,5,cvaeaug,2026
3308,9408,S15,0,4,cvaeaug,2026
3309,9472,S15,0,5,cvaeaug,2026
3310,9536,S15,0,5,cvaeaug,2026
3311,9600,S15,0,2,cvaeaug,2026
3312,9664,S15,0,7,cvaeaug,2026
3313,9728,S15,0,5,cvaeaug,2026
3314,9792,S15,0,5,cvaeaug,2026
3315,9856,S15,0,2,cvaeaug,2026
3316,9920,S15,0,5,cvaeaug,2026
3317,9984,S15,0,5,cvaeaug,2026
3318,10048,S15,0,5,cvaeaug,2026
3319,10112,S15,0,5,cvaeaug,2026
3320,10176,S15,0,2,cvaeaug,2026
3321,10240,S15,0,2,cvaeaug,2026
3322,10304,S15,0,0,cvaeaug,2026
3323,10368,S15,0,5,cvaeaug,2026
3324,10432,S15,0,2,cvaeaug,2026
3325,10496,S15,0,5,cvaeaug,2026
3326,10560,S15,0,2,cvaeaug,2026
3327,10624,S15,0,2,cvaeaug,2026
3328,10688,S15,0,2,cvaeaug,2026
3329,10752,S15,0,2,cvaeaug,2026
3330,10816,S15,0,2,cvaeaug,2026
3331,10880,S15,0,2,cvaeaug,2026
3332,10944,S15,0,2,cvaeaug,2026
3333,11008,S15,0,2,cvaeaug,2026
3334,11072,S15,0,4,cvaeaug,2026
3335,11136,S15,0,2,cvaeaug,2026
3336,11200,S15,0,2,cvaeaug,2026
3337,11264,S15,0,5,cvaeaug,2026
3338,11328,S15,0,2,cvaeaug,2026
3339,11392,S15,0,5,cvaeaug,2026
3340,11456,S15,0,2,cvaeaug,2026
3341,11520,S15,0,2,cvaeaug,2026
3342,11584,S15,0,5,cvaeaug,2026
3343,11648,S15,0,5,cvaeaug,2026
3344,11712,S15,0,4,cvaeaug,2026
3345,11776,S15,0,0,cvaeaug,2026
3346,11840,S15,0,2,cvaeaug,2026
3347,11904,S15,0,5,cvaeaug,2026
3348,11968,S15,0,2,cvaeaug,2026
3349,12032,S15,0,2,cvaeaug,2026
3350,12096,S15,0,2,cvaeaug,2026
3351,12160,S15,0,5,cvaeaug,2026
3352,12224,S15,0,5,cvaeaug,2026
3353,12288,S15,0,5,cvaeaug,2026
3354,12352,S15,0,5,cvaeaug,2026
3355,12416,S15,0,5,cvaeaug,2026
3356,12480,S15,0,5,cvaeaug,2026
3357,12544,S15,0,2,cvaeaug,2026
3358,12608,S15,0,2,cvaeaug,2026
3359,12672,S15,0,2,cvaeaug,2026
3360,12736,S15,0,2,cvaeaug,2026
3361,12800,S15,0,2,cvaeaug,2026
3362,12864,S15,0,5,cvaeaug,2026
3363,12928,S15,0,5,cvaeaug,2026
3364,12992,S15,0,7,cvaeaug,2026
3365,13056,S15,0,5,cvaeaug,2026
3366,13120,S15,0,2,cvaeaug,2026
3367,13184,S15,0,0,cvaeaug,2026
3368,13248,S15,0,0,cvaeaug,2026
3369,13312,S15,0,2,cvaeaug,2026
3370,13376,S15,0,5,cvaeaug,2026
3371,13440,S15,0,7,cvaeaug,2026
3372,13504,S15,0,5,cvaeaug,2026
3373,13568,S15,0,2,cvaeaug,2026
3374,13632,S15,0,7,cvaeaug,2026
3375,13696,S15,0,2,cvaeaug,2026
3376,13760,S15,0,7,cvaeaug,2026
3377,13824,S15,0,5,cvaeaug,2026
3378,13888,S15,0,5,cvaeaug,2026
3379,13952,S15,0,5,cvaeaug,2026
3380,14016,S15,0,2,cvaeaug,2026
3381,14080,S15,0,5,cvaeaug,2026
3382,14144,S15,0,2,cvaeaug,2026
3383,14208,S15,0,2,cvaeaug,2026
3384,14272,S15,0,2,cvaeaug,2026
3385,14336,S15,0,0,cvaeaug,2026
3386,14400,S15,0,2,cvaeaug,2026
3387,14464,S15,0,5,cvaeaug,2026
3388,14528,S15,0,0,cvaeaug,2026
3389,14592,S15,0,2,cvaeaug,2026
3390,14656,S15,0,7,cvaeaug,2026
3391,14720,S15,0,5,cvaeaug,2026
3392,14784,S15,0,5,cvaeaug,2026
3393,14848,S15,0,2,cvaeaug,2026
3394,14912,S15,0,5,cvaeaug,2026
3395,14976,S15,0,2,cvaeaug,2026
3396,15040,S15,0,2,cvaeaug,2026
3397,15104,S15,0,5,cvaeaug,2026
3398,15168,S15,0,5,cvaeaug,2026
3399,15232,S15,0,2,cvaeaug,2026
3400,15296,S15,0,5,cvaeaug,2026
3401,15360,S15,0,5,cvaeaug,2026
3402,15424,S15,0,2,cvaeaug,2026
3403,15488,S15,0,0,cvaeaug,2026
3404,15552,S15,0,5,cvaeaug,2026
3405,15616,S15,0,2,cvaeaug,2026
3406,15680,S15,0,2,cvaeaug,2026
3407,15744,S15,0,7,cvaeaug,2026
3408,15808,S15,0,2,cvaeaug,2026
3409,15872,S15,0,5,cvaeaug,2026
3410,15936,S15,0,5,cvaeaug,2026
3411,16000,S15,0,2,cvaeaug,2026
3412,16064,S15,0,2,cvaeaug,2026
3413,16128,S15,0,0,cvaeaug,2026
3414,16192,S15,0,0,cvaeaug,2026
3415,16256,S15,0,0,cvaeaug,2026
3416,16320,S15,0,5,cvaeaug,2026
3417,16384,S15,0,5,cvaeaug,2026
3418,16448,S15,0,2,cvaeaug,2026
3419,16512,S15,0,0,cvaeaug,2026
3420,16576,S15,0,2,cvaeaug,2026
3421,16640,S15,0,5,cvaeaug,2026
3422,16704,S15,0,5,cvaeaug,2026
3423,16768,S15,0,5,cvaeaug,2026
3424,16832,S15,0,5,cvaeaug,2026
3425,16896,S15,0,5,cvaeaug,2026
3426,16960,S15,0,2,cvaeaug,2026
3427,17024,S15,0,4,cvaeaug,2026
3428,17088,S15,0,2,cvaeaug,2026
3429,17152,S15,0,2,cvaeaug,2026
3430,17216,S15,0,5,cvaeaug,2026
3431,17280,S15,0,2,cvaeaug,2026
3432,17344,S15,0,5,cvaeaug,2026
3433,17408,S15,0,2,cvaeaug,2026
3434,17472,S15,0,2,cvaeaug,2026
3435,17536,S15,0,2,cvaeaug,2026
3436,17600,S15,0,2,cvaeaug,2026
3437,17664,S15,0,5,cvaeaug,2026
3438,17728,S15,0,5,cvaeaug,2026
3439,17792,S15,0,5,cvaeaug,2026
3440,17856,S15,0,2,cvaeaug,2026
3441,17920,S15,0,2,cvaeaug,2026
3442,17984,S15,0,5,cvaeaug,2026
3443,18048,S15,0,2,cvaeaug,2026
3444,18112,S15,0,5,cvaeaug,2026
3445,18176,S15,0,2,cvaeaug,2026
3446,18240,S15,0,2,cvaeaug,2026
3447,18304,S15,0,5,cvaeaug,2026
3448,18368,S15,0,2,cvaeaug,2026
3449,18432,S15,0,5,cvaeaug,2026
3450,18496,S15,0,2,cvaeaug,2026
3451,18560,S15,0,2,cvaeaug,2026
3452,18624,S15,0,2,cvaeaug,2026
3453,18688,S15,0,5,cvaeaug,2026
3454,18752,S15,0,2,cvaeaug,2026
3455,18816,S15,0,5,cvaeaug,2026
3456,18880,S15,0,2,cvaeaug,2026
3457,18944,S15,0,7,cvaeaug,2026
3458,19008,S15,0,5,cvaeaug,2026
3459,19072,S15,0,2,cvaeaug,2026
3460,19136,S15,0,5,cvaeaug,2026
3461,19200,S15,0,5,cvaeaug,2026
3462,19264,S15,0,0,cvaeaug,2026
3463,19328,S15,0,0,cvaeaug,2026
3464,19392,S15,0,2,cvaeaug,2026
3465,19456,S15,0,5,cvaeaug,2026
3466,19520,S15,0,2,cvaeaug,2026
3467,19584,S15,0,2,cvaeaug,2026
3468,19648,S15,0,5,cvaeaug,2026
3469,19712,S15,0,2,cvaeaug,2026
3470,19776,S15,0,2,cvaeaug,2026
3471,19840,S15,0,5,cvaeaug,2026
3472,19904,S15,0,7,cvaeaug,2026
3473,19968,S15,0,2,cvaeaug,2026
3474,20032,S15,0,2,cvaeaug,2026
3475,20096,S15,0,4,cvaeaug,2026
3476,20160,S15,0,5,cvaeaug,2026
3477,20224,S15,0,2,cvaeaug,2026
3478,20288,S15,0,2,cvaeaug,2026
3479,20352,S15,0,2,cvaeaug,2026
3480,20416,S15,0,2,cvaeaug,2026
3481,20480,S15,0,2,cvaeaug,2026
3482,20544,S15,0,2,cvaeaug,2026
3483,20608,S15,0,2,cvaeaug,2026
3484,20672,S15,0,0,cvaeaug,2026
3485,20736,S15,0,0,cvaeaug,2026
3486,20800,S15,0,2,cvaeaug,2026
3487,20864,S15,0,7,cvaeaug,2026
3488,20928,S15,0,5,cvaeaug,2026
3489,20992,S15,0,2,cvaeaug,2026
3490,21056,S15,0,2,cvaeaug,2026
3491,24896,S15,1,1,cvaeaug,2026
3492,24960,S15,1,1,cvaeaug,2026
3493,25024,S15,1,1,cvaeaug,2026
3494,25088,S15,1,1,cvaeaug,2026
3495,25152,S15,1,1,cvaeaug,2026
3496,25216,S15,1,1,cvaeaug,2026
3497,25280,S15,1,1,cvaeaug,2026
3498,25344,S15,1,1,cvaeaug,2026
3499,25408,S15,1,1,cvaeaug,2026
3500,25472,S15,1,1,cvaeaug,2026
3501,25536,S15,1,1,cvaeaug,2026
3502,25600,S15,1,1,cvaeaug,2026
3503,25664,S15,1,1,cvaeaug,2026
3504,25728,S15,1,1,cvaeaug,2026
3505,25792,S15,1,1,cvaeaug,2026
3506,25856,S15,1,1,cvaeaug,2026
3507,25920,S15,1,1,cvaeaug,2026
3508,25984,S15,1,1,cvaeaug,2026
3509,26048,S15,1,1,cvaeaug,2026
3510,26112,S15,1,1,cvaeaug,2026
3511,26176,S15,1,1,cvaeaug,2026
3512,26240,S15,1,1,cvaeaug,2026
3513,26304,S15,1,2,cvaeaug,2026
3514,26368,S15,1,1,cvaeaug,2026
3515,26432,S15,1,1,cvaeaug,2026
3516,26496,S15,1,2,cvaeaug,2026
3517,26560,S15,1,1,cvaeaug,2026
3518,26624,S15,1,1,cvaeaug,2026
3519,26688,S15,1,1,cvaeaug,2026
3520,26752,S15,1,1,cvaeaug,2026
3521,26816,S15,1,1,cvaeaug,2026
3522,26880,S15,1,1,cvaeaug,2026
3523,26944,S15,1,2,cvaeaug,2026
3524,27008,S15,1,1,cvaeaug,2026
3525,27072,S15,1,1,cvaeaug,2026
3526,27136,S15,1,1,cvaeaug,2026
3527,27200,S15,1,1,cvaeaug,2026
3528,27264,S15,1,2,cvaeaug,2026
3529,27328,S15,1,1,cvaeaug,2026
3530,27392,S15,1,1,cvaeaug,2026
3531,27456,S15,1,1,cvaeaug,2026
3532,27520,S15,1,1,cvaeaug,2026
3533,27584,S15,1,1,cvaeaug,2026
3534,27648,S15,1,1,cvaeaug,2026
3535,27712,S15,1,2,cvaeaug,2026
3536,27776,S15,1,1,cvaeaug,2026
3537,27840,S15,1,1,cvaeaug,2026
3538,27904,S15,1,2,cvaeaug,2026
3539,27968,S15,1,1,cvaeaug,2026
3540,28032,S15,1,1,cvaeaug,2026
3541,28096,S15,1,1,cvaeaug,2026
3542,28160,S15,1,1,cvaeaug,2026
3543,28224,S15,1,1,cvaeaug,2026
3544,28288,S15,1,1,cvaeaug,2026
3545,28352,S15,1,7,cvaeaug,2026
3546,28416,S15,1,1,cvaeaug,2026
3547,28480,S15,1,1,cvaeaug,2026
3548,28544,S15,1,1,cvaeaug,2026
3549,28608,S15,1,1,cvaeaug,2026
3550,28672,S15,1,2,cvaeaug,2026
3551,28736,S15,1,1,cvaeaug,2026
3552,28800,S15,1,1,cvaeaug,2026
3553,28864,S15,1,1,cvaeaug,2026
3554,28928,S15,1,1,cvaeaug,2026
3555,28992,S15,1,1,cvaeaug,2026
3556,29056,S15,1,1,cvaeaug,2026
3557,29120,S15,1,1,cvaeaug,2026
3558,29184,S15,1,2,cvaeaug,2026
3559,29248,S15,1,1,cvaeaug,2026
3560,29312,S15,1,1,cvaeaug,2026
3561,29376,S15,1,2,cvaeaug,2026
3562,29440,S15,1,1,cvaeaug,2026
3563,29504,S15,1,1,cvaeaug,2026
3564,29568,S15,1,5,cvaeaug,2026
3565,29632,S15,1,1,cvaeaug,2026
3566,29696,S15,1,1,cvaeaug,2026
3567,29760,S15,1,2,cvaeaug,2026
3568,29824,S15,1,1,cvaeaug,2026
3569,29888,S15,1,1,cvaeaug,2026
3570,29952,S15,1,6,cvaeaug,2026
3571,30016,S15,1,1,cvaeaug,2026
3572,30080,S15,1,1,cvaeaug,2026
3573,30144,S15,1,1,cvaeaug,2026
3574,30208,S15,1,1,cvaeaug,2026
3575,30272,S15,1,1,cvaeaug,2026
3576,30336,S15,1,1,cvaeaug,2026
3577,30400,S15,1,1,cvaeaug,2026
3578,30464,S15,1,1,cvaeaug,2026
3579,30528,S15,1,1,cvaeaug,2026
3580,30592,S15,1,1,cvaeaug,2026
3581,30656,S15,1,1,cvaeaug,2026
3582,30720,S15,1,1,cvaeaug,2026
3583,30784,S15,1,1,cvaeaug,2026
3584,30848,S15,1,1,cvaeaug,2026
3585,30912,S15,1,1,cvaeaug,2026
3586,30976,S15,1,1,cvaeaug,2026
3587,31040,S15,1,2,cvaeaug,2026
3588,31104,S15,1,1,cvaeaug,2026
3589,31168,S15,1,1,cvaeaug,2026
3590,31232,S15,1,1,cvaeaug,2026
3591,31296,S15,1,1,cvaeaug,2026
3592,31360,S15,1,1,cvaeaug,2026
3593,31424,S15,1,1,cvaeaug,2026
3594,31488,S15,1,1,cvaeaug,2026
3595,31552,S15,1,1,cvaeaug,2026
3596,31616,S15,1,1,cvaeaug,2026
3597,31680,S15,1,1,cvaeaug,2026
3598,31744,S15,1,1,cvaeaug,2026
3599,31808,S15,1,1,cvaeaug,2026
3600,31872,S15,1,5,cvaeaug,2026
3601,31936,S15,1,1,cvaeaug,2026
3602,32000,S15,1,1,cvaeaug,2026
3603,32064,S15,1,1,cvaeaug,2026
3604,32128,S15,1,1,cvaeaug,2026
3605,32192,S15,1,1,cvaeaug,2026
3606,32256,S15,1,1,cvaeaug,2026
3607,32320,S15,1,1,cvaeaug,2026
3608,32384,S15,1,1,cvaeaug,2026
3609,32448,S15,1,1,cvaeaug,2026
3610,32512,S15,1,1,cvaeaug,2026
3611,32576,S15,1,1,cvaeaug,2026
3612,32640,S15,1,1,cvaeaug,2026
3613,32704,S15,1,1,cvaeaug,2026
3614,32768,S15,1,1,cvaeaug,2026
3615,32832,S15,1,1,cvaeaug,2026
3616,32896,S15,1,1,cvaeaug,2026
3617,32960,S15,1,1,cvaeaug,2026
3618,33024,S15,1,1,cvaeaug,2026
3619,33088,S15,1,1,cvaeaug,2026
3620,33152,S15,1,1,cvaeaug,2026
3621,33216,S15,1,2,cvaeaug,2026
3622,33280,S15,1,1,cvaeaug,2026
3623,33344,S15,1,1,cvaeaug,2026
3624,33408,S15,1,1,cvaeaug,2026
3625,33472,S15,1,2,cvaeaug,2026
3626,33536,S15,1,1,cvaeaug,2026
3627,33600,S15,1,1,cvaeaug,2026
3628,33664,S15,1,2,cvaeaug,2026
3629,33728,S15,1,1,cvaeaug,2026
3630,33792,S15,1,1,cvaeaug,2026
3631,33856,S15,1,1,cvaeaug,2026
3632,33920,S15,1,2,cvaeaug,2026
3633,33984,S15,1,1,cvaeaug,2026
3634,34048,S15,1,1,cvaeaug,2026
3635,34112,S15,1,1,cvaeaug,2026
3636,34176,S15,1,1,cvaeaug,2026
3637,34240,S15,1,1,cvaeaug,2026
3638,34304,S15,1,2,cvaeaug,2026
3639,34368,S15,1,1,cvaeaug,2026
3640,34432,S15,1,1,cvaeaug,2026
3641,34496,S15,1,1,cvaeaug,2026
3642,34560,S15,1,1,cvaeaug,2026
3643,34624,S15,1,1,cvaeaug,2026
3644,34688,S15,1,1,cvaeaug,2026
3645,34752,S15,1,1,cvaeaug,2026
3646,34816,S15,1,1,cvaeaug,2026
3647,34880,S15,1,1,cvaeaug,2026
3648,34944,S15,1,1,cvaeaug,2026
3649,35008,S15,1,1,cvaeaug,2026
3650,35072,S15,1,1,cvaeaug,2026
3651,35136,S15,1,1,cvaeaug,2026
3652,35200,S15,1,1,cvaeaug,2026
3653,35264,S15,1,1,cvaeaug,2026
3654,35328,S15,1,1,cvaeaug,2026
3655,35392,S15,1,1,cvaeaug,2026
3656,35456,S15,1,1,cvaeaug,2026
3657,35520,S15,1,1,cvaeaug,2026
3658,35584,S15,1,1,cvaeaug,2026
3659,35648,S15,1,1,cvaeaug,2026
3660,35712,S15,1,1,cvaeaug,2026
3661,35776,S15,1,1,cvaeaug,2026
3662,35840,S15,1,1,cvaeaug,2026
3663,35904,S15,1,1,cvaeaug,2026
3664,35968,S15,1,1,cvaeaug,2026
3665,36032,S15,1,1,cvaeaug,2026
3666,36096,S15,1,1,cvaeaug,2026
3667,36160,S15,1,1,cvaeaug,2026
3668,36224,S15,1,1,cvaeaug,2026
3669,36288,S15,1,1,cvaeaug,2026
3670,36352,S15,1,1,cvaeaug,2026
3671,36416,S15,1,1,cvaeaug,2026
3672,36480,S15,1,1,cvaeaug,2026
3673,36544,S15,1,1,cvaeaug,2026
3674,36608,S15,1,1,cvaeaug,2026
3675,36672,S15,1,1,cvaeaug,2026
3676,36736,S15,1,1,cvaeaug,2026
3677,36800,S15,1,1,cvaeaug,2026
3678,36864,S15,1,1,cvaeaug,2026
3679,36928,S15,1,1,cvaeaug,2026
3680,36992,S15,1,1,cvaeaug,2026
3681,37056,S15,1,1,cvaeaug,2026
3682,37120,S15,1,1,cvaeaug,2026
3683,37184,S15,1,1,cvaeaug,2026
3684,37248,S15,1,5,cvaeaug,2026
3685,37312,S15,1,1,cvaeaug,2026
3686,37376,S15,1,1,cvaeaug,2026
3687,37440,S15,1,1,cvaeaug,2026
3688,37504,S15,1,1,cvaeaug,2026
3689,37568,S15,1,1,cvaeaug,2026
3690,37632,S15,1,1,cvaeaug,2026
3691,37696,S15,1,2,cvaeaug,2026
3692,37760,S15,1,1,cvaeaug,2026
3693,37824,S15,1,1,cvaeaug,2026
3694,37888,S15,1,1,cvaeaug,2026
3695,37952,S15,1,1,cvaeaug,2026
3696,38016,S15,1,1,cvaeaug,2026
3697,38080,S15,1,1,cvaeaug,2026
3698,41280,S15,2,2,cvaeaug,2026
3699,41344,S15,2,2,cvaeaug,2026
3700,41408,S15,2,5,cvaeaug,2026
3701,41472,S15,2,2,cvaeaug,2026
3702,41536,S15,2,7,cvaeaug,2026
3703,41600,S15,2,2,cvaeaug,2026
3704,41664,S15,2,2,cvaeaug,2026
3705,41728,S15,2,2,cvaeaug,2026
3706,41792,S15,2,2,cvaeaug,2026
3707,41856,S15,2,2,cvaeaug,2026
3708,41920,S15,2,2,cvaeaug,2026
3709,41984,S15,2,2,cvaeaug,2026
3710,42048,S15,2,2,cvaeaug,2026
3711,42112,S15,2,2,cvaeaug,2026
3712,42176,S15,2,5,cvaeaug,2026
3713,42240,S15,2,2,cvaeaug,2026
3714,42304,S15,2,2,cvaeaug,2026
3715,42368,S15,2,2,cvaeaug,2026
3716,42432,S15,2,2,cvaeaug,2026
3717,42496,S15,2,2,cvaeaug,2026
3718,42560,S15,2,1,cvaeaug,2026
3719,42624,S15,2,2,cvaeaug,2026
3720,42688,S15,2,2,cvaeaug,2026
3721,42752,S15,2,2,cvaeaug,2026
3722,42816,S15,2,2,cvaeaug,2026
3723,42880,S15,2,5,cvaeaug,2026
3724,42944,S15,2,5,cvaeaug,2026
3725,43008,S15,2,2,cvaeaug,2026
3726,43072,S15,2,2,cvaeaug,2026
3727,43136,S15,2,2,cvaeaug,2026
3728,43200,S15,2,5,cvaeaug,2026
3729,43264,S15,2,2,cvaeaug,2026
3730,43328,S15,2,2,cvaeaug,2026
3731,43392,S15,2,5,cvaeaug,2026
3732,43456,S15,2,2,cvaeaug,2026
3733,43520,S15,2,2,cvaeaug,2026
3734,43584,S15,2,2,cvaeaug,2026
3735,43648,S15,2,2,cvaeaug,2026
3736,43712,S15,2,2,cvaeaug,2026
3737,43776,S15,2,2,cvaeaug,2026
3738,43840,S15,2,2,cvaeaug,2026
3739,43904,S15,2,2,cvaeaug,2026
3740,43968,S15,2,2,cvaeaug,2026
3741,44032,S15,2,2,cvaeaug,2026
3742,44096,S15,2,2,cvaeaug,2026
3743,44160,S15,2,2,cvaeaug,2026
3744,44224,S15,2,5,cvaeaug,2026
3745,44288,S15,2,1,cvaeaug,2026
3746,44352,S15,2,2,cvaeaug,2026
3747,44416,S15,2,2,cvaeaug,2026
3748,44480,S15,2,2,cvaeaug,2026
3749,44544,S15,2,4,cvaeaug,2026
3750,44608,S15,2,5,cvaeaug,2026
3751,44672,S15,2,5,cvaeaug,2026
3752,44736,S15,2,2,cvaeaug,2026
3753,44800,S15,2,2,cvaeaug,2026
3754,44864,S15,2,2,cvaeaug,2026
3755,44928,S15,2,2,cvaeaug,2026
3756,44992,S15,2,2,cvaeaug,2026
3757,45056,S15,2,5,cvaeaug,2026
3758,45120,S15,2,5,cvaeaug,2026
3759,45184,S15,2,5,cvaeaug,2026
3760,45248,S15,2,2,cvaeaug,2026
3761,45312,S15,2,2,cvaeaug,2026
3762,45376,S15,2,2,cvaeaug,2026
3763,45440,S15,2,2,cvaeaug,2026
3764,45504,S15,2,5,cvaeaug,2026
3765,45568,S15,2,2,cvaeaug,2026
3766,45632,S15,2,5,cvaeaug,2026
3767,45696,S15,2,2,cvaeaug,2026
3768,45760,S15,2,5,cvaeaug,2026
3769,45824,S15,2,2,cvaeaug,2026
3770,45888,S15,2,5,cvaeaug,2026
3771,45952,S15,2,5,cvaeaug,2026
3772,46016,S15,2,2,cvaeaug,2026
3773,46080,S15,2,2,cvaeaug,2026
3774,46144,S15,2,2,cvaeaug,2026
3775,46208,S15,2,2,cvaeaug,2026
3776,46272,S15,2,2,cvaeaug,2026
3777,46336,S15,2,2,cvaeaug,2026
3778,46400,S15,2,2,cvaeaug,2026
3779,46464,S15,2,2,cvaeaug,2026
3780,46528,S15,2,2,cvaeaug,2026
3781,46592,S15,2,4,cvaeaug,2026
3782,46656,S15,2,2,cvaeaug,2026
3783,46720,S15,2,7,cvaeaug,2026
3784,46784,S15,2,2,cvaeaug,2026
3785,46848,S15,2,2,cvaeaug,2026
3786,46912,S15,2,2,cvaeaug,2026
3787,46976,S15,2,5,cvaeaug,2026
3788,47040,S15,2,2,cvaeaug,2026
3789,47104,S15,2,2,cvaeaug,2026
3790,47168,S15,2,5,cvaeaug,2026
3791,47232,S15,2,2,cvaeaug,2026
3792,47296,S15,2,2,cvaeaug,2026
3793,47360,S15,2,1,cvaeaug,2026
3794,47424,S15,2,2,cvaeaug,2026
3795,47488,S15,2,2,cvaeaug,2026
3796,47552,S15,2,5,cvaeaug,2026
3797,47616,S15,2,2,cvaeaug,2026
3798,47680,S15,2,5,cvaeaug,2026
3799,47744,S15,2,2,cvaeaug,2026
3800,47808,S15,2,2,cvaeaug,2026
3801,47872,S15,2,2,cvaeaug,2026
3802,47936,S15,2,2,cvaeaug,2026
3803,48000,S15,2,2,cvaeaug,2026
3804,48064,S15,2,2,cvaeaug,2026
3805,48128,S15,2,2,cvaeaug,2026
3806,48192,S15,2,2,cvaeaug,2026
3807,48256,S15,2,2,cvaeaug,2026
3808,48320,S15,2,2,cvaeaug,2026
3809,48384,S15,2,2,cvaeaug,2026
3810,48448,S15,2,2,cvaeaug,2026
3811,48512,S15,2,2,cvaeaug,2026
3812,48576,S15,2,2,cvaeaug,2026
3813,48640,S15,2,2,cvaeaug,2026
3814,48704,S15,2,2,cvaeaug,2026
3815,48768,S15,2,2,cvaeaug,2026
3816,48832,S15,2,2,cvaeaug,2026
3817,48896,S15,2,2,cvaeaug,2026
3818,48960,S15,2,2,cvaeaug,2026
3819,49024,S15,2,5,cvaeaug,2026
3820,49088,S15,2,2,cvaeaug,2026
3821,49152,S15,2,2,cvaeaug,2026
3822,49216,S15,2,2,cvaeaug,2026
3823,49280,S15,2,2,cvaeaug,2026
3824,49344,S15,2,2,cvaeaug,2026
3825,49408,S15,2,2,cvaeaug,2026
3826,49472,S15,2,2,cvaeaug,2026
3827,49536,S15,2,2,cvaeaug,2026
3828,49600,S15,2,2,cvaeaug,2026
3829,49664,S15,2,2,cvaeaug,2026
3830,49728,S15,2,5,cvaeaug,2026
3831,49792,S15,2,2,cvaeaug,2026
3832,49856,S15,2,2,cvaeaug,2026
3833,49920,S15,2,2,cvaeaug,2026
3834,49984,S15,2,2,cvaeaug,2026
3835,50048,S15,2,2,cvaeaug,2026
3836,50112,S15,2,2,cvaeaug,2026
3837,50176,S15,2,2,cvaeaug,2026
3838,50240,S15,2,2,cvaeaug,2026
3839,50304,S15,2,2,cvaeaug,2026
3840,50368,S15,2,2,cvaeaug,2026
3841,50432,S15,2,2,cvaeaug,2026
3842,50496,S15,2,1,cvaeaug,2026
3843,50560,S15,2,5,cvaeaug,2026
3844,50624,S15,2,2,cvaeaug,2026
3845,50688,S15,2,2,cvaeaug,2026
3846,50752,S15,2,2,cvaeaug,2026
3847,50816,S15,2,2,cvaeaug,2026
3848,50880,S15,2,2,cvaeaug,2026
3849,50944,S15,2,5,cvaeaug,2026
3850,51008,S15,2,5,cvaeaug,2026
3851,51072,S15,2,2,cvaeaug,2026
3852,51136,S15,2,2,cvaeaug,2026
3853,51200,S15,2,5,cvaeaug,2026
3854,51264,S15,2,2,cvaeaug,2026
3855,51328,S15,2,5,cvaeaug,2026
3856,51392,S15,2,2,cvaeaug,2026
3857,51456,S15,2,5,cvaeaug,2026
3858,51520,S15,2,2,cvaeaug,2026
3859,51584,S15,2,1,cvaeaug,2026
3860,51648,S15,2,2,cvaeaug,2026
3861,51712,S15,2,2,cvaeaug,2026
3862,51776,S15,2,2,cvaeaug,2026
3863,51840,S15,2,2,cvaeaug,2026
3864,51904,S15,2,5,cvaeaug,2026
3865,51968,S15,2,2,cvaeaug,2026
3866,52032,S15,2,5,cvaeaug,2026
3867,52096,S15,2,2,cvaeaug,2026
3868,52160,S15,2,2,cvaeaug,2026
3869,52224,S15,2,2,cvaeaug,2026
3870,52288,S15,2,2,cvaeaug,2026
3871,52352,S15,2,2,cvaeaug,2026
3872,52416,S15,2,2,cvaeaug,2026
3873,68416,S15,3,3,cvaeaug,2026
3874,68480,S15,3,3,cvaeaug,2026
3875,68544,S15,3,3,cvaeaug,2026
3876,68608,S15,3,3,cvaeaug,2026
3877,68672,S15,3,3,cvaeaug,2026
3878,68736,S15,3,3,cvaeaug,2026
3879,68800,S15,3,3,cvaeaug,2026
3880,68864,S15,3,3,cvaeaug,2026
3881,68928,S15,3,3,cvaeaug,2026
3882,68992,S15,3,3,cvaeaug,2026
3883,69056,S15,3,3,cvaeaug,2026
3884,69120,S15,3,3,cvaeaug,2026
3885,69184,S15,3,3,cvaeaug,2026
3886,69248,S15,3,3,cvaeaug,2026
3887,69312,S15,3,3,cvaeaug,2026
3888,69376,S15,3,3,cvaeaug,2026
3889,69440,S15,3,3,cvaeaug,2026
3890,69504,S15,3,3,cvaeaug,2026
3891,69568,S15,3,3,cvaeaug,2026
3892,69632,S15,3,3,cvaeaug,2026
3893,69696,S15,3,3,cvaeaug,2026
3894,69760,S15,3,3,cvaeaug,2026
3895,69824,S15,3,3,cvaeaug,2026
3896,69888,S15,3,3,cvaeaug,2026
3897,69952,S15,3,3,cvaeaug,2026
3898,70016,S15,3,3,cvaeaug,2026
3899,70080,S15,3,3,cvaeaug,2026
3900,70144,S15,3,3,cvaeaug,2026
3901,70208,S15,3,3,cvaeaug,2026
3902,70272,S15,3,3,cvaeaug,2026
3903,70336,S15,3,3,cvaeaug,2026
3904,70400,S15,3,3,cvaeaug,2026
3905,70464,S15,3,3,cvaeaug,2026
3906,70528,S15,3,3,cvaeaug,2026
3907,70592,S15,3,3,cvaeaug,2026
3908,70656,S15,3,3,cvaeaug,2026
3909,70720,S15,3,3,cvaeaug,2026
3910,70784,S15,3,3,cvaeaug,2026
3911,70848,S15,3,3,cvaeaug,2026
3912,70912,S15,3,3,cvaeaug,2026
3913,70976,S15,3,3,cvaeaug,2026
3914,71040,S15,3,3,cvaeaug,2026
3915,71104,S15,3,3,cvaeaug,2026
3916,71168,S15,3,3,cvaeaug,2026
3917,71232,S15,3,3,cvaeaug,2026
3918,71296,S15,3,3,cvaeaug,2026
3919,71360,S15,3,3,cvaeaug,2026
3920,71424,S15,3,3,cvaeaug,2026
3921,71488,S15,3,3,cvaeaug,2026
3922,71552,S15,3,3,cvaeaug,2026
3923,71616,S15,3,3,cvaeaug,2026
3924,71680,S15,3,3,cvaeaug,2026
3925,71744,S15,3,3,cvaeaug,2026
3926,71808,S15,3,3,cvaeaug,2026
3927,71872,S15,3,3,cvaeaug,2026
3928,71936,S15,3,3,cvaeaug,2026
3929,72000,S15,3,3,cvaeaug,2026
3930,72064,S15,3,3,cvaeaug,2026
3931,72128,S15,3,3,cvaeaug,2026
3932,72192,S15,3,3,cvaeaug,2026
3933,72256,S15,3,3,cvaeaug,2026
3934,72320,S15,3,3,cvaeaug,2026
3935,72384,S15,3,3,cvaeaug,2026
3936,72448,S15,3,3,cvaeaug,2026
3937,72512,S15,3,3,cvaeaug,2026
3938,72576,S15,3,3,cvaeaug,2026
3939,72640,S15,3,3,cvaeaug,2026
3940,72704,S15,3,3,cvaeaug,2026
3941,72768,S15,3,3,cvaeaug,2026
3942,72832,S15,3,3,cvaeaug,2026
3943,72896,S15,3,3,cvaeaug,2026
3944,72960,S15,3,3,cvaeaug,2026
3945,73024,S15,3,3,cvaeaug,2026
3946,73088,S15,3,3,cvaeaug,2026
3947,73152,S15,3,3,cvaeaug,2026
3948,73216,S15,3,3,cvaeaug,2026
3949,73280,S15,3,3,cvaeaug,2026
3950,73344,S15,3,3,cvaeaug,2026
3951,73408,S15,3,3,cvaeaug,2026
3952,73472,S15,3,3,cvaeaug,2026
3953,73536,S15,3,3,cvaeaug,2026
3954,73600,S15,3,3,cvaeaug,2026
3955,73664,S15,3,3,cvaeaug,2026
3956,73728,S15,3,3,cvaeaug,2026
3957,73792,S15,3,3,cvaeaug,2026
3958,73856,S15,3,3,cvaeaug,2026
3959,73920,S15,3,3,cvaeaug,2026
3960,73984,S15,3,3,cvaeaug,2026
3961,74048,S15,3,3,cvaeaug,2026
3962,74112,S15,3,3,cvaeaug,2026
3963,74176,S15,3,3,cvaeaug,2026
3964,74240,S15,3,3,cvaeaug,2026
3965,74304,S15,3,3,cvaeaug,2026
3966,74368,S15,3,3,cvaeaug,2026
3967,74432,S15,3,3,cvaeaug,2026
3968,74496,S15,3,3,cvaeaug,2026
3969,74560,S15,3,3,cvaeaug,2026
3970,74624,S15,3,3,cvaeaug,2026
3971,74688,S15,3,3,cvaeaug,2026
3972,74752,S15,3,3,cvaeaug,2026
3973,74816,S15,3,3,cvaeaug,2026
3974,74880,S15,3,3,cvaeaug,2026
3975,74944,S15,3,3,cvaeaug,2026
3976,75008,S15,3,3,cvaeaug,2026
3977,75072,S15,3,3,cvaeaug,2026
3978,75136,S15,3,3,cvaeaug,2026
3979,75200,S15,3,3,cvaeaug,2026
3980,75264,S15,3,3,cvaeaug,2026
3981,75328,S15,3,3,cvaeaug,2026
3982,75392,S15,3,3,cvaeaug,2026
3983,75456,S15,3,3,cvaeaug,2026
3984,75520,S15,3,3,cvaeaug,2026
3985,75584,S15,3,3,cvaeaug,2026
3986,75648,S15,3,3,cvaeaug,2026
3987,75712,S15,3,3,cvaeaug,2026
3988,75776,S15,3,3,cvaeaug,2026
3989,75840,S15,3,3,cvaeaug,2026
3990,75904,S15,3,3,cvaeaug,2026
3991,75968,S15,3,3,cvaeaug,2026
3992,76032,S15,3,3,cvaeaug,2026
3993,76096,S15,3,3,cvaeaug,2026
3994,76160,S15,3,3,cvaeaug,2026
3995,76224,S15,3,3,cvaeaug,2026
3996,76288,S15,3,3,cvaeaug,2026
3997,76352,S15,3,3,cvaeaug,2026
3998,76416,S15,3,3,cvaeaug,2026
3999,76480,S15,3,3,cvaeaug,2026
4000,76544,S15,3,3,cvaeaug,2026
4001,76608,S15,3,3,cvaeaug,2026
4002,76672,S15,3,3,cvaeaug,2026
4003,76736,S15,3,3,cvaeaug,2026
4004,76800,S15,3,3,cvaeaug,2026
4005,76864,S15,3,3,cvaeaug,2026
4006,76928,S15,3,3,cvaeaug,2026
4007,76992,S15,3,3,cvaeaug,2026
4008,77056,S15,3,3,cvaeaug,2026
4009,77120,S15,3,3,cvaeaug,2026
4010,77184,S15,3,3,cvaeaug,2026
4011,77248,S15,3,3,cvaeaug,2026
4012,77312,S15,3,3,cvaeaug,2026
4013,77376,S15,3,3,cvaeaug,2026
4014,77440,S15,3,3,cvaeaug,2026
4015,77504,S15,3,3,cvaeaug,2026
4016,77568,S15,3,3,cvaeaug,2026
4017,77632,S15,3,3,cvaeaug,2026
4018,77696,S15,3,3,cvaeaug,2026
4019,77760,S15,3,3,cvaeaug,2026
4020,77824,S15,3,3,cvaeaug,2026
4021,77888,S15,3,3,cvaeaug,2026
4022,77952,S15,3,3,cvaeaug,2026
4023,78016,S15,3,3,cvaeaug,2026
4024,78080,S15,3,3,cvaeaug,2026
4025,78144,S15,3,3,cvaeaug,2026
4026,78208,S15,3,3,cvaeaug,2026
4027,78272,S15,3,3,cvaeaug,2026
4028,78336,S15,3,3,cvaeaug,2026
4029,78400,S15,3,3,cvaeaug,2026
4030,78464,S15,3,3,cvaeaug,2026
4031,78528,S15,3,3,cvaeaug,2026
4032,78592,S15,3,3,cvaeaug,2026
4033,78656,S15,3,3,cvaeaug,2026
4034,78720,S15,3,3,cvaeaug,2026
4035,78784,S15,3,3,cvaeaug,2026
4036,78848,S15,3,3,cvaeaug,2026
4037,78912,S15,3,3,cvaeaug,2026
4038,78976,S15,3,3,cvaeaug,2026
4039,79040,S15,3,3,cvaeaug,2026
4040,79104,S15,3,3,cvaeaug,2026
4041,79168,S15,3,3,cvaeaug,2026
4042,79232,S15,3,3,cvaeaug,2026
4043,79296,S15,3,3,cvaeaug,2026
4044,79360,S15,3,3,cvaeaug,2026
4045,79424,S15,3,3,cvaeaug,2026
4046,79488,S15,3,3,cvaeaug,2026
4047,79552,S15,3,3,cvaeaug,2026
4048,79616,S15,3,3,cvaeaug,2026
4049,79680,S15,3,3,cvaeaug,2026
4050,79744,S15,3,3,cvaeaug,2026
4051,79808,S15,3,3,cvaeaug,2026
4052,79872,S15,3,3,cvaeaug,2026
4053,79936,S15,3,3,cvaeaug,2026
4054,80000,S15,3,3,cvaeaug,2026
4055,80064,S15,3,3,cvaeaug,2026
4056,80128,S15,3,3,cvaeaug,2026
4057,80192,S15,3,3,cvaeaug,2026
4058,80256,S15,3,3,cvaeaug,2026
4059,80320,S15,3,3,cvaeaug,2026
4060,80384,S15,3,3,cvaeaug,2026
4061,80448,S15,3,3,cvaeaug,2026
4062,80512,S15,3,3,cvaeaug,2026
4063,80576,S15,3,3,cvaeaug,2026
4064,80640,S15,3,3,cvaeaug,2026
4065,80704,S15,3,3,cvaeaug,2026
4066,80768,S15,3,3,cvaeaug,2026
4067,80832,S15,3,3,cvaeaug,2026
4068,80896,S15,3,3,cvaeaug,2026
4069,80960,S15,3,3,cvaeaug,2026
4070,81024,S15,3,3,cvaeaug,2026
4071,81088,S15,3,3,cvaeaug,2026
4072,81152,S15,3,3,cvaeaug,2026
4073,81216,S15,3,3,cvaeaug,2026
4074,95936,S15,4,5,cvaeaug,2026
4075,96000,S15,4,5,cvaeaug,2026
4076,96064,S15,4,5,cvaeaug,2026
4077,96128,S15,4,2,cvaeaug,2026
4078,96192,S15,4,7,cvaeaug,2026
4079,96256,S15,4,2,cvaeaug,2026
4080,96320,S15,4,2,cvaeaug,2026
4081,96384,S15,4,2,cvaeaug,2026
4082,96448,S15,4,2,cvaeaug,2026
4083,96512,S15,4,5,cvaeaug,2026
4084,96576,S15,4,2,cvaeaug,2026
4085,96640,S15,4,0,cvaeaug,2026
4086,96704,S15,4,2,cvaeaug,2026
4087,96768,S15,4,2,cvaeaug,2026
4088,96832,S15,4,5,cvaeaug,2026
4089,96896,S15,4,7,cvaeaug,2026
4090,96960,S15,4,2,cvaeaug,2026
4091,97024,S15,4,7,cvaeaug,2026
4092,97088,S15,4,5,cvaeaug,2026
4093,97152,S15,4,7,cvaeaug,2026
4094,97216,S15,4,5,cvaeaug,2026
4095,97280,S15,4,7,cvaeaug,2026
4096,97344,S15,4,5,cvaeaug,2026
4097,97408,S15,4,2,cvaeaug,2026
4098,97472,S15,4,2,cvaeaug,2026
4099,97536,S15,4,5,cvaeaug,2026
4100,97600,S15,4,4,cvaeaug,2026
4101,97664,S15,4,5,cvaeaug,2026
4102,97728,S15,4,2,cvaeaug,2026
4103,97792,S15,4,5,cvaeaug,2026
4104,97856,S15,4,5,cvaeaug,2026
4105,97920,S15,4,4,cvaeaug,2026
4106,97984,S15,4,5,cvaeaug,2026
4107,98048,S15,4,2,cvaeaug,2026
4108,98112,S15,4,5,cvaeaug,2026
4109,98176,S15,4,2,cvaeaug,2026
4110,98240,S15,4,5,cvaeaug,2026
4111,98304,S15,4,2,cvaeaug,2026
4112,98368,S15,4,5,cvaeaug,2026
4113,98432,S15,4,2,cvaeaug,2026
4114,98496,S15,4,2,cvaeaug,2026
4115,98560,S15,4,5,cvaeaug,2026
4116,98624,S15,4,2,cvaeaug,2026
4117,98688,S15,4,4,cvaeaug,2026
4118,98752,S15,4,5,cvaeaug,2026
4119,98816,S15,4,2,cvaeaug,2026
4120,98880,S15,4,5,cvaeaug,2026
4121,98944,S15,4,5,cvaeaug,2026
4122,99008,S15,4,2,cvaeaug,2026
4123,99072,S15,4,2,cvaeaug,2026
4124,99136,S15,4,2,cvaeaug,2026
4125,99200,S15,4,5,cvaeaug,2026
4126,99264,S15,4,1,cvaeaug,2026
4127,99328,S15,4,5,cvaeaug,2026
4128,99392,S15,4,5,cvaeaug,2026
4129,99456,S15,4,2,cvaeaug,2026
4130,99520,S15,4,5,cvaeaug,2026
4131,99584,S15,4,2,cvaeaug,2026
4132,99648,S15,4,5,cvaeaug,2026
4133,99712,S15,4,5,cvaeaug,2026
4134,99776,S15,4,5,cvaeaug,2026
4135,99840,S15,4,2,cvaeaug,2026
4136,99904,S15,4,2,cvaeaug,2026
4137,99968,S15,4,5,cvaeaug,2026
4138,100032,S15,4,5,cvaeaug,2026
4139,100096,S15,4,2,cvaeaug,2026
4140,100160,S15,4,2,cvaeaug,2026
4141,100224,S15,4,7,cvaeaug,2026
4142,100288,S15,4,2,cvaeaug,2026
4143,100352,S15,4,2,cvaeaug,2026
4144,100416,S15,4,2,cvaeaug,2026
4145,100480,S15,4,5,cvaeaug,2026
4146,100544,S15,4,2,cvaeaug,2026
4147,100608,S15,4,2,cvaeaug,2026
4148,100672,S15,4,0,cvaeaug,2026
4149,100736,S15,4,5,cvaeaug,2026
4150,100800,S15,4,5,cvaeaug,2026
4151,100864,S15,4,5,cvaeaug,2026
4152,100928,S15,4,5,cvaeaug,2026
4153,100992,S15,4,5,cvaeaug,2026
4154,101056,S15,4,2,cvaeaug,2026
4155,101120,S15,4,2,cvaeaug,2026
4156,101184,S15,4,5,cvaeaug,2026
4157,101248,S15,4,2,cvaeaug,2026
4158,101312,S15,4,5,cvaeaug,2026
4159,101376,S15,4,2,cvaeaug,2026
4160,101440,S15,4,5,cvaeaug,2026
4161,101504,S15,4,5,cvaeaug,2026
4162,101568,S15,4,2,cvaeaug,2026
4163,101632,S15,4,5,cvaeaug,2026
4164,101696,S15,4,2,cvaeaug,2026
4165,101760,S15,4,5,cvaeaug,2026
4166,101824,S15,4,2,cvaeaug,2026
4167,101888,S15,4,5,cvaeaug,2026
4168,101952,S15,4,4,cvaeaug,2026
4169,102016,S15,4,5,cvaeaug,2026
4170,102080,S15,4,2,cvaeaug,2026
4171,102144,S15,4,5,cvaeaug,2026
4172,102208,S15,4,5,cvaeaug,2026
4173,102272,S15,4,7,cvaeaug,2026
4174,102336,S15,4,2,cvaeaug,2026
4175,102400,S15,4,5,cvaeaug,2026
4176,102464,S15,4,7,cvaeaug,2026
4177,102528,S15,4,4,cvaeaug,2026
4178,102592,S15,4,2,cvaeaug,2026
4179,102656,S15,4,2,cvaeaug,2026
4180,102720,S15,4,2,cvaeaug,2026
4181,102784,S15,4,7,cvaeaug,2026
4182,102848,S15,4,2,cvaeaug,2026
4183,102912,S15,4,7,cvaeaug,2026
4184,102976,S15,4,2,cvaeaug,2026
4185,103040,S15,4,7,cvaeaug,2026
4186,103104,S15,4,5,cvaeaug,2026
4187,103168,S15,4,5,cvaeaug,2026
4188,103232,S15,4,4,cvaeaug,2026
4189,103296,S15,4,5,cvaeaug,2026
4190,103360,S15,4,2,cvaeaug,2026
4191,103424,S15,4,5,cvaeaug,2026
4192,103488,S15,4,5,cvaeaug,2026
4193,103552,S15,4,7,cvaeaug,2026
4194,103616,S15,4,2,cvaeaug,2026
4195,103680,S15,4,5,cvaeaug,2026
4196,103744,S15,4,7,cvaeaug,2026
4197,103808,S15,4,7,cvaeaug,2026
4198,103872,S15,4,4,cvaeaug,2026
4199,103936,S15,4,5,cvaeaug,2026
4200,104000,S15,4,2,cvaeaug,2026
4201,104064,S15,4,5,cvaeaug,2026
4202,104128,S15,4,4,cvaeaug,2026
4203,104192,S15,4,2,cvaeaug,2026
4204,104256,S15,4,5,cvaeaug,2026
4205,104320,S15,4,5,cvaeaug,2026
4206,104384,S15,4,2,cvaeaug,2026
4207,104448,S15,4,2,cvaeaug,2026
4208,104512,S15,4,5,cvaeaug,2026
4209,104576,S15,4,5,cvaeaug,2026
4210,104640,S15,4,5,cvaeaug,2026
4211,104704,S15,4,5,cvaeaug,2026
4212,104768,S15,4,2,cvaeaug,2026
4213,104832,S15,4,7,cvaeaug,2026
4214,104896,S15,4,5,cvaeaug,2026
4215,104960,S15,4,2,cvaeaug,2026
4216,105024,S15,4,2,cvaeaug,2026
4217,105088,S15,4,5,cvaeaug,2026
4218,105152,S15,4,4,cvaeaug,2026
4219,105216,S15,4,2,cvaeaug,2026
4220,105280,S15,4,5,cvaeaug,2026
4221,105344,S15,4,5,cvaeaug,2026
4222,105408,S15,4,5,cvaeaug,2026
4223,105472,S15,4,2,cvaeaug,2026
4224,105536,S15,4,5,cvaeaug,2026
4225,105600,S15,4,7,cvaeaug,2026
4226,105664,S15,4,5,cvaeaug,2026
4227,105728,S15,4,5,cvaeaug,2026
4228,105792,S15,4,5,cvaeaug,2026
4229,105856,S15,4,7,cvaeaug,2026
4230,105920,S15,4,5,cvaeaug,2026
4231,105984,S15,4,7,cvaeaug,2026
4232,106048,S15,4,5,cvaeaug,2026
4233,106112,S15,4,7,cvaeaug,2026
4234,106176,S15,4,2,cvaeaug,2026
4235,106240,S15,4,5,cvaeaug,2026
4236,106304,S15,4,5,cvaeaug,2026
4237,106368,S15,4,2,cvaeaug,2026
4238,106432,S15,4,2,cvaeaug,2026
4239,106496,S15,4,2,cvaeaug,2026
4240,106560,S15,4,2,cvaeaug,2026
4241,106624,S15,4,5,cvaeaug,2026
4242,106688,S15,4,2,cvaeaug,2026
4243,106752,S15,4,5,cvaeaug,2026
4244,106816,S15,4,5,cvaeaug,2026
4245,106880,S15,4,2,cvaeaug,2026
4246,106944,S15,4,2,cvaeaug,2026
4247,107008,S15,4,7,cvaeaug,2026
4248,107072,S15,4,2,cvaeaug,2026
4249,107136,S15,4,5,cvaeaug,2026
4250,107200,S15,4,2,cvaeaug,2026
4251,107264,S15,4,2,cvaeaug,2026
4252,107328,S15,4,4,cvaeaug,2026
4253,107392,S15,4,5,cvaeaug,2026
4254,107456,S15,4,2,cvaeaug,2026
4255,107520,S15,4,5,cvaeaug,2026
4256,107584,S15,4,5,cvaeaug,2026
4257,107648,S15,4,2,cvaeaug,2026
4258,107712,S15,4,5,cvaeaug,2026
4259,107776,S15,4,7,cvaeaug,2026
4260,107840,S15,4,5,cvaeaug,2026
4261,107904,S15,4,4,cvaeaug,2026
4262,107968,S15,4,4,cvaeaug,2026
4263,108032,S15,4,2,cvaeaug,2026
4264,108096,S15,4,5,cvaeaug,2026
4265,108160,S15,4,2,cvaeaug,2026
4266,108224,S15,4,5,cvaeaug,2026
4267,108288,S15,4,5,cvaeaug,2026
4268,108352,S15,4,2,cvaeaug,2026
4269,108416,S15,4,2,cvaeaug,2026
4270,108480,S15,4,2,cvaeaug,2026
4271,108544,S15,4,5,cvaeaug,2026
4272,108608,S15,4,5,cvaeaug,2026
4273,108672,S15,4,5,cvaeaug,2026
4274,108736,S15,4,2,cvaeaug,2026
4275,108800,S15,4,2,cvaeaug,2026
4276,108864,S15,4,7,cvaeaug,2026
4277,108928,S15,4,5,cvaeaug,2026
4278,108992,S15,4,5,cvaeaug,2026
4279,109056,S15,4,4,cvaeaug,2026
4280,109120,S15,4,7,cvaeaug,2026
4281,109184,S15,4,5,cvaeaug,2026
4282,109248,S15,4,5,cvaeaug,2026
4283,109312,S15,4,2,cvaeaug,2026
4284,109376,S15,4,5,cvaeaug,2026
4285,109440,S15,4,5,cvaeaug,2026
4286,109504,S15,4,7,cvaeaug,2026
4287,109568,S15,4,5,cvaeaug,2026
4288,109632,S15,4,4,cvaeaug,2026
4289,109696,S15,4,0,cvaeaug,2026
4290,109760,S15,4,2,cvaeaug,2026
4291,109824,S15,4,2,cvaeaug,2026
4292,109888,S15,4,2,cvaeaug,2026
4293,109952,S15,4,4,cvaeaug,2026
4294,110016,S15,4,4,cvaeaug,2026
4295,110080,S15,4,4,cvaeaug,2026
4296,110144,S15,4,4,cvaeaug,2026
4297,110208,S15,4,7,cvaeaug,2026
4298,110272,S15,4,5,cvaeaug,2026
4299,110336,S15,4,2,cvaeaug,2026
4300,110400,S15,4,2,cvaeaug,2026
4301,110464,S15,4,2,cvaeaug,2026
4302,110528,S15,4,2,cvaeaug,2026
4303,110592,S15,4,5,cvaeaug,2026
4304,110656,S15,4,5,cvaeaug,2026
4305,110720,S15,4,7,cvaeaug,2026
4306,110784,S15,4,5,cvaeaug,2026
4307,110848,S15,4,2,cvaeaug,2026
4308,110912,S15,4,5,cvaeaug,2026
4309,110976,S15,4,2,cvaeaug,2026
4310,111040,S15,4,5,cvaeaug,2026
4311,111104,S15,4,2,cvaeaug,2026
4312,111168,S15,4,5,cvaeaug,2026
4313,111232,S15,4,5,cvaeaug,2026
4314,111296,S15,4,5,cvaeaug,2026
4315,111360,S15,4,2,cvaeaug,2026
4316,111424,S15,4,2,cvaeaug,2026
4317,111488,S15,4,2,cvaeaug,2026
4318,111552,S15,4,5,cvaeaug,2026
4319,111616,S15,4,5,cvaeaug,2026
4320,111680,S15,4,2,cvaeaug,2026
4321,111744,S15,4,0,cvaeaug,2026
4322,111808,S15,4,2,cvaeaug,2026
4323,111872,S15,4,2,cvaeaug,2026
4324,111936,S15,4,5,cvaeaug,2026
4325,112000,S15,4,5,cvaeaug,2026
4326,112064,S15,4,5,cvaeaug,2026
4327,112128,S15,4,0,cvaeaug,2026
4328,112192,S15,4,5,cvaeaug,2026
4329,112256,S15,4,5,cvaeaug,2026
4330,112320,S15,4,5,cvaeaug,2026
4331,112384,S15,4,2,cvaeaug,2026
4332,112448,S15,4,5,cvaeaug,2026
4333,112512,S15,4,2,cvaeaug,2026
4334,112576,S15,4,5,cvaeaug,2026
4335,112640,S15,4,5,cvaeaug,2026
4336,112704,S15,4,4,cvaeaug,2026
4337,112768,S15,4,5,cvaeaug,2026
4338,112832,S15,4,5,cvaeaug,2026
4339,112896,S15,4,4,cvaeaug,2026
4340,112960,S15,4,5,cvaeaug,2026
4341,113024,S15,4,2,cvaeaug,2026
4342,113088,S15,4,7,cvaeaug,2026
4343,113152,S15,4,7,cvaeaug,2026
4344,113216,S15,4,5,cvaeaug,2026
4345,113280,S15,4,5,cvaeaug,2026
4346,113344,S15,4,2,cvaeaug,2026
4347,113408,S15,4,2,cvaeaug,2026
4348,113472,S15,4,2,cvaeaug,2026
4349,113536,S15,4,2,cvaeaug,2026
4350,113600,S15,4,7,cvaeaug,2026
4351,113664,S15,4,5,cvaeaug,2026
4352,113728,S15,4,2,cvaeaug,2026
4353,113792,S15,4,0,cvaeaug,2026
4354,113856,S15,4,5,cvaeaug,2026
4355,113920,S15,4,5,cvaeaug,2026
4356,113984,S15,4,4,cvaeaug,2026
4357,114048,S15,4,7,cvaeaug,2026
4358,114112,S15,4,5,cvaeaug,2026
4359,114176,S15,4,2,cvaeaug,2026
4360,114240,S15,4,2,cvaeaug,2026
4361,114304,S15,4,5,cvaeaug,2026
4362,114368,S15,4,5,cvaeaug,2026
4363,114432,S15,4,7,cvaeaug,2026
4364,114496,S15,4,5,cvaeaug,2026
4365,114560,S15,4,2,cvaeaug,2026
4366,114624,S15,4,5,cvaeaug,2026
4367,114688,S15,4,7,cvaeaug,2026
4368,114752,S15,4,2,cvaeaug,2026
4369,114816,S15,4,5,cvaeaug,2026
4370,114880,S15,4,5,cvaeaug,2026
4371,114944,S15,4,4,cvaeaug,2026
4372,115008,S15,4,5,cvaeaug,2026
4373,115072,S15,4,5,cvaeaug,2026
4374,115136,S15,4,2,cvaeaug,2026
4375,115200,S15,4,5,cvaeaug,2026
4376,115264,S15,4,5,cvaeaug,2026
4377,115328,S15,4,5,cvaeaug,2026
4378,115392,S15,4,2,cvaeaug,2026
4379,115456,S15,4,2,cvaeaug,2026
4380,115520,S15,4,5,cvaeaug,2026
4381,115584,S15,4,7,cvaeaug,2026
4382,115648,S15,4,2,cvaeaug,2026
4383,115712,S15,4,2,cvaeaug,2026
4384,115776,S15,4,7,cvaeaug,2026
4385,115840,S15,4,2,cvaeaug,2026
4386,115904,S15,4,7,cvaeaug,2026
4387,115968,S15,4,5,cvaeaug,2026
4388,116032,S15,4,7,cvaeaug,2026
4389,116096,S15,4,5,cvaeaug,2026
4390,116160,S15,4,5,cvaeaug,2026
4391,116224,S15,4,2,cvaeaug,2026
4392,116288,S15,4,5,cvaeaug,2026
4393,116352,S15,4,5,cvaeaug,2026
4394,116416,S15,4,5,cvaeaug,2026
4395,116480,S15,4,7,cvaeaug,2026
4396,116544,S15,4,2,cvaeaug,2026
4397,116608,S15,4,2,cvaeaug,2026
4398,116672,S15,4,7,cvaeaug,2026
4399,116736,S15,4,5,cvaeaug,2026
4400,116800,S15,4,5,cvaeaug,2026
4401,116864,S15,4,5,cvaeaug,2026
4402,116928,S15,4,5,cvaeaug,2026
4403,116992,S15,4,2,cvaeaug,2026
4404,117056,S15,4,7,cvaeaug,2026
4405,117120,S15,4,7,cvaeaug,2026
4406,117184,S15,4,5,cvaeaug,2026
4407,117248,S15,4,5,cvaeaug,2026
4408,117312,S15,4,4,cvaeaug,2026
4409,117376,S15,4,2,cvaeaug,2026
4410,117440,S15,4,2,cvaeaug,2026
4411,117504,S15,4,2,cvaeaug,2026
4412,117568,S15,4,2,cvaeaug,2026
4413,117632,S15,4,0,cvaeaug,2026
4414,117696,S15,4,2,cvaeaug,2026
4415,117760,S15,4,7,cvaeaug,2026
4416,117824,S15,4,7,cvaeaug,2026
4417,117888,S15,4,4,cvaeaug,2026
4418,117952,S15,4,2,cvaeaug,2026
4419,118016,S15,4,5,cvaeaug,2026
4420,118080,S15,4,7,cvaeaug,2026
4421,118144,S15,4,5,cvaeaug,2026
4422,118208,S15,4,7,cvaeaug,2026
4423,118272,S15,4,2,cvaeaug,2026
4424,118336,S15,4,7,cvaeaug,2026
4425,118400,S15,4,4,cvaeaug,2026
4426,118464,S15,4,5,cvaeaug,2026
4427,118528,S15,4,5,cvaeaug,2026
4428,118592,S15,4,7,cvaeaug,2026
4429,118656,S15,4,2,cvaeaug,2026
4430,118720,S15,4,5,cvaeaug,2026
4431,118784,S15,4,2,cvaeaug,2026
4432,118848,S15,4,5,cvaeaug,2026
4433,118912,S15,4,4,cvaeaug,2026
4434,118976,S15,4,4,cvaeaug,2026
4435,119040,S15,4,4,cvaeaug,2026
4436,119104,S15,4,5,cvaeaug,2026
4437,119168,S15,4,7,cvaeaug,2026
4438,119232,S15,4,5,cvaeaug,2026
4439,119296,S15,4,5,cvaeaug,2026
4440,119360,S15,4,2,cvaeaug,2026
4441,119424,S15,4,5,cvaeaug,2026
4442,119488,S15,4,7,cvaeaug,2026
4443,119552,S15,4,5,cvaeaug,2026
4444,119616,S15,4,2,cvaeaug,2026
4445,119680,S15,4,2,cvaeaug,2026
4446,119744,S15,4,4,cvaeaug,2026
4447,119808,S15,4,2,cvaeaug,2026
4448,119872,S15,4,2,cvaeaug,2026
4449,119936,S15,4,2,cvaeaug,2026
4450,120000,S15,4,2,cvaeaug,2026
4451,120064,S15,4,5,cvaeaug,2026
4452,120128,S15,4,5,cvaeaug,2026
4453,120192,S15,4,2,cvaeaug,2026
4454,120256,S15,4,7,cvaeaug,2026
4455,120320,S15,4,5,cvaeaug,2026
4456,120384,S15,4,2,cvaeaug,2026
4457,120448,S15,4,5,cvaeaug,2026
4458,120512,S15,4,2,cvaeaug,2026
4459,120576,S15,4,5,cvaeaug,2026
4460,120640,S15,4,5,cvaeaug,2026
4461,120704,S15,4,5,cvaeaug,2026
4462,120768,S15,4,2,cvaeaug,2026
4463,120832,S15,4,5,cvaeaug,2026
4464,120896,S15,4,5,cvaeaug,2026
4465,134336,S15,5,5,cvaeaug,2026
4466,134400,S15,5,2,cvaeaug,2026
4467,134464,S15,5,2,cvaeaug,2026
4468,134528,S15,5,0,cvaeaug,2026
4469,134592,S15,5,2,cvaeaug,2026
4470,134656,S15,5,2,cvaeaug,2026
4471,134720,S15,5,2,cvaeaug,2026
4472,134784,S15,5,2,cvaeaug,2026
4473,134848,S15,5,2,cvaeaug,2026
4474,134912,S15,5,2,cvaeaug,2026
4475,134976,S15,5,2,cvaeaug,2026
4476,135040,S15,5,7,cvaeaug,2026
4477,135104,S15,5,2,cvaeaug,2026
4478,135168,S15,5,5,cvaeaug,2026
4479,135232,S15,5,2,cvaeaug,2026
4480,135296,S15,5,5,cvaeaug,2026
4481,135360,S15,5,2,cvaeaug,2026
4482,135424,S15,5,0,cvaeaug,2026
4483,135488,S15,5,2,cvaeaug,2026
4484,135552,S15,5,2,cvaeaug,2026
4485,135616,S15,5,7,cvaeaug,2026
4486,135680,S15,5,5,cvaeaug,2026
4487,135744,S15,5,2,cvaeaug,2026
4488,135808,S15,5,4,cvaeaug,2026
4489,135872,S15,5,7,cvaeaug,2026
4490,135936,S15,5,2,cvaeaug,2026
4491,136000,S15,5,2,cvaeaug,2026
4492,136064,S15,5,2,cvaeaug,2026
4493,136128,S15,5,2,cvaeaug,2026
4494,136192,S15,5,5,cvaeaug,2026
4495,136256,S15,5,0,cvaeaug,2026
4496,136320,S15,5,7,cvaeaug,2026
4497,136384,S15,5,2,cvaeaug,2026
4498,136448,S15,5,5,cvaeaug,2026
4499,136512,S15,5,2,cvaeaug,2026
4500,136576,S15,5,5,cvaeaug,2026
4501,136640,S15,5,5,cvaeaug,2026
4502,136704,S15,5,5,cvaeaug,2026
4503,136768,S15,5,2,cvaeaug,2026
4504,136832,S15,5,2,cvaeaug,2026
4505,136896,S15,5,2,cvaeaug,2026
4506,136960,S15,5,7,cvaeaug,2026
4507,137024,S15,5,5,cvaeaug,2026
4508,137088,S15,5,2,cvaeaug,2026
4509,137152,S15,5,2,cvaeaug,2026
4510,137216,S15,5,2,cvaeaug,2026
4511,137280,S15,5,2,cvaeaug,2026
4512,137344,S15,5,2,cvaeaug,2026
4513,137408,S15,5,2,cvaeaug,2026
4514,137472,S15,5,0,cvaeaug,2026
4515,137536,S15,5,2,cvaeaug,2026
4516,137600,S15,5,4,cvaeaug,2026
4517,137664,S15,5,5,cvaeaug,2026
4518,137728,S15,5,2,cvaeaug,2026
4519,137792,S15,5,5,cvaeaug,2026
4520,137856,S15,5,5,cvaeaug,2026
4521,137920,S15,5,5,cvaeaug,2026
4522,137984,S15,5,5,cvaeaug,2026
4523,138048,S15,5,5,cvaeaug,2026
4524,138112,S15,5,2,cvaeaug,2026
4525,138176,S15,5,0,cvaeaug,2026
4526,138240,S15,5,5,cvaeaug,2026
4527,138304,S15,5,2,cvaeaug,2026
4528,138368,S15,5,2,cvaeaug,2026
4529,138432,S15,5,2,cvaeaug,2026
4530,138496,S15,5,7,cvaeaug,2026
4531,138560,S15,5,2,cvaeaug,2026
4532,138624,S15,5,2,cvaeaug,2026
4533,138688,S15,5,2,cvaeaug,2026
4534,138752,S15,5,2,cvaeaug,2026
4535,138816,S15,5,2,cvaeaug,2026
4536,138880,S15,5,2,cvaeaug,2026
4537,138944,S15,5,5,cvaeaug,2026
4538,139008,S15,5,2,cvaeaug,2026
4539,139072,S15,5,5,cvaeaug,2026
4540,139136,S15,5,2,cvaeaug,2026
4541,139200,S15,5,2,cvaeaug,2026
4542,139264,S15,5,2,cvaeaug,2026
4543,139328,S15,5,5,cvaeaug,2026
4544,139392,S15,5,7,cvaeaug,2026
4545,139456,S15,5,2,cvaeaug,2026
4546,139520,S15,5,5,cvaeaug,2026
4547,139584,S15,5,5,cvaeaug,2026
4548,139648,S15,5,5,cvaeaug,2026
4549,139712,S15,5,2,cvaeaug,2026
4550,139776,S15,5,5,cvaeaug,2026
4551,139840,S15,5,7,cvaeaug,2026
4552,139904,S15,5,5,cvaeaug,2026
4553,139968,S15,5,2,cvaeaug,2026
4554,140032,S15,5,5,cvaeaug,2026
4555,140096,S15,5,0,cvaeaug,2026
4556,140160,S15,5,2,cvaeaug,2026
4557,140224,S15,5,2,cvaeaug,2026
4558,140288,S15,5,5,cvaeaug,2026
4559,140352,S15,5,2,cvaeaug,2026
4560,140416,S15,5,2,cvaeaug,2026
4561,140480,S15,5,2,cvaeaug,2026
4562,140544,S15,5,2,cvaeaug,2026
4563,140608,S15,5,2,cvaeaug,2026
4564,140672,S15,5,2,cvaeaug,2026
4565,140736,S15,5,2,cvaeaug,2026
4566,140800,S15,5,5,cvaeaug,2026
4567,140864,S15,5,5,cvaeaug,2026
4568,140928,S15,5,2,cvaeaug,2026
4569,140992,S15,5,4,cvaeaug,2026
4570,141056,S15,5,2,cvaeaug,2026
4571,141120,S15,5,2,cvaeaug,2026
4572,141184,S15,5,2,cvaeaug,2026
4573,141248,S15,5,7,cvaeaug,2026
4574,141312,S15,5,2,cvaeaug,2026
4575,141376,S15,5,2,cvaeaug,2026
4576,141440,S15,5,2,cvaeaug,2026
4577,141504,S15,5,2,cvaeaug,2026
4578,141568,S15,5,2,cvaeaug,2026
4579,141632,S15,5,5,cvaeaug,2026
4580,141696,S15,5,2,cvaeaug,2026
4581,141760,S15,5,5,cvaeaug,2026
4582,141824,S15,5,5,cvaeaug,2026
4583,141888,S15,5,2,cvaeaug,2026
4584,141952,S15,5,5,cvaeaug,2026
4585,142016,S15,5,5,cvaeaug,2026
4586,142080,S15,5,2,cvaeaug,2026
4587,142144,S15,5,2,cvaeaug,2026
4588,142208,S15,5,5,cvaeaug,2026
4589,142272,S15,5,5,cvaeaug,2026
4590,142336,S15,5,2,cvaeaug,2026
4591,142400,S15,5,5,cvaeaug,2026
4592,142464,S15,5,2,cvaeaug,2026
4593,142528,S15,5,2,cvaeaug,2026
4594,142592,S15,5,2,cvaeaug,2026
4595,142656,S15,5,5,cvaeaug,2026
4596,142720,S15,5,5,cvaeaug,2026
4597,142784,S15,5,7,cvaeaug,2026
4598,142848,S15,5,2,cvaeaug,2026
4599,142912,S15,5,2,cvaeaug,2026
4600,142976,S15,5,5,cvaeaug,2026
4601,143040,S15,5,5,cvaeaug,2026
4602,143104,S15,5,4,cvaeaug,2026
4603,143168,S15,5,5,cvaeaug,2026
4604,143232,S15,5,5,cvaeaug,2026
4605,143296,S15,5,5,cvaeaug,2026
4606,143360,S15,5,5,cvaeaug,2026
4607,143424,S15,5,2,cvaeaug,2026
4608,143488,S15,5,5,cvaeaug,2026
4609,143552,S15,5,5,cvaeaug,2026
4610,143616,S15,5,4,cvaeaug,2026
4611,143680,S15,5,0,cvaeaug,2026
4612,143744,S15,5,2,cvaeaug,2026
4613,143808,S15,5,5,cvaeaug,2026
4614,143872,S15,5,5,cvaeaug,2026
4615,143936,S15,5,5,cvaeaug,2026
4616,144000,S15,5,2,cvaeaug,2026
4617,144064,S15,5,2,cvaeaug,2026
4618,144128,S15,5,2,cvaeaug,2026
4619,144192,S15,5,2,cvaeaug,2026
4620,144256,S15,5,2,cvaeaug,2026
4621,144320,S15,5,2,cvaeaug,2026
4622,144384,S15,5,2,cvaeaug,2026
4623,144448,S15,5,5,cvaeaug,2026
4624,144512,S15,5,2,cvaeaug,2026
4625,144576,S15,5,2,cvaeaug,2026
4626,144640,S15,5,2,cvaeaug,2026
4627,144704,S15,5,2,cvaeaug,2026
4628,144768,S15,5,2,cvaeaug,2026
4629,144832,S15,5,2,cvaeaug,2026
4630,144896,S15,5,5,cvaeaug,2026
4631,144960,S15,5,2,cvaeaug,2026
4632,145024,S15,5,5,cvaeaug,2026
4633,145088,S15,5,5,cvaeaug,2026
4634,145152,S15,5,0,cvaeaug,2026
4635,145216,S15,5,2,cvaeaug,2026
4636,145280,S15,5,5,cvaeaug,2026
4637,145344,S15,5,5,cvaeaug,2026
4638,145408,S15,5,2,cvaeaug,2026
4639,145472,S15,5,2,cvaeaug,2026
4640,145536,S15,5,5,cvaeaug,2026
4641,145600,S15,5,5,cvaeaug,2026
4642,145664,S15,5,2,cvaeaug,2026
4643,145728,S15,5,2,cvaeaug,2026
4644,145792,S15,5,2,cvaeaug,2026
4645,145856,S15,5,2,cvaeaug,2026
4646,145920,S15,5,2,cvaeaug,2026
4647,145984,S15,5,2,cvaeaug,2026
4648,146048,S15,5,2,cvaeaug,2026
4649,146112,S15,5,4,cvaeaug,2026
4650,146176,S15,5,2,cvaeaug,2026
4651,146240,S15,5,1,cvaeaug,2026
4652,146304,S15,5,5,cvaeaug,2026
4653,146368,S15,5,5,cvaeaug,2026
4654,146432,S15,5,2,cvaeaug,2026
4655,146496,S15,5,2,cvaeaug,2026
4656,146560,S15,5,7,cvaeaug,2026
4657,146624,S15,5,5,cvaeaug,2026
4658,146688,S15,5,2,cvaeaug,2026
4659,146752,S15,5,2,cvaeaug,2026
4660,146816,S15,5,5,cvaeaug,2026
4661,146880,S15,5,5,cvaeaug,2026
4662,146944,S15,5,2,cvaeaug,2026
4663,147008,S15,5,0,cvaeaug,2026
4664,147072,S15,5,2,cvaeaug,2026
4665,147136,S15,5,5,cvaeaug,2026
4666,147200,S15,5,5,cvaeaug,2026
4667,147264,S15,5,2,cvaeaug,2026
4668,147328,S15,5,2,cvaeaug,2026
4669,147392,S15,5,0,cvaeaug,2026
4670,147456,S15,5,5,cvaeaug,2026
4671,147520,S15,5,5,cvaeaug,2026
4672,147584,S15,5,2,cvaeaug,2026
4673,147648,S15,5,2,cvaeaug,2026
4674,147712,S15,5,2,cvaeaug,2026
4675,147776,S15,5,2,cvaeaug,2026
4676,147840,S15,5,2,cvaeaug,2026
4677,147904,S15,5,2,cvaeaug,2026
4678,147968,S15,5,0,cvaeaug,2026
4679,148032,S15,5,5,cvaeaug,2026
4680,148096,S15,5,5,cvaeaug,2026
4681,148160,S15,5,2,cvaeaug,2026
4682,148224,S15,5,2,cvaeaug,2026
4683,148288,S15,5,2,cvaeaug,2026
4684,148352,S15,5,1,cvaeaug,2026
4685,148416,S15,5,2,cvaeaug,2026
4686,148480,S15,5,7,cvaeaug,2026
4687,148544,S15,5,2,cvaeaug,2026
4688,148608,S15,5,2,cvaeaug,2026
4689,148672,S15,5,2,cvaeaug,2026
4690,148736,S15,5,5,cvaeaug,2026
4691,148800,S15,5,5,cvaeaug,2026
4692,148864,S15,5,2,cvaeaug,2026
4693,148928,S15,5,5,cvaeaug,2026
4694,148992,S15,5,7,cvaeaug,2026
4695,149056,S15,5,5,cvaeaug,2026
4696,149120,S15,5,2,cvaeaug,2026
4697,149184,S15,5,2,cvaeaug,2026
4698,149248,S15,5,2,cvaeaug,2026
4699,149312,S15,5,0,cvaeaug,2026
4700,149376,S15,5,2,cvaeaug,2026
4701,149440,S15,5,2,cvaeaug,2026
4702,149504,S15,5,2,cvaeaug,2026
4703,149568,S15,5,5,cvaeaug,2026
4704,149632,S15,5,2,cvaeaug,2026
4705,149696,S15,5,2,cvaeaug,2026
4706,149760,S15,5,5,cvaeaug,2026
4707,149824,S15,5,2,cvaeaug,2026
4708,149888,S15,5,2,cvaeaug,2026
4709,149952,S15,5,2,cvaeaug,2026
4710,150016,S15,5,2,cvaeaug,2026
4711,150080,S15,5,2,cvaeaug,2026
4712,150144,S15,5,2,cvaeaug,2026
4713,150208,S15,5,4,cvaeaug,2026
4714,150272,S15,5,2,cvaeaug,2026
4715,150336,S15,5,5,cvaeaug,2026
4716,150400,S15,5,2,cvaeaug,2026
4717,150464,S15,5,5,cvaeaug,2026
4718,150528,S15,5,2,cvaeaug,2026
4719,150592,S15,5,7,cvaeaug,2026
4720,150656,S15,5,2,cvaeaug,2026
4721,150720,S15,5,2,cvaeaug,2026
4722,150784,S15,5,2,cvaeaug,2026
4723,150848,S15,5,5,cvaeaug,2026
4724,150912,S15,5,2,cvaeaug,2026
4725,150976,S15,5,5,cvaeaug,2026
4726,151040,S15,5,7,cvaeaug,2026
4727,151104,S15,5,5,cvaeaug,2026
4728,151168,S15,5,5,cvaeaug,2026
4729,151232,S15,5,5,cvaeaug,2026
4730,151296,S15,5,2,cvaeaug,2026
4731,151360,S15,5,2,cvaeaug,2026
4732,151424,S15,5,2,cvaeaug,2026
4733,151488,S15,5,7,cvaeaug,2026
4734,151552,S15,5,2,cvaeaug,2026
4735,151616,S15,5,2,cvaeaug,2026
4736,151680,S15,5,2,cvaeaug,2026
4737,151744,S15,5,5,cvaeaug,2026
4738,151808,S15,5,4,cvaeaug,2026
4739,151872,S15,5,5,cvaeaug,2026
4740,151936,S15,5,2,cvaeaug,2026
4741,152000,S15,5,4,cvaeaug,2026
4742,152064,S15,5,4,cvaeaug,2026
4743,152128,S15,5,4,cvaeaug,2026
4744,152192,S15,5,5,cvaeaug,2026
4745,152256,S15,5,2,cvaeaug,2026
4746,152320,S15,5,5,cvaeaug,2026
4747,152384,S15,5,5,cvaeaug,2026
4748,152448,S15,5,2,cvaeaug,2026
4749,152512,S15,5,0,cvaeaug,2026
4750,152576,S15,5,2,cvaeaug,2026
4751,152640,S15,5,2,cvaeaug,2026
4752,152704,S15,5,7,cvaeaug,2026
4753,152768,S15,5,0,cvaeaug,2026
4754,152832,S15,5,2,cvaeaug,2026
4755,152896,S15,5,2,cvaeaug,2026
4756,152960,S15,5,2,cvaeaug,2026
4757,153024,S15,5,4,cvaeaug,2026
4758,153088,S15,5,2,cvaeaug,2026
4759,153152,S15,5,5,cvaeaug,2026
4760,153216,S15,5,5,cvaeaug,2026
4761,153280,S15,5,5,cvaeaug,2026
4762,153344,S15,5,2,cvaeaug,2026
4763,153408,S15,5,2,cvaeaug,2026
4764,153472,S15,5,5,cvaeaug,2026
4765,153536,S15,5,5,cvaeaug,2026
4766,153600,S15,5,2,cvaeaug,2026
4767,153664,S15,5,5,cvaeaug,2026
4768,153728,S15,5,2,cvaeaug,2026
4769,153792,S15,5,2,cvaeaug,2026
4770,153856,S15,5,7,cvaeaug,2026
4771,153920,S15,5,2,cvaeaug,2026
4772,153984,S15,5,1,cvaeaug,2026
4773,154048,S15,5,2,cvaeaug,2026
4774,154112,S15,5,5,cvaeaug,2026
4775,154176,S15,5,2,cvaeaug,2026
4776,154240,S15,5,5,cvaeaug,2026
4777,154304,S15,5,5,cvaeaug,2026
4778,154368,S15,5,2,cvaeaug,2026
4779,154432,S15,5,2,cvaeaug,2026
4780,154496,S15,5,2,cvaeaug,2026
4781,154560,S15,5,2,cvaeaug,2026
4782,154624,S15,5,2,cvaeaug,2026
4783,154688,S15,5,1,cvaeaug,2026
4784,154752,S15,5,2,cvaeaug,2026
4785,154816,S15,5,5,cvaeaug,2026
4786,154880,S15,5,7,cvaeaug,2026
4787,154944,S15,5,5,cvaeaug,2026
4788,155008,S15,5,2,cvaeaug,2026
4789,155072,S15,5,1,cvaeaug,2026
4790,155136,S15,5,2,cvaeaug,2026
4791,155200,S15,5,5,cvaeaug,2026
4792,155264,S15,5,2,cvaeaug,2026
4793,155328,S15,5,2,cvaeaug,2026
4794,155392,S15,5,2,cvaeaug,2026
4795,155456,S15,5,5,cvaeaug,2026
4796,155520,S15,5,2,cvaeaug,2026
4797,155584,S15,5,7,cvaeaug,2026
4798,155648,S15,5,5,cvaeaug,2026
4799,155712,S15,5,4,cvaeaug,2026
4800,155776,S15,5,5,cvaeaug,2026
4801,155840,S15,5,2,cvaeaug,2026
4802,155904,S15,5,2,cvaeaug,2026
4803,155968,S15,5,2,cvaeaug,2026
4804,156032,S15,5,5,cvaeaug,2026
4805,156096,S15,5,5,cvaeaug,2026
4806,156160,S15,5,2,cvaeaug,2026
4807,156224,S15,5,2,cvaeaug,2026
4808,156288,S15,5,7,cvaeaug,2026
4809,156352,S15,5,2,cvaeaug,2026
4810,156416,S15,5,5,cvaeaug,2026
4811,156480,S15,5,5,cvaeaug,2026
4812,156544,S15,5,2,cvaeaug,2026
4813,156608,S15,5,4,cvaeaug,2026
4814,156672,S15,5,4,cvaeaug,2026
4815,156736,S15,5,2,cvaeaug,2026
4816,156800,S15,5,5,cvaeaug,2026
4817,156864,S15,5,2,cvaeaug,2026
4818,156928,S15,5,5,cvaeaug,2026
4819,156992,S15,5,2,cvaeaug,2026
4820,157056,S15,5,0,cvaeaug,2026
4821,157120,S15,5,2,cvaeaug,2026
4822,157184,S15,5,2,cvaeaug,2026
4823,157248,S15,5,2,cvaeaug,2026
4824,157312,S15,5,5,cvaeaug,2026
4825,157376,S15,5,2,cvaeaug,2026
4826,157440,S15,5,2,cvaeaug,2026
4827,157504,S15,5,2,cvaeaug,2026
4828,157568,S15,5,2,cvaeaug,2026
4829,157632,S15,5,2,cvaeaug,2026
4830,157696,S15,5,2,cvaeaug,2026
4831,157760,S15,5,1,cvaeaug,2026
4832,157824,S15,5,2,cvaeaug,2026
4833,157888,S15,5,2,cvaeaug,2026
4834,157952,S15,5,7,cvaeaug,2026
4835,158016,S15,5,2,cvaeaug,2026
4836,158080,S15,5,7,cvaeaug,2026
4837,158144,S15,5,5,cvaeaug,2026
4838,158208,S15,5,2,cvaeaug,2026
4839,158272,S15,5,2,cvaeaug,2026
4840,158336,S15,5,2,cvaeaug,2026
4841,158400,S15,5,7,cvaeaug,2026
4842,158464,S15,5,5,cvaeaug,2026
4843,158528,S15,5,2,cvaeaug,2026
4844,158592,S15,5,2,cvaeaug,2026
4845,158656,S15,5,2,cvaeaug,2026
4846,158720,S15,5,2,cvaeaug,2026
4847,158784,S15,5,7,cvaeaug,2026
4848,158848,S15,5,2,cvaeaug,2026
4849,158912,S15,5,5,cvaeaug,2026
4850,158976,S15,5,2,cvaeaug,2026
4851,159040,S15,5,5,cvaeaug,2026
4852,159104,S15,5,2,cvaeaug,2026
4853,159168,S15,5,7,cvaeaug,2026
4854,159232,S15,5,4,cvaeaug,2026
4855,159296,S15,5,5,cvaeaug,2026
4856,159360,S15,5,7,cvaeaug,2026
4857,159424,S15,5,2,cvaeaug,2026
4858,159488,S15,5,2,cvaeaug,2026
4859,159552,S15,5,5,cvaeaug,2026
4860,159616,S15,5,2,cvaeaug,2026
4861,159680,S15,5,5,cvaeaug,2026
4862,159744,S15,5,5,cvaeaug,2026
4863,159808,S15,5,7,cvaeaug,2026
4864,159872,S15,5,2,cvaeaug,2026
4865,159936,S15,5,2,cvaeaug,2026
4866,160000,S15,5,5,cvaeaug,2026
4867,160064,S15,5,5,cvaeaug,2026
4868,160128,S15,5,5,cvaeaug,2026
4869,160192,S15,5,7,cvaeaug,2026
4870,160256,S15,5,2,cvaeaug,2026
4871,160320,S15,5,5,cvaeaug,2026
4872,160384,S15,5,2,cvaeaug,2026
4873,160448,S15,5,2,cvaeaug,2026
4874,160512,S15,5,2,cvaeaug,2026
4875,160576,S15,5,5,cvaeaug,2026
4876,160640,S15,5,7,cvaeaug,2026
4877,160704,S15,5,2,cvaeaug,2026
4878,160768,S15,5,5,cvaeaug,2026
4879,160832,S15,5,5,cvaeaug,2026
4880,160896,S15,5,5,cvaeaug,2026
4881,160960,S15,5,7,cvaeaug,2026
4882,161024,S15,5,5,cvaeaug,2026
4883,161088,S15,5,5,cvaeaug,2026
4884,161152,S15,5,5,cvaeaug,2026
4885,161216,S15,5,7,cvaeaug,2026
4886,161280,S15,5,7,cvaeaug,2026
4887,161344,S15,5,2,cvaeaug,2026
4888,161408,S15,5,5,cvaeaug,2026
4889,161472,S15,5,2,cvaeaug,2026
4890,161536,S15,5,5,cvaeaug,2026
4891,161600,S15,5,5,cvaeaug,2026
4892,161664,S15,5,7,cvaeaug,2026
4893,161728,S15,5,7,cvaeaug,2026
4894,161792,S15,5,5,cvaeaug,2026
4895,161856,S15,5,5,cvaeaug,2026
4896,161920,S15,5,2,cvaeaug,2026
4897,161984,S15,5,7,cvaeaug,2026
4898,162048,S15,5,2,cvaeaug,2026
4899,162112,S15,5,2,cvaeaug,2026
4900,162176,S15,5,2,cvaeaug,2026
4901,162240,S15,5,5,cvaeaug,2026
4902,162304,S15,5,1,cvaeaug,2026
4903,162368,S15,5,5,cvaeaug,2026
4904,162432,S15,5,2,cvaeaug,2026
4905,162496,S15,5,2,cvaeaug,2026
4906,162560,S15,5,2,cvaeaug,2026
4907,162624,S15,5,5,cvaeaug,2026
4908,162688,S15,5,2,cvaeaug,2026
4909,162752,S15,5,5,cvaeaug,2026
4910,162816,S15,5,5,cvaeaug,2026
4911,162880,S15,5,2,cvaeaug,2026
4912,162944,S15,5,4,cvaeaug,2026
4913,163008,S15,5,2,cvaeaug,2026
4914,163072,S15,5,5,cvaeaug,2026
4915,163136,S15,5,2,cvaeaug,2026
4916,163200,S15,5,7,cvaeaug,2026
4917,163264,S15,5,2,cvaeaug,2026
4918,163328,S15,5,2,cvaeaug,2026
4919,163392,S15,5,2,cvaeaug,2026
4920,163456,S15,5,2,cvaeaug,2026
4921,163520,S15,5,2,cvaeaug,2026
4922,163584,S15,5,7,cvaeaug,2026
4923,163648,S15,5,7,cvaeaug,2026
4924,163712,S15,5,5,cvaeaug,2026
4925,163776,S15,5,2,cvaeaug,2026
4926,163840,S15,5,2,cvaeaug,2026
4927,163904,S15,5,1,cvaeaug,2026
4928,163968,S15,5,5,cvaeaug,2026
4929,164032,S15,5,4,cvaeaug,2026
4930,164096,S15,5,2,cvaeaug,2026
4931,164160,S15,5,5,cvaeaug,2026
4932,164224,S15,5,2,cvaeaug,2026
4933,164288,S15,5,2,cvaeaug,2026
4934,164352,S15,5,5,cvaeaug,2026
4935,164416,S15,5,2,cvaeaug,2026
4936,164480,S15,5,5,cvaeaug,2026
4937,164544,S15,5,2,cvaeaug,2026
4938,164608,S15,5,2,cvaeaug,2026
4939,164672,S15,5,2,cvaeaug,2026
4940,164736,S15,5,5,cvaeaug,2026
4941,164800,S15,5,5,cvaeaug,2026
4942,164864,S15,5,5,cvaeaug,2026
4943,164928,S15,5,5,cvaeaug,2026
4944,164992,S15,5,2,cvaeaug,2026
4945,165056,S15,5,2,cvaeaug,2026
4946,165120,S15,5,5,cvaeaug,2026
4947,165184,S15,5,5,cvaeaug,2026
4948,165248,S15,5,2,cvaeaug,2026
4949,165312,S15,5,1,cvaeaug,2026
4950,165376,S15,5,5,cvaeaug,2026
4951,165440,S15,5,5,cvaeaug,2026
4952,165504,S15,5,5,cvaeaug,2026
4953,165568,S15,5,4,cvaeaug,2026
4954,165632,S15,5,2,cvaeaug,2026
4955,165696,S15,5,2,cvaeaug,2026
4956,165760,S15,5,4,cvaeaug,2026
4957,165824,S15,5,5,cvaeaug,2026
4958,165888,S15,5,2,cvaeaug,2026
4959,165952,S15,5,2,cvaeaug,2026
4960,166016,S15,5,5,cvaeaug,2026
4961,166080,S15,5,7,cvaeaug,2026
4962,166144,S15,5,2,cvaeaug,2026
4963,166208,S15,5,2,cvaeaug,2026
4964,166272,S15,5,5,cvaeaug,2026
4965,166336,S15,5,2,cvaeaug,2026
4966,166400,S15,5,2,cvaeaug,2026
4967,166464,S15,5,2,cvaeaug,2026
4968,166528,S15,5,7,cvaeaug,2026
4969,166592,S15,5,2,cvaeaug,2026
4970,166656,S15,5,7,cvaeaug,2026
4971,166720,S15,5,2,cvaeaug,2026
4972,166784,S15,5,2,cvaeaug,2026
4973,166848,S15,5,2,cvaeaug,2026
4974,166912,S15,5,2,cvaeaug,2026
4975,166976,S15,5,2,cvaeaug,2026
4976,167040,S15,5,7,cvaeaug,2026
4977,167104,S15,5,5,cvaeaug,2026
4978,167168,S15,5,2,cvaeaug,2026
4979,167232,S15,5,5,cvaeaug,2026
4980,167296,S15,5,2,cvaeaug,2026
4981,167360,S15,5,5,cvaeaug,2026
4982,167424,S15,5,2,cvaeaug,2026
4983,167488,S15,5,2,cvaeaug,2026
4984,167552,S15,5,7,cvaeaug,2026
4985,167616,S15,5,2,cvaeaug,2026
4986,167680,S15,5,5,cvaeaug,2026
4987,167744,S15,5,7,cvaeaug,2026
4988,167808,S15,5,5,cvaeaug,2026
4989,167872,S15,5,7,cvaeaug,2026
4990,167936,S15,5,2,cvaeaug,2026
4991,168000,S15,5,2,cvaeaug,2026
4992,168064,S15,5,5,cvaeaug,2026
4993,168128,S15,5,5,cvaeaug,2026
4994,168192,S15,5,0,cvaeaug,2026
4995,168256,S15,5,5,cvaeaug,2026
4996,168320,S15,5,5,cvaeaug,2026
4997,168384,S15,5,2,cvaeaug,2026
4998,168448,S15,5,5,cvaeaug,2026
4999,168512,S15,5,2,cvaeaug,2026
5000,168576,S15,5,5,cvaeaug,2026
5001,168640,S15,5,5,cvaeaug,2026
5002,168704,S15,5,5,cvaeaug,2026
5003,168768,S15,5,2,cvaeaug,2026
5004,168832,S15,5,2,cvaeaug,2026
5005,168896,S15,5,5,cvaeaug,2026
5006,168960,S15,5,2,cvaeaug,2026
5007,169024,S15,5,2,cvaeaug,2026
5008,169088,S15,5,2,cvaeaug,2026
5009,169152,S15,5,5,cvaeaug,2026
5010,169216,S15,5,5,cvaeaug,2026
5011,169280,S15,5,2,cvaeaug,2026
5012,169344,S15,5,2,cvaeaug,2026
5013,169408,S15,5,2,cvaeaug,2026
5014,169472,S15,5,1,cvaeaug,2026
5015,169536,S15,5,5,cvaeaug,2026
5016,169600,S15,5,5,cvaeaug,2026
5017,169664,S15,5,0,cvaeaug,2026
5018,169728,S15,5,5,cvaeaug,2026
5019,169792,S15,5,2,cvaeaug,2026
5020,169856,S15,5,5,cvaeaug,2026
5021,169920,S15,5,2,cvaeaug,2026
5022,169984,S15,5,5,cvaeaug,2026
5023,170048,S15,5,5,cvaeaug,2026
5024,170112,S15,5,2,cvaeaug,2026
5025,170176,S15,5,2,cvaeaug,2026
5026,170240,S15,5,4,cvaeaug,2026
5027,170304,S15,5,4,cvaeaug,2026
5028,170368,S15,5,5,cvaeaug,2026
5029,170432,S15,5,2,cvaeaug,2026
5030,170496,S15,5,2,cvaeaug,2026
5031,170560,S15,5,2,cvaeaug,2026
5032,170624,S15,5,2,cvaeaug,2026
5033,170688,S15,5,5,cvaeaug,2026
5034,170752,S15,5,2,cvaeaug,2026
5035,170816,S15,5,4,cvaeaug,2026
5036,170880,S15,5,2,cvaeaug,2026
5037,170944,S15,5,5,cvaeaug,2026
5038,171008,S15,5,5,cvaeaug,2026
5039,171072,S15,5,2,cvaeaug,2026
5040,171136,S15,5,7,cvaeaug,2026
5041,171200,S15,5,2,cvaeaug,2026
5042,171264,S15,5,5,cvaeaug,2026
5043,171328,S15,5,5,cvaeaug,2026
5044,171392,S15,5,2,cvaeaug,2026
5045,171456,S15,5,2,cvaeaug,2026
5046,171520,S15,5,2,cvaeaug,2026
5047,171584,S15,5,2,cvaeaug,2026
5048,171648,S15,5,0,cvaeaug,2026
5049,171712,S15,5,2,cvaeaug,2026
5050,171776,S15,5,2,cvaeaug,2026
5051,171840,S15,5,7,cvaeaug,2026
5052,171904,S15,5,2,cvaeaug,2026
5053,171968,S15,5,5,cvaeaug,2026
5054,172032,S15,5,5,cvaeaug,2026
5055,172096,S15,5,2,cvaeaug,2026
5056,172160,S15,5,2,cvaeaug,2026
5057,172224,S15,5,5,cvaeaug,2026
5058,172288,S15,5,2,cvaeaug,2026
5059,172352,S15,5,5,cvaeaug,2026
5060,172416,S15,5,4,cvaeaug,2026
5061,172480,S15,5,5,cvaeaug,2026
5062,172544,S15,5,5,cvaeaug,2026
5063,172608,S15,5,2,cvaeaug,2026
5064,172672,S15,5,2,cvaeaug,2026
5065,172736,S15,5,5,cvaeaug,2026
5066,172800,S15,5,7,cvaeaug,2026
5067,172864,S15,5,4,cvaeaug,2026
5068,172928,S15,5,2,cvaeaug,2026
5069,172992,S15,5,7,cvaeaug,2026
5070,173056,S15,5,5,cvaeaug,2026
5071,173120,S15,5,2,cvaeaug,2026
5072,173184,S15,5,2,cvaeaug,2026
5073,173248,S15,5,2,cvaeaug,2026
5074,173312,S15,5,5,cvaeaug,2026
5075,173376,S15,5,5,cvaeaug,2026
5076,173440,S15,5,5,cvaeaug,2026
5077,173504,S15,5,5,cvaeaug,2026
5078,173568,S15,5,5,cvaeaug,2026
5079,173632,S15,5,2,cvaeaug,2026
5080,173696,S15,5,2,cvaeaug,2026
5081,173760,S15,5,2,cvaeaug,2026
5082,173824,S15,5,2,cvaeaug,2026
5083,173888,S15,5,7,cvaeaug,2026
5084,173952,S15,5,5,cvaeaug,2026
5085,174016,S15,5,5,cvaeaug,2026
5086,174080,S15,5,5,cvaeaug,2026
5087,174144,S15,5,7,cvaeaug,2026
5088,174208,S15,5,5,cvaeaug,2026
5089,174272,S15,5,5,cvaeaug,2026
5090,174336,S15,5,5,cvaeaug,2026
5091,174400,S15,5,7,cvaeaug,2026
5092,174464,S15,5,2,cvaeaug,2026
5093,174528,S15,5,2,cvaeaug,2026
5094,174592,S15,5,5,cvaeaug,2026
5095,174656,S15,5,5,cvaeaug,2026
5096,174720,S15,5,2,cvaeaug,2026
5097,174784,S15,5,2,cvaeaug,2026
5098,174848,S15,5,0,cvaeaug,2026
5099,174912,S15,5,7,cvaeaug,2026
5100,174976,S15,5,5,cvaeaug,2026
5101,175040,S15,5,5,cvaeaug,2026
5102,175104,S15,5,2,cvaeaug,2026
5103,175168,S15,5,5,cvaeaug,2026
5104,175232,S15,5,5,cvaeaug,2026
5105,175296,S15,5,2,cvaeaug,2026
5106,175360,S15,5,2,cvaeaug,2026
5107,175424,S15,5,5,cvaeaug,2026
5108,175488,S15,5,2,cvaeaug,2026
5109,175552,S15,5,2,cvaeaug,2026
5110,175616,S15,5,5,cvaeaug,2026
5111,175680,S15,5,2,cvaeaug,2026
5112,175744,S15,5,2,cvaeaug,2026
5113,175808,S15,5,5,cvaeaug,2026
5114,175872,S15,5,5,cvaeaug,2026
5115,175936,S15,5,5,cvaeaug,2026
5116,176000,S15,5,2,cvaeaug,2026
5117,176064,S15,5,2,cvaeaug,2026
5118,176128,S15,5,7,cvaeaug,2026
5119,176192,S15,5,2,cvaeaug,2026
5120,176256,S15,5,2,cvaeaug,2026
5121,176320,S15,5,7,cvaeaug,2026
5122,176384,S15,5,2,cvaeaug,2026
5123,176448,S15,5,2,cvaeaug,2026
5124,176512,S15,5,2,cvaeaug,2026
5125,176576,S15,5,5,cvaeaug,2026
5126,176640,S15,5,4,cvaeaug,2026
5127,176704,S15,5,2,cvaeaug,2026
5128,176768,S15,5,2,cvaeaug,2026
5129,176832,S15,5,2,cvaeaug,2026
5130,176896,S15,5,7,cvaeaug,2026
5131,176960,S15,5,5,cvaeaug,2026
5132,177024,S15,5,5,cvaeaug,2026
5133,177088,S15,5,5,cvaeaug,2026
5134,177152,S15,5,2,cvaeaug,2026
5135,177216,S15,5,2,cvaeaug,2026
5136,177280,S15,5,2,cvaeaug,2026
5137,177344,S15,5,5,cvaeaug,2026
5138,177408,S15,5,2,cvaeaug,2026
5139,177472,S15,5,5,cvaeaug,2026
5140,177536,S15,5,2,cvaeaug,2026
5141,177600,S15,5,2,cvaeaug,2026
5142,177664,S15,5,5,cvaeaug,2026
5143,177728,S15,5,2,cvaeaug,2026
5144,177792,S15,5,2,cvaeaug,2026
5145,177856,S15,5,5,cvaeaug,2026
5146,177920,S15,5,2,cvaeaug,2026
5147,177984,S15,5,5,cvaeaug,2026
5148,178048,S15,5,2,cvaeaug,2026
5149,178112,S15,5,5,cvaeaug,2026
5150,178176,S15,5,5,cvaeaug,2026
5151,178240,S15,5,5,cvaeaug,2026
5152,178304,S15,5,2,cvaeaug,2026
5153,178368,S15,5,2,cvaeaug,2026
5154,178432,S15,5,2,cvaeaug,2026
5155,178496,S15,5,7,cvaeaug,2026
5156,178560,S15,5,5,cvaeaug,2026
5157,178624,S15,5,2,cvaeaug,2026
5158,178688,S15,5,7,cvaeaug,2026
5159,178752,S15,5,2,cvaeaug,2026
5160,178816,S15,5,2,cvaeaug,2026
5161,178880,S15,5,5,cvaeaug,2026
5162,178944,S15,5,2,cvaeaug,2026
5163,179008,S15,5,2,cvaeaug,2026
5164,179072,S15,5,2,cvaeaug,2026
5165,179136,S15,5,5,cvaeaug,2026
5166,179200,S15,5,2,cvaeaug,2026
5167,179264,S15,5,2,cvaeaug,2026
5168,179328,S15,5,4,cvaeaug,2026
5169,179392,S15,5,2,cvaeaug,2026
5170,179456,S15,5,5,cvaeaug,2026
5171,179520,S15,5,5,cvaeaug,2026
5172,179584,S15,5,5,cvaeaug,2026
5173,179648,S15,5,2,cvaeaug,2026
5174,179712,S15,5,2,cvaeaug,2026
5175,179776,S15,5,0,cvaeaug,2026
5176,179840,S15,5,2,cvaeaug,2026
5177,179904,S15,5,5,cvaeaug,2026
5178,179968,S15,5,7,cvaeaug,2026
5179,180032,S15,5,5,cvaeaug,2026
5180,180096,S15,5,2,cvaeaug,2026
5181,180160,S15,5,5,cvaeaug,2026
5182,180224,S15,5,5,cvaeaug,2026
5183,180480,S15,6,1,cvaeaug,2026
5184,180544,S15,6,1,cvaeaug,2026
5185,180608,S15,6,1,cvaeaug,2026
5186,180672,S15,6,1,cvaeaug,2026
5187,180736,S15,6,1,cvaeaug,2026
5188,180800,S15,6,1,cvaeaug,2026
5189,180864,S15,6,1,cvaeaug,2026
5190,180928,S15,6,1,cvaeaug,2026
5191,180992,S15,6,1,cvaeaug,2026
5192,181056,S15,6,1,cvaeaug,2026
5193,181120,S15,6,1,cvaeaug,2026
5194,181184,S15,6,1,cvaeaug,2026
5195,181248,S15,6,1,cvaeaug,2026
5196,181312,S15,6,1,cvaeaug,2026
5197,181376,S15,6,1,cvaeaug,2026
5198,181440,S15,6,1,cvaeaug,2026
5199,181504,S15,6,2,cvaeaug,2026
5200,181568,S15,6,1,cvaeaug,2026
5201,181632,S15,6,1,cvaeaug,2026
5202,181696,S15,6,1,cvaeaug,2026
5203,181760,S15,6,1,cvaeaug,2026
5204,181824,S15,6,1,cvaeaug,2026
5205,181888,S15,6,1,cvaeaug,2026
5206,181952,S15,6,1,cvaeaug,2026
5207,182016,S15,6,1,cvaeaug,2026
5208,182080,S15,6,1,cvaeaug,2026
5209,182144,S15,6,1,cvaeaug,2026
5210,182208,S15,6,1,cvaeaug,2026
5211,182272,S15,6,1,cvaeaug,2026
5212,182336,S15,6,1,cvaeaug,2026
5213,182400,S15,6,5,cvaeaug,2026
5214,182464,S15,6,1,cvaeaug,2026
5215,182528,S15,6,1,cvaeaug,2026
5216,182592,S15,6,1,cvaeaug,2026
5217,182656,S15,6,1,cvaeaug,2026
5218,182720,S15,6,1,cvaeaug,2026
5219,182784,S15,6,1,cvaeaug,2026
5220,182848,S15,6,1,cvaeaug,2026
5221,182912,S15,6,5,cvaeaug,2026
5222,182976,S15,6,1,cvaeaug,2026
5223,183040,S15,6,1,cvaeaug,2026
5224,183104,S15,6,1,cvaeaug,2026
5225,183168,S15,6,1,cvaeaug,2026
5226,183232,S15,6,1,cvaeaug,2026
5227,183296,S15,6,1,cvaeaug,2026
5228,183360,S15,6,1,cvaeaug,2026
5229,183424,S15,6,1,cvaeaug,2026
5230,183488,S15,6,1,cvaeaug,2026
5231,183552,S15,6,1,cvaeaug,2026
5232,183616,S15,6,1,cvaeaug,2026
5233,183680,S15,6,1,cvaeaug,2026
5234,183744,S15,6,1,cvaeaug,2026
5235,183808,S15,6,1,cvaeaug,2026
5236,183872,S15,6,1,cvaeaug,2026
5237,183936,S15,6,1,cvaeaug,2026
5238,184000,S15,6,1,cvaeaug,2026
5239,184064,S15,6,5,cvaeaug,2026
5240,184128,S15,6,1,cvaeaug,2026
5241,184192,S15,6,1,cvaeaug,2026
5242,184256,S15,6,1,cvaeaug,2026
5243,184320,S15,6,1,cvaeaug,2026
5244,184384,S15,6,6,cvaeaug,2026
5245,184448,S15,6,2,cvaeaug,2026
5246,184512,S15,6,1,cvaeaug,2026
5247,184576,S15,6,1,cvaeaug,2026
5248,184640,S15,6,1,cvaeaug,2026
5249,184704,S15,6,2,cvaeaug,2026
5250,184768,S15,6,2,cvaeaug,2026
5251,184832,S15,6,2,cvaeaug,2026
5252,184896,S15,6,1,cvaeaug,2026
5253,184960,S15,6,1,cvaeaug,2026
5254,185024,S15,6,5,cvaeaug,2026
5255,185088,S15,6,1,cvaeaug,2026
5256,185152,S15,6,1,cvaeaug,2026
5257,185216,S15,6,1,cvaeaug,2026
5258,185280,S15,6,1,cvaeaug,2026
5259,185344,S15,6,5,cvaeaug,2026
5260,185408,S15,6,1,cvaeaug,2026
5261,185472,S15,6,1,cvaeaug,2026
5262,185536,S15,6,5,cvaeaug,2026
5263,185600,S15,6,2,cvaeaug,2026
5264,185664,S15,6,1,cvaeaug,2026
5265,185728,S15,6,1,cvaeaug,2026
5266,185792,S15,6,1,cvaeaug,2026
5267,185856,S15,6,1,cvaeaug,2026
5268,185920,S15,6,1,cvaeaug,2026
5269,185984,S15,6,1,cvaeaug,2026
5270,186048,S15,6,1,cvaeaug,2026
5271,186112,S15,6,1,cvaeaug,2026
5272,186176,S15,6,1,cvaeaug,2026
5273,186240,S15,6,1,cvaeaug,2026
5274,186304,S15,6,1,cvaeaug,2026
5275,186368,S15,6,1,cvaeaug,2026
5276,186432,S15,6,1,cvaeaug,2026
5277,186496,S15,6,1,cvaeaug,2026
5278,186560,S15,6,1,cvaeaug,2026
5279,186624,S15,6,1,cvaeaug,2026
5280,186688,S15,6,1,cvaeaug,2026
5281,186752,S15,6,2,cvaeaug,2026
5282,186816,S15,6,1,cvaeaug,2026
5283,186880,S15,6,1,cvaeaug,2026
5284,186944,S15,6,1,cvaeaug,2026
5285,187008,S15,6,1,cvaeaug,2026
5286,187072,S15,6,1,cvaeaug,2026
5287,187136,S15,6,1,cvaeaug,2026
5288,187200,S15,6,1,cvaeaug,2026
5289,187264,S15,6,1,cvaeaug,2026
5290,187328,S15,6,1,cvaeaug,2026
5291,187392,S15,6,1,cvaeaug,2026
5292,187456,S15,6,1,cvaeaug,2026
5293,187520,S15,6,1,cvaeaug,2026
5294,187584,S15,6,1,cvaeaug,2026
5295,187648,S15,6,1,cvaeaug,2026
5296,187712,S15,6,1,cvaeaug,2026
5297,187776,S15,6,1,cvaeaug,2026
5298,187840,S15,6,1,cvaeaug,2026
5299,187904,S15,6,1,cvaeaug,2026
5300,187968,S15,6,5,cvaeaug,2026
5301,188032,S15,6,1,cvaeaug,2026
5302,188096,S15,6,1,cvaeaug,2026
5303,188160,S15,6,5,cvaeaug,2026
5304,188224,S15,6,1,cvaeaug,2026
5305,188288,S15,6,1,cvaeaug,2026
5306,188352,S15,6,1,cvaeaug,2026
5307,188416,S15,6,1,cvaeaug,2026
5308,188480,S15,6,6,cvaeaug,2026
5309,188544,S15,6,1,cvaeaug,2026
5310,188608,S15,6,1,cvaeaug,2026
5311,188672,S15,6,6,cvaeaug,2026
5312,188736,S15,6,1,cvaeaug,2026
5313,188800,S15,6,1,cvaeaug,2026
5314,188864,S15,6,1,cvaeaug,2026
5315,188928,S15,6,1,cvaeaug,2026
5316,188992,S15,6,2,cvaeaug,2026
5317,189056,S15,6,1,cvaeaug,2026
5318,189120,S15,6,5,cvaeaug,2026
5319,189184,S15,6,1,cvaeaug,2026
5320,189248,S15,6,1,cvaeaug,2026
5321,189312,S15,6,1,cvaeaug,2026
5322,189376,S15,6,1,cvaeaug,2026
5323,189440,S15,6,1,cvaeaug,2026
5324,189504,S15,6,1,cvaeaug,2026
5325,189568,S15,6,1,cvaeaug,2026
5326,189632,S15,6,1,cvaeaug,2026
5327,189696,S15,6,1,cvaeaug,2026
5328,189760,S15,6,1,cvaeaug,2026
5329,189824,S15,6,1,cvaeaug,2026
5330,189888,S15,6,1,cvaeaug,2026
5331,189952,S15,6,6,cvaeaug,2026
5332,190016,S15,6,1,cvaeaug,2026
5333,190080,S15,6,1,cvaeaug,2026
5334,190144,S15,6,1,cvaeaug,2026
5335,190208,S15,6,1,cvaeaug,2026
5336,190272,S15,6,1,cvaeaug,2026
5337,190336,S15,6,1,cvaeaug,2026
5338,190400,S15,6,1,cvaeaug,2026
5339,190464,S15,6,1,cvaeaug,2026
5340,190528,S15,6,1,cvaeaug,2026
5341,190592,S15,6,2,cvaeaug,2026
5342,190656,S15,6,1,cvaeaug,2026
5343,190720,S15,6,1,cvaeaug,2026
5344,190784,S15,6,1,cvaeaug,2026
5345,190848,S15,6,1,cvaeaug,2026
5346,190912,S15,6,1,cvaeaug,2026
5347,190976,S15,6,2,cvaeaug,2026
5348,191040,S15,6,1,cvaeaug,2026
5349,191104,S15,6,1,cvaeaug,2026
5350,191168,S15,6,1,cvaeaug,2026
5351,191232,S15,6,1,cvaeaug,2026
5352,191296,S15,6,1,cvaeaug,2026
5353,191360,S15,6,6,cvaeaug,2026
5354,191424,S15,6,1,cvaeaug,2026
5355,191488,S15,6,1,cvaeaug,2026
5356,191552,S15,6,1,cvaeaug,2026
5357,191616,S15,6,1,cvaeaug,2026
5358,191680,S15,6,1,cvaeaug,2026
5359,191744,S15,6,1,cvaeaug,2026
5360,191808,S15,6,1,cvaeaug,2026
5361,191872,S15,6,1,cvaeaug,2026
5362,191936,S15,6,1,cvaeaug,2026
5363,192000,S15,6,1,cvaeaug,2026
5364,192064,S15,6,1,cvaeaug,2026
5365,192128,S15,6,1,cvaeaug,2026
5366,192192,S15,6,1,cvaeaug,2026
5367,192256,S15,6,1,cvaeaug,2026
5368,192320,S15,6,2,cvaeaug,2026
5369,192384,S15,6,1,cvaeaug,2026
5370,192448,S15,6,1,cvaeaug,2026
5371,192512,S15,6,1,cvaeaug,2026
5372,192576,S15,6,1,cvaeaug,2026
5373,192640,S15,6,1,cvaeaug,2026
5374,192704,S15,6,1,cvaeaug,2026
5375,192768,S15,6,2,cvaeaug,2026
5376,192832,S15,6,1,cvaeaug,2026
5377,192896,S15,6,1,cvaeaug,2026
5378,192960,S15,6,5,cvaeaug,2026
5379,193024,S15,6,1,cvaeaug,2026
5380,193088,S15,6,1,cvaeaug,2026
5381,193152,S15,6,1,cvaeaug,2026
5382,193216,S15,6,1,cvaeaug,2026
5383,193280,S15,6,5,cvaeaug,2026
5384,193344,S15,6,1,cvaeaug,2026
5385,193408,S15,6,1,cvaeaug,2026
5386,193472,S15,6,1,cvaeaug,2026
5387,193536,S15,6,1,cvaeaug,2026
5388,193600,S15,6,1,cvaeaug,2026
5389,193664,S15,6,1,cvaeaug,2026
5390,193728,S15,6,1,cvaeaug,2026
5391,193792,S15,6,1,cvaeaug,2026
5392,193856,S15,6,1,cvaeaug,2026
5393,193920,S15,6,2,cvaeaug,2026
5394,193984,S15,6,1,cvaeaug,2026
5395,194048,S15,6,1,cvaeaug,2026
5396,194112,S15,6,1,cvaeaug,2026
5397,194176,S15,6,1,cvaeaug,2026
5398,194240,S15,6,1,cvaeaug,2026
5399,194304,S15,6,6,cvaeaug,2026
5400,194368,S15,6,1,cvaeaug,2026
5401,194432,S15,6,1,cvaeaug,2026
5402,194496,S15,6,1,cvaeaug,2026
5403,194560,S15,6,2,cvaeaug,2026
5404,194624,S15,6,1,cvaeaug,2026
5405,194688,S15,6,1,cvaeaug,2026
5406,194752,S15,6,1,cvaeaug,2026
5407,194816,S15,6,1,cvaeaug,2026
5408,194880,S15,6,1,cvaeaug,2026
5409,194944,S15,6,1,cvaeaug,2026
5410,195008,S15,6,1,cvaeaug,2026
5411,195072,S15,6,1,cvaeaug,2026
5412,195136,S15,6,1,cvaeaug,2026
5413,195200,S15,6,2,cvaeaug,2026
5414,195264,S15,6,2,cvaeaug,2026
5415,195328,S15,6,1,cvaeaug,2026
5416,195392,S15,6,1,cvaeaug,2026
5417,195456,S15,6,1,cvaeaug,2026
5418,195520,S15,6,1,cvaeaug,2026
5419,195584,S15,6,1,cvaeaug,2026
5420,195648,S15,6,1,cvaeaug,2026
5421,195712,S15,6,1,cvaeaug,2026
5422,195776,S15,6,1,cvaeaug,2026
5423,195840,S15,6,1,cvaeaug,2026
5424,195904,S15,6,1,cvaeaug,2026
5425,195968,S15,6,1,cvaeaug,2026
5426,196032,S15,6,2,cvaeaug,2026
5427,196096,S15,6,1,cvaeaug,2026
5428,196160,S15,6,1,cvaeaug,2026
5429,196224,S15,6,1,cvaeaug,2026
5430,196288,S15,6,1,cvaeaug,2026
5431,196352,S15,6,1,cvaeaug,2026
5432,196416,S15,6,1,cvaeaug,2026
5433,196480,S15,6,1,cvaeaug,2026
5434,196544,S15,6,1,cvaeaug,2026
5435,196608,S15,6,1,cvaeaug,2026
5436,196672,S15,6,1,cvaeaug,2026
5437,196736,S15,6,1,cvaeaug,2026
5438,196800,S15,6,1,cvaeaug,2026
5439,196864,S15,6,1,cvaeaug,2026
5440,196928,S15,6,1,cvaeaug,2026
5441,196992,S15,6,1,cvaeaug,2026
5442,197056,S15,6,1,cvaeaug,2026
5443,197120,S15,6,1,cvaeaug,2026
5444,197184,S15,6,5,cvaeaug,2026
5445,197248,S15,6,1,cvaeaug,2026
5446,197312,S15,6,1,cvaeaug,2026
5447,197376,S15,6,1,cvaeaug,2026
5448,197440,S15,6,1,cvaeaug,2026
5449,197504,S15,6,1,cvaeaug,2026
5450,197568,S15,6,1,cvaeaug,2026
5451,197632,S15,6,1,cvaeaug,2026
5452,197696,S15,6,1,cvaeaug,2026
5453,197760,S15,6,1,cvaeaug,2026
5454,197824,S15,6,1,cvaeaug,2026
5455,197888,S15,6,1,cvaeaug,2026
5456,197952,S15,6,2,cvaeaug,2026
5457,198016,S15,6,1,cvaeaug,2026
5458,198080,S15,6,1,cvaeaug,2026
5459,198144,S15,6,1,cvaeaug,2026
5460,198208,S15,6,1,cvaeaug,2026
5461,198272,S15,6,1,cvaeaug,2026
5462,198336,S15,6,1,cvaeaug,2026
5463,198400,S15,6,1,cvaeaug,2026
5464,198464,S15,6,1,cvaeaug,2026
5465,198528,S15,6,1,cvaeaug,2026
5466,198592,S15,6,1,cvaeaug,2026
5467,198656,S15,6,1,cvaeaug,2026
5468,198720,S15,6,6,cvaeaug,2026
5469,198784,S15,6,1,cvaeaug,2026
5470,198848,S15,6,1,cvaeaug,2026
5471,198912,S15,6,1,cvaeaug,2026
5472,198976,S15,6,1,cvaeaug,2026
5473,199040,S15,6,5,cvaeaug,2026
5474,199104,S15,6,1,cvaeaug,2026
5475,199168,S15,6,1,cvaeaug,2026
5476,199232,S15,6,1,cvaeaug,2026
5477,199296,S15,6,1,cvaeaug,2026
5478,199360,S15,6,1,cvaeaug,2026
5479,199424,S15,6,1,cvaeaug,2026
5480,199488,S15,6,1,cvaeaug,2026
5481,199552,S15,6,1,cvaeaug,2026
5482,199616,S15,6,1,cvaeaug,2026
5483,199680,S15,6,1,cvaeaug,2026
5484,199744,S15,6,1,cvaeaug,2026
5485,199808,S15,6,1,cvaeaug,2026
5486,199872,S15,6,1,cvaeaug,2026
5487,199936,S15,6,1,cvaeaug,2026
5488,200000,S15,6,2,cvaeaug,2026
5489,200064,S15,6,1,cvaeaug,2026
5490,200128,S15,6,1,cvaeaug,2026
5491,200192,S15,6,1,cvaeaug,2026
5492,200256,S15,6,1,cvaeaug,2026
5493,200320,S15,6,1,cvaeaug,2026
5494,200384,S15,6,1,cvaeaug,2026
5495,200448,S15,6,1,cvaeaug,2026
5496,200512,S15,6,1,cvaeaug,2026
5497,200576,S15,6,1,cvaeaug,2026
5498,200640,S15,6,1,cvaeaug,2026
5499,200704,S15,6,1,cvaeaug,2026
5500,200768,S15,6,1,cvaeaug,2026
5501,200832,S15,6,1,cvaeaug,2026
5502,200896,S15,6,1,cvaeaug,2026
5503,200960,S15,6,1,cvaeaug,2026
5504,201024,S15,6,1,cvaeaug,2026
5505,201088,S15,6,1,cvaeaug,2026
5506,201152,S15,6,1,cvaeaug,2026
5507,201216,S15,6,1,cvaeaug,2026
5508,201280,S15,6,1,cvaeaug,2026
5509,201344,S15,6,1,cvaeaug,2026
5510,209280,S15,7,2,cvaeaug,2026
5511,209344,S15,7,5,cvaeaug,2026
5512,209408,S15,7,2,cvaeaug,2026
5513,209472,S15,7,7,cvaeaug,2026
5514,209536,S15,7,7,cvaeaug,2026
5515,209600,S15,7,2,cvaeaug,2026
5516,209664,S15,7,5,cvaeaug,2026
5517,209728,S15,7,7,cvaeaug,2026
5518,209792,S15,7,5,cvaeaug,2026
5519,209856,S15,7,5,cvaeaug,2026
5520,209920,S15,7,2,cvaeaug,2026
5521,209984,S15,7,2,cvaeaug,2026
5522,210048,S15,7,2,cvaeaug,2026
5523,210112,S15,7,2,cvaeaug,2026
5524,210176,S15,7,2,cvaeaug,2026
5525,210240,S15,7,7,cvaeaug,2026
5526,210304,S15,7,2,cvaeaug,2026
5527,210368,S15,7,2,cvaeaug,2026
5528,210432,S15,7,2,cvaeaug,2026
5529,210496,S15,7,5,cvaeaug,2026
5530,210560,S15,7,7,cvaeaug,2026
5531,210624,S15,7,5,cvaeaug,2026
5532,210688,S15,7,2,cvaeaug,2026
5533,210752,S15,7,2,cvaeaug,2026
5534,210816,S15,7,5,cvaeaug,2026
5535,210880,S15,7,2,cvaeaug,2026
5536,210944,S15,7,5,cvaeaug,2026
5537,211008,S15,7,7,cvaeaug,2026
5538,211072,S15,7,2,cvaeaug,2026
5539,211136,S15,7,2,cvaeaug,2026
5540,211200,S15,7,2,cvaeaug,2026
5541,211264,S15,7,2,cvaeaug,2026
5542,211328,S15,7,2,cvaeaug,2026
5543,211392,S15,7,7,cvaeaug,2026
5544,211456,S15,7,0,cvaeaug,2026
5545,211520,S15,7,2,cvaeaug,2026
5546,211584,S15,7,4,cvaeaug,2026
5547,211648,S15,7,5,cvaeaug,2026
5548,211712,S15,7,7,cvaeaug,2026
5549,211776,S15,7,7,cvaeaug,2026
5550,211840,S15,7,1,cvaeaug,2026
5551,211904,S15,7,5,cvaeaug,2026
5552,211968,S15,7,5,cvaeaug,2026
5553,212032,S15,7,2,cvaeaug,2026
5554,212096,S15,7,2,cvaeaug,2026
5555,212160,S15,7,7,cvaeaug,2026
5556,212224,S15,7,2,cvaeaug,2026
5557,212288,S15,7,2,cvaeaug,2026
5558,212352,S15,7,4,cvaeaug,2026
5559,212416,S15,7,5,cvaeaug,2026
5560,212480,S15,7,7,cvaeaug,2026
5561,212544,S15,7,2,cvaeaug,2026
5562,212608,S15,7,5,cvaeaug,2026
5563,212672,S15,7,5,cvaeaug,2026
5564,212736,S15,7,2,cvaeaug,2026
5565,212800,S15,7,2,cvaeaug,2026
5566,212864,S15,7,7,cvaeaug,2026
5567,212928,S15,7,5,cvaeaug,2026
5568,212992,S15,7,2,cvaeaug,2026
5569,213056,S15,7,2,cvaeaug,2026
5570,213120,S15,7,2,cvaeaug,2026
5571,213184,S15,7,2,cvaeaug,2026
5572,213248,S15,7,2,cvaeaug,2026
5573,213312,S15,7,1,cvaeaug,2026
5574,213376,S15,7,7,cvaeaug,2026
5575,213440,S15,7,2,cvaeaug,2026
5576,213504,S15,7,2,cvaeaug,2026
5577,213568,S15,7,5,cvaeaug,2026
5578,213632,S15,7,2,cvaeaug,2026
5579,213696,S15,7,5,cvaeaug,2026
5580,213760,S15,7,7,cvaeaug,2026
5581,213824,S15,7,2,cvaeaug,2026
5582,213888,S15,7,2,cvaeaug,2026
5583,213952,S15,7,7,cvaeaug,2026
5584,214016,S15,7,5,cvaeaug,2026
5585,214080,S15,7,7,cvaeaug,2026
5586,214144,S15,7,2,cvaeaug,2026
5587,214208,S15,7,0,cvaeaug,2026
5588,214272,S15,7,4,cvaeaug,2026
5589,214336,S15,7,7,cvaeaug,2026
5590,214400,S15,7,5,cvaeaug,2026
5591,214464,S15,7,7,cvaeaug,2026
5592,214528,S15,7,2,cvaeaug,2026
5593,214592,S15,7,2,cvaeaug,2026
5594,214656,S15,7,5,cvaeaug,2026
5595,214720,S15,7,0,cvaeaug,2026
5596,214784,S15,7,7,cvaeaug,2026
5597,214848,S15,7,2,cvaeaug,2026
5598,214912,S15,7,7,cvaeaug,2026
5599,214976,S15,7,5,cvaeaug,2026
5600,215040,S15,7,2,cvaeaug,2026
5601,215104,S15,7,2,cvaeaug,2026
5602,215168,S15,7,2,cvaeaug,2026
5603,215232,S15,7,7,cvaeaug,2026
5604,215296,S15,7,2,cvaeaug,2026
5605,215360,S15,7,5,cvaeaug,2026
5606,215424,S15,7,0,cvaeaug,2026
5607,215488,S15,7,2,cvaeaug,2026
5608,215552,S15,7,2,cvaeaug,2026
5609,215616,S15,7,5,cvaeaug,2026
5610,215680,S15,7,1,cvaeaug,2026
5611,215744,S15,7,7,cvaeaug,2026
5612,215808,S15,7,5,cvaeaug,2026
5613,215872,S15,7,2,cvaeaug,2026
5614,215936,S15,7,7,cvaeaug,2026
5615,216000,S15,7,7,cvaeaug,2026
5616,216064,S15,7,2,cvaeaug,2026
5617,216128,S15,7,5,cvaeaug,2026
5618,216192,S15,7,1,cvaeaug,2026
5619,216256,S15,7,2,cvaeaug,2026
5620,216320,S15,7,7,cvaeaug,2026
5621,216384,S15,7,0,cvaeaug,2026
5622,216448,S15,7,5,cvaeaug,2026
5623,216512,S15,7,7,cvaeaug,2026
5624,216576,S15,7,2,cvaeaug,2026
5625,216640,S15,7,7,cvaeaug,2026
5626,216704,S15,7,2,cvaeaug,2026
5627,216768,S15,7,5,cvaeaug,2026
5628,216832,S15,7,4,cvaeaug,2026
5629,216896,S15,7,7,cvaeaug,2026
5630,216960,S15,7,7,cvaeaug,2026
5631,217024,S15,7,5,cvaeaug,2026
5632,217088,S15,7,2,cvaeaug,2026
5633,217152,S15,7,2,cvaeaug,2026
5634,217216,S15,7,5,cvaeaug,2026
5635,217280,S15,7,5,cvaeaug,2026
5636,217344,S15,7,2,cvaeaug,2026
5637,217408,S15,7,2,cvaeaug,2026
5638,217472,S15,7,2,cvaeaug,2026
5639,217536,S15,7,7,cvaeaug,2026
5640,217600,S15,7,2,cvaeaug,2026
5641,217664,S15,7,7,cvaeaug,2026
5642,217728,S15,7,7,cvaeaug,2026
5643,217792,S15,7,2,cvaeaug,2026
5644,217856,S15,7,5,cvaeaug,2026
5645,217920,S15,7,2,cvaeaug,2026
5646,217984,S15,7,5,cvaeaug,2026
5647,218048,S15,7,2,cvaeaug,2026
5648,218112,S15,7,2,cvaeaug,2026
5649,218176,S15,7,5,cvaeaug,2026
5650,218240,S15,7,2,cvaeaug,2026
5651,218304,S15,7,2,cvaeaug,2026
5652,218368,S15,7,7,cvaeaug,2026
5653,218432,S15,7,7,cvaeaug,2026
5654,218496,S15,7,2,cvaeaug,2026
5655,218560,S15,7,7,cvaeaug,2026
5656,218624,S15,7,2,cvaeaug,2026
5657,218688,S15,7,2,cvaeaug,2026
5658,218752,S15,7,5,cvaeaug,2026
5659,218816,S15,7,5,cvaeaug,2026
5660,218880,S15,7,5,cvaeaug,2026
5661,218944,S15,7,5,cvaeaug,2026
5662,219008,S15,7,5,cvaeaug,2026
5663,219072,S15,7,5,cvaeaug,2026
5664,219136,S15,7,2,cvaeaug,2026
5665,219200,S15,7,4,cvaeaug,2026
5666,219264,S15,7,4,cvaeaug,2026
5667,219328,S15,7,7,cvaeaug,2026
5668,219392,S15,7,2,cvaeaug,2026
5669,219456,S15,7,0,cvaeaug,2026
5670,219520,S15,7,7,cvaeaug,2026
5671,219584,S15,7,2,cvaeaug,2026
5672,219648,S15,7,7,cvaeaug,2026
5673,219712,S15,7,2,cvaeaug,2026
5674,219776,S15,7,2,cvaeaug,2026
5675,219840,S15,7,7,cvaeaug,2026
5676,219904,S15,7,0,cvaeaug,2026
5677,219968,S15,7,2,cvaeaug,2026
5678,220032,S15,7,5,cvaeaug,2026
5679,220096,S15,7,2,cvaeaug,2026
5680,220160,S15,7,5,cvaeaug,2026
5681,220224,S15,7,7,cvaeaug,2026
5682,220288,S15,7,2,cvaeaug,2026
5683,220352,S15,7,2,cvaeaug,2026
5684,220416,S15,7,5,cvaeaug,2026
5685,220480,S15,7,2,cvaeaug,2026
5686,220544,S15,7,2,cvaeaug,2026
5687,220608,S15,7,0,cvaeaug,2026
5688,220672,S15,7,2,cvaeaug,2026
5689,220736,S15,7,2,cvaeaug,2026
5690,220800,S15,7,5,cvaeaug,2026
5691,220864,S15,7,2,cvaeaug,2026
5692,220928,S15,7,5,cvaeaug,2026
5693,220992,S15,7,0,cvaeaug,2026
5694,221056,S15,7,2,cvaeaug,2026
5695,221120,S15,7,2,cvaeaug,2026
5696,221184,S15,7,7,cvaeaug,2026
5697,221248,S15,7,2,cvaeaug,2026
5698,221312,S15,7,7,cvaeaug,2026
5699,221376,S15,7,2,cvaeaug,2026
5700,221440,S15,7,5,cvaeaug,2026
5701,221504,S15,7,5,cvaeaug,2026
5702,221568,S15,7,0,cvaeaug,2026
5703,221632,S15,7,2,cvaeaug,2026
5704,221696,S15,7,2,cvaeaug,2026
5705,221760,S15,7,4,cvaeaug,2026
5706,221824,S15,7,2,cvaeaug,2026
5707,221888,S15,7,7,cvaeaug,2026
5708,221952,S15,7,7,cvaeaug,2026
5709,222016,S15,7,5,cvaeaug,2026
5710,222080,S15,7,5,cvaeaug,2026
5711,222144,S15,7,5,cvaeaug,2026
5712,222208,S15,7,7,cvaeaug,2026
5713,222272,S15,7,0,cvaeaug,2026
5714,222336,S15,7,2,cvaeaug,2026
5715,222400,S15,7,7,cvaeaug,2026
5716,222464,S15,7,2,cvaeaug,2026
5717,222528,S15,7,2,cvaeaug,2026
5718,222592,S15,7,2,cvaeaug,2026
5719,222656,S15,7,2,cvaeaug,2026
5720,222720,S15,7,2,cvaeaug,2026
5721,222784,S15,7,7,cvaeaug,2026
5722,222848,S15,7,5,cvaeaug,2026
5723,222912,S15,7,5,cvaeaug,2026
5724,222976,S15,7,4,cvaeaug,2026
5725,223040,S15,7,2,cvaeaug,2026
5726,223104,S15,7,5,cvaeaug,2026
5727,223168,S15,7,5,cvaeaug,2026
5728,223232,S15,7,7,cvaeaug,2026
5729,223296,S15,7,2,cvaeaug,2026
5730,223360,S15,7,2,cvaeaug,2026
5731,223424,S15,7,2,cvaeaug,2026
5732,223488,S15,7,7,cvaeaug,2026
5733,223552,S15,7,7,cvaeaug,2026
5734,223616,S15,7,7,cvaeaug,2026
5735,223680,S15,7,2,cvaeaug,2026
5736,223744,S15,7,5,cvaeaug,2026
5737,223808,S15,7,5,cvaeaug,2026
5738,223872,S15,7,2,cvaeaug,2026
5739,223936,S15,7,5,cvaeaug,2026
5740,224000,S15,7,2,cvaeaug,2026
5741,224064,S15,7,5,cvaeaug,2026
5742,224128,S15,7,2,cvaeaug,2026
5743,224192,S15,7,2,cvaeaug,2026
5744,224256,S15,7,2,cvaeaug,2026
5745,224320,S15,7,2,cvaeaug,2026
5746,224384,S15,7,5,cvaeaug,2026
5747,224448,S15,7,2,cvaeaug,2026
5748,224512,S15,7,5,cvaeaug,2026
5749,224576,S15,7,5,cvaeaug,2026
5750,224640,S15,7,7,cvaeaug,2026
5751,224704,S15,7,7,cvaeaug,2026
5752,224768,S15,7,2,cvaeaug,2026
5753,224832,S15,7,2,cvaeaug,2026
5754,224896,S15,7,2,cvaeaug,2026
5755,224960,S15,7,7,cvaeaug,2026
5756,225024,S15,7,2,cvaeaug,2026
5757,225088,S15,7,2,cvaeaug,2026
5758,225152,S15,7,2,cvaeaug,2026
5759,225216,S15,7,4,cvaeaug,2026
5760,225280,S15,7,7,cvaeaug,2026
5761,225344,S15,7,7,cvaeaug,2026
5762,225408,S15,7,2,cvaeaug,2026
5763,225472,S15,7,5,cvaeaug,2026
5764,225536,S15,7,7,cvaeaug,2026
5765,225600,S15,7,7,cvaeaug,2026
5766,225664,S15,7,0,cvaeaug,2026
5767,225728,S15,7,7,cvaeaug,2026
5768,225792,S15,7,2,cvaeaug,2026
5769,225856,S15,7,7,cvaeaug,2026
5770,225920,S15,7,2,cvaeaug,2026
5771,225984,S15,7,7,cvaeaug,2026
5772,226048,S15,7,2,cvaeaug,2026
5773,226112,S15,7,7,cvaeaug,2026
5774,226176,S15,7,2,cvaeaug,2026
5775,226240,S15,7,2,cvaeaug,2026
5776,226304,S15,7,5,cvaeaug,2026
5777,226368,S15,7,2,cvaeaug,2026
5778,226432,S15,7,2,cvaeaug,2026
5779,226496,S15,7,5,cvaeaug,2026
5780,226560,S15,7,2,cvaeaug,2026
5781,226624,S15,7,2,cvaeaug,2026
5782,226688,S15,7,4,cvaeaug,2026
5783,226752,S15,7,5,cvaeaug,2026
5784,226816,S15,7,2,cvaeaug,2026
5785,226880,S15,7,5,cvaeaug,2026
5786,226944,S15,7,7,cvaeaug,2026
5787,227008,S15,7,7,cvaeaug,2026
5788,227072,S15,7,5,cvaeaug,2026
5789,227136,S15,7,7,cvaeaug,2026
5790,227200,S15,7,2,cvaeaug,2026
5791,227264,S15,7,2,cvaeaug,2026
5792,227328,S15,7,2,cvaeaug,2026
5793,227392,S15,7,5,cvaeaug,2026
5794,227456,S15,7,7,cvaeaug,2026
5795,227520,S15,7,5,cvaeaug,2026
5796,227584,S15,7,2,cvaeaug,2026
5797,227648,S15,7,2,cvaeaug,2026
5798,227712,S15,7,2,cvaeaug,2026
5799,227776,S15,7,2,cvaeaug,2026
5800,227840,S15,7,2,cvaeaug,2026
5801,227904,S15,7,5,cvaeaug,2026
5802,227968,S15,7,2,cvaeaug,2026
5803,228032,S15,7,7,cvaeaug,2026
5804,228096,S15,7,2,cvaeaug,2026
5805,228160,S15,7,2,cvaeaug,2026
5806,228224,S15,7,7,cvaeaug,2026
5807,228288,S15,7,2,cvaeaug,2026
5808,228352,S15,7,2,cvaeaug,2026
5809,228416,S15,7,2,cvaeaug,2026
5810,228480,S15,7,2,cvaeaug,2026
5811,228544,S15,7,7,cvaeaug,2026
5812,228608,S15,7,7,cvaeaug,2026
5813,228672,S15,7,2,cvaeaug,2026
5814,228736,S15,7,2,cvaeaug,2026
5815,228800,S15,7,2,cvaeaug,2026
5816,228864,S15,7,2,cvaeaug,2026
5817,228928,S15,7,2,cvaeaug,2026
5818,228992,S15,7,7,cvaeaug,2026
5819,229056,S15,7,5,cvaeaug,2026
5820,229120,S15,7,2,cvaeaug,2026
5821,229184,S15,7,7,cvaeaug,2026
5822,229248,S15,7,5,cvaeaug,2026
5823,229312,S15,7,5,cvaeaug,2026
5824,229376,S15,7,7,cvaeaug,2026
5825,229440,S15,7,5,cvaeaug,2026
5826,229504,S15,7,2,cvaeaug,2026
5827,229568,S15,7,7,cvaeaug,2026
5828,229632,S15,7,2,cvaeaug,2026
5829,229696,S15,7,7,cvaeaug,2026
5830,229760,S15,7,0,cvaeaug,2026
5831,229824,S15,7,2,cvaeaug,2026
5832,229888,S15,7,2,cvaeaug,2026
5833,229952,S15,7,5,cvaeaug,2026
5834,230016,S15,7,5,cvaeaug,2026
5835,230080,S15,7,2,cvaeaug,2026
5836,230144,S15,7,5,cvaeaug,2026
5837,230208,S15,7,2,cvaeaug,2026
5838,230272,S15,7,2,cvaeaug,2026
5839,230336,S15,7,2,cvaeaug,2026
5840,230400,S15,7,2,cvaeaug,2026
5841,230464,S15,7,2,cvaeaug,2026
5842,230528,S15,7,0,cvaeaug,2026
5843,230592,S15,7,5,cvaeaug,2026
5844,230656,S15,7,2,cvaeaug,2026
5845,230720,S15,7,5,cvaeaug,2026
5846,230784,S15,7,2,cvaeaug,2026
5847,230848,S15,7,2,cvaeaug,2026
5848,230912,S15,7,2,cvaeaug,2026
5849,230976,S15,7,2,cvaeaug,2026
5850,231040,S15,7,2,cvaeaug,2026
5851,231104,S15,7,2,cvaeaug,2026
5852,231168,S15,7,2,cvaeaug,2026
5853,231232,S15,7,2,cvaeaug,2026
5854,231296,S15,7,2,cvaeaug,2026
5855,231360,S15,7,5,cvaeaug,2026
5856,231424,S15,7,7,cvaeaug,2026
5857,231488,S15,7,5,cvaeaug,2026
5858,231552,S15,7,7,cvaeaug,2026
5859,231616,S15,7,2,cvaeaug,2026
5860,231680,S15,7,2,cvaeaug,2026
5861,231744,S15,7,5,cvaeaug,2026
5862,231808,S15,7,5,cvaeaug,2026
5863,231872,S15,7,5,cvaeaug,2026
5864,231936,S15,7,2,cvaeaug,2026
5865,232000,S15,7,5,cvaeaug,2026
5866,232064,S15,7,2,cvaeaug,2026
5867,232128,S15,7,4,cvaeaug,2026
5868,232192,S15,7,5,cvaeaug,2026
5869,232256,S15,7,2,cvaeaug,2026
5870,232320,S15,7,5,cvaeaug,2026
5871,232384,S15,7,7,cvaeaug,2026
5872,232448,S15,7,2,cvaeaug,2026
5873,232512,S15,7,2,cvaeaug,2026
5874,232576,S15,7,2,cvaeaug,2026
5875,232640,S15,7,2,cvaeaug,2026
5876,232704,S15,7,2,cvaeaug,2026
5877,232768,S15,7,0,cvaeaug,2026
5878,232832,S15,7,2,cvaeaug,2026
5879,232896,S15,7,2,cvaeaug,2026
5880,232960,S15,7,7,cvaeaug,2026
5881,233024,S15,7,4,cvaeaug,2026
5882,233088,S15,7,5,cvaeaug,2026
5883,233152,S15,7,2,cvaeaug,2026
5884,233216,S15,7,2,cvaeaug,2026
5885,233280,S15,7,4,cvaeaug,2026
5886,233344,S15,7,2,cvaeaug,2026
5887,233408,S15,7,7,cvaeaug,2026
5888,233472,S15,7,2,cvaeaug,2026
5889,233536,S15,7,2,cvaeaug,2026
5890,233600,S15,7,5,cvaeaug,2026
5891,233664,S15,7,2,cvaeaug,2026
5892,233728,S15,7,2,cvaeaug,2026
5893,233792,S15,7,5,cvaeaug,2026
5894,233856,S15,7,2,cvaeaug,2026
5895,233920,S15,7,2,cvaeaug,2026
5896,233984,S15,7,4,cvaeaug,2026
5897,234048,S15,7,2,cvaeaug,2026
5898,234112,S15,7,2,cvaeaug,2026
5899,234176,S15,7,5,cvaeaug,2026
5900,234240,S15,7,2,cvaeaug,2026
5901,234304,S15,7,5,cvaeaug,2026
5902,234368,S15,7,7,cvaeaug,2026
5903,234432,S15,7,5,cvaeaug,2026
5904,234496,S15,7,5,cvaeaug,2026
5905,234560,S15,7,2,cvaeaug,2026
5906,234624,S15,7,7,cvaeaug,2026
5907,234688,S15,7,2,cvaeaug,2026
5908,234752,S15,7,5,cvaeaug,2026
5909,234816,S15,7,5,cvaeaug,2026
5910,234880,S15,7,2,cvaeaug,2026
5911,234944,S15,7,5,cvaeaug,2026
5912,235008,S15,7,2,cvaeaug,2026
5913,235072,S15,7,0,cvaeaug,2026
5914,235136,S15,7,2,cvaeaug,2026
5915,235200,S15,7,4,cvaeaug,2026
5916,235264,S15,7,2,cvaeaug,2026
5917,235328,S15,7,2,cvaeaug,2026
5918,235392,S15,7,2,cvaeaug,2026
5919,235456,S15,7,5,cvaeaug,2026
5920,235520,S15,7,2,cvaeaug,2026
5921,235584,S15,7,7,cvaeaug,2026
5922,235648,S15,7,5,cvaeaug,2026
5923,235712,S15,7,7,cvaeaug,2026
5924,235776,S15,7,5,cvaeaug,2026
5925,235840,S15,7,2,cvaeaug,2026
5926,235904,S15,7,0,cvaeaug,2026
5927,235968,S15,7,7,cvaeaug,2026
5928,236032,S15,7,5,cvaeaug,2026
5929,236096,S15,7,2,cvaeaug,2026
5930,236160,S15,7,2,cvaeaug,2026
5931,236224,S15,7,4,cvaeaug,2026
5932,236288,S15,7,2,cvaeaug,2026
5933,236352,S15,7,5,cvaeaug,2026
5934,236416,S15,7,5,cvaeaug,2026
5935,236480,S15,7,2,cvaeaug,2026
5936,236544,S15,7,0,cvaeaug,2026
5937,236608,S15,7,2,cvaeaug,2026
5938,236672,S15,7,5,cvaeaug,2026
5939,236736,S15,7,2,cvaeaug,2026
5940,236800,S15,7,2,cvaeaug,2026
5941,236864,S15,7,2,cvaeaug,2026
5942,236928,S15,7,0,cvaeaug,2026
5943,236992,S15,7,5,cvaeaug,2026
5944,237056,S15,7,7,cvaeaug,2026
5945,237120,S15,7,2,cvaeaug,2026
5946,237184,S15,7,7,cvaeaug,2026
5947,237248,S15,7,5,cvaeaug,2026
5948,237312,S15,7,7,cvaeaug,2026
5949,237376,S15,7,5,cvaeaug,2026
5950,237440,S15,7,1,cvaeaug,2026
5951,237504,S15,7,2,cvaeaug,2026
5952,237568,S15,7,2,cvaeaug,2026
5953,237632,S15,7,4,cvaeaug,2026
5954,237696,S15,7,2,cvaeaug,2026
5955,237760,S15,7,2,cvaeaug,2026
5956,237824,S15,7,2,cvaeaug,2026
5957,237888,S15,7,2,cvaeaug,2026
5958,237952,S15,7,2,cvaeaug,2026
5959,238016,S15,7,2,cvaeaug,2026
5960,238080,S15,7,2,cvaeaug,2026
5961,238144,S15,7,2,cvaeaug,2026
5962,238208,S15,7,7,cvaeaug,2026
5963,238272,S15,7,2,cvaeaug,2026
5964,238336,S15,7,7,cvaeaug,2026
5965,238400,S15,7,0,cvaeaug,2026
5966,238464,S15,7,2,cvaeaug,2026
5967,238528,S15,7,2,cvaeaug,2026
5968,238592,S15,7,5,cvaeaug,2026
5969,238656,S15,7,7,cvaeaug,2026
5970,238720,S15,7,2,cvaeaug,2026
5971,238784,S15,7,1,cvaeaug,2026
5972,238848,S15,7,2,cvaeaug,2026
5973,238912,S15,7,2,cvaeaug,2026
5974,238976,S15,7,5,cvaeaug,2026
5975,239040,S15,7,4,cvaeaug,2026
5976,239104,S15,7,5,cvaeaug,2026
5977,239168,S15,7,5,cvaeaug,2026
5978,239232,S15,7,2,cvaeaug,2026
5979,239296,S15,7,5,cvaeaug,2026
5980,239360,S15,7,2,cvaeaug,2026
5981,239424,S15,7,2,cvaeaug,2026
5982,239488,S15,7,5,cvaeaug,2026
5983,239552,S15,7,7,cvaeaug,2026
5984,239616,S15,7,5,cvaeaug,2026
5985,239680,S15,7,7,cvaeaug,2026
5986,239744,S15,7,2,cvaeaug,2026
5987,239808,S15,7,7,cvaeaug,2026
5988,239872,S15,7,5,cvaeaug,2026
5989,239936,S15,7,7,cvaeaug,2026
5990,240000,S15,7,5,cvaeaug,2026
5991,240064,S15,7,5,cvaeaug,2026
5992,240128,S15,7,5,cvaeaug,2026
5993,240192,S15,7,1,cvaeaug,2026
5994,240256,S15,7,2,cvaeaug,2026
5995,240320,S15,7,5,cvaeaug,2026
5996,240384,S15,7,2,cvaeaug,2026
5997,240448,S15,7,2,cvaeaug,2026
5998,240512,S15,7,5,cvaeaug,2026
5999,240576,S15,7,2,cvaeaug,2026
6000,240640,S15,7,7,cvaeaug,2026
6001,240704,S15,7,2,cvaeaug,2026
6002,240768,S15,7,2,cvaeaug,2026
6003,240832,S15,7,5,cvaeaug,2026
6004,240896,S15,7,7,cvaeaug,2026
6005,240960,S15,7,7,cvaeaug,2026
6006,241024,S15,7,2,cvaeaug,2026
6007,241088,S15,7,5,cvaeaug,2026
6008,241152,S15,7,2,cvaeaug,2026
6009,241216,S15,7,5,cvaeaug,2026
6010,241280,S15,7,4,cvaeaug,2026
6011,241344,S15,7,7,cvaeaug,2026
6012,241408,S15,7,0,cvaeaug,2026
6013,241472,S15,7,2,cvaeaug,2026
6014,241536,S15,7,2,cvaeaug,2026
6015,241600,S15,7,2,cvaeaug,2026
6016,241664,S15,7,0,cvaeaug,2026
6017,241728,S15,7,4,cvaeaug,2026
6018,241792,S15,7,5,cvaeaug,2026
6019,241856,S15,7,2,cvaeaug,2026
6020,241920,S15,7,2,cvaeaug,2026
6021,241984,S15,7,0,cvaeaug,2026
6022,242048,S15,7,7,cvaeaug,2026
6023,242112,S15,7,0,cvaeaug,2026
6024,242176,S15,7,5,cvaeaug,2026
6025,242240,S15,7,2,cvaeaug,2026
6026,242304,S15,7,2,cvaeaug,2026
6027,242368,S15,7,2,cvaeaug,2026
6028,242432,S15,7,2,cvaeaug,2026
6029,242496,S15,7,7,cvaeaug,2026
6030,242560,S15,7,7,cvaeaug,2026
6031,242624,S15,7,2,cvaeaug,2026
6032,242688,S15,7,7,cvaeaug,2026
6033,242752,S15,7,1,cvaeaug,2026
6034,242816,S15,7,2,cvaeaug,2026
6035,242880,S15,7,2,cvaeaug,2026
6036,242944,S15,7,2,cvaeaug,2026
6037,243008,S15,7,2,cvaeaug,2026
6038,243072,S15,7,5,cvaeaug,2026
6039,243136,S15,7,2,cvaeaug,2026
6040,243200,S15,7,2,cvaeaug,2026
6041,243264,S15,7,5,cvaeaug,2026
6042,243328,S15,7,5,cvaeaug,2026
6043,243392,S15,7,7,cvaeaug,2026
6044,243456,S15,7,2,cvaeaug,2026
6045,243520,S15,7,7,cvaeaug,2026
6046,243584,S15,7,7,cvaeaug,2026
6047,243648,S15,7,2,cvaeaug,2026
6048,243712,S15,7,2,cvaeaug,2026
6049,243776,S15,7,2,cvaeaug,2026
6050,243840,S15,7,2,cvaeaug,2026
6051,243904,S15,7,2,cvaeaug,2026
6052,243968,S15,7,7,cvaeaug,2026
6053,244032,S15,7,4,cvaeaug,2026
6054,244096,S15,7,7,cvaeaug,2026
6055,244160,S15,7,2,cvaeaug,2026
6056,244224,S15,7,2,cvaeaug,2026
6057,244288,S15,7,0,cvaeaug,2026
6058,244352,S15,7,5,cvaeaug,2026
6059,244416,S15,7,2,cvaeaug,2026
6060,244480,S15,7,2,cvaeaug,2026
6061,244544,S15,7,5,cvaeaug,2026
6062,244608,S15,7,2,cvaeaug,2026
6063,244672,S15,7,4,cvaeaug,2026
6064,244736,S15,7,4,cvaeaug,2026
6065,244800,S15,7,7,cvaeaug,2026
6066,244864,S15,7,7,cvaeaug,2026
6067,244928,S15,7,2,cvaeaug,2026
6068,244992,S15,7,2,cvaeaug,2026
6069,245056,S15,7,2,cvaeaug,2026
6070,245120,S15,7,7,cvaeaug,2026
6071,245184,S15,7,5,cvaeaug,2026
6072,245248,S15,7,5,cvaeaug,2026
6073,245312,S15,7,2,cvaeaug,2026
6074,245376,S15,7,5,cvaeaug,2026
6075,245440,S15,7,5,cvaeaug,2026
6076,245504,S15,7,4,cvaeaug,2026
6077,245568,S15,7,2,cvaeaug,2026
6078,245632,S15,7,5,cvaeaug,2026
6079,245696,S15,7,7,cvaeaug,2026
6080,245760,S15,7,2,cvaeaug,2026
6081,245824,S15,7,2,cvaeaug,2026
6082,245888,S15,7,7,cvaeaug,2026
6083,245952,S15,7,4,cvaeaug,2026
6084,246016,S15,7,7,cvaeaug,2026
6085,246080,S15,7,2,cvaeaug,2026
6086,246144,S15,7,2,cvaeaug,2026
6087,246208,S15,7,2,cvaeaug,2026
6088,246272,S15,7,5,cvaeaug,2026
6089,246336,S15,7,2,cvaeaug,2026
6090,246400,S15,7,2,cvaeaug,2026
6091,246464,S15,7,2,cvaeaug,2026
6092,246528,S15,7,2,cvaeaug,2026
6093,246592,S15,7,2,cvaeaug,2026
6094,246656,S15,7,7,cvaeaug,2026
6095,246720,S15,7,2,cvaeaug,2026
6096,246784,S15,7,5,cvaeaug,2026
6097,246848,S15,7,2,cvaeaug,2026
6098,246912,S15,7,5,cvaeaug,2026
6099,246976,S15,7,7,cvaeaug,2026
6100,247040,S15,7,2,cvaeaug,2026
6101,247104,S15,7,2,cvaeaug,2026
6102,247168,S15,7,5,cvaeaug,2026
6103,247232,S15,7,2,cvaeaug,2026
6104,247296,S15,7,2,cvaeaug,2026
6105,247360,S15,7,7,cvaeaug,2026
6106,247424,S15,7,2,cvaeaug,2026
6107,247488,S15,7,2,cvaeaug,2026
6108,247552,S15,7,2,cvaeaug,2026
6109,247616,S15,7,5,cvaeaug,2026
